global_step,epoch,step,batch_mae_seconds,running_mae_seconds,lr,grad_norm,groups_per_second,gpu_peak_GiB
1,1,1,1.0286860466003418,1.0286860466003418,0.0002,1.3594547510147095,50.51431422328261,11.075227737426758
20,1,20,0.6878960728645325,0.7630447725766013,0.0002,0.5304305553436279,655.7899268932447,11.114494800567627
40,1,40,0.7306016683578491,0.7250412734630144,0.0002,0.2956829369068146,1196.0910800896831,11.115636825561523
60,1,60,0.6820631623268127,0.7168533946615674,0.0002,0.16171392798423767,1651.4421167510836,11.115636825561523
80,1,80,0.6909376978874207,0.7062568643513442,0.0002,0.20593135058879852,2039.0935389496267,11.115636825561523
100,1,100,0.7117952108383179,0.6993339718581505,0.0002,0.6294531226158142,2375.374710317052,11.115636825561523
120,1,120,0.6874995231628418,0.6957828781467885,0.0002,0.44166821241378784,2664.8642651974524,11.115732192993164
140,1,140,0.6605372428894043,0.6907578570475276,0.0002,0.3005213439464569,2918.6444595745656,11.115732192993164
160,1,160,0.6637697815895081,0.6868639281885848,0.0002,0.4240942597389221,3146.8752370443126,11.116018772125244
180,1,180,0.6793816685676575,0.6836055798870603,0.0002,0.1714659035205841,3350.187042154208,11.11614990234375
200,1,200,0.6408292651176453,0.6824321275682919,0.0002,0.4250301420688629,3532.400271056879,11.11614990234375
220,1,220,0.7010046243667603,0.6811988777713687,0.0002,0.6071559190750122,3697.3453040921454,11.11614990234375
240,1,240,0.6613945960998535,0.6794396782692544,0.0002,0.5084659457206726,3844.031481368265,11.11614990234375
260,1,260,0.6234541535377502,0.6780175914896108,0.0002,0.21416130661964417,3980.6975069075015,11.11614990234375
280,1,280,0.7101761102676392,0.6774586814717156,0.0002,0.18762749433517456,4102.997621520578,11.11614990234375
300,1,300,0.6473573446273804,0.6767512294471508,0.0002,0.1269065886735916,4218.196289000047,11.11614990234375
320,1,320,0.6094481945037842,0.6763075620652241,0.0002,0.3020997643470764,4325.521932399374,11.118605613708496
340,1,340,0.7159032225608826,0.6746301684688928,0.0002,0.39856258034706116,4423.603093986935,11.118605613708496
360,1,360,0.7041609883308411,0.6739052606104063,0.0002,0.26696842908859253,4513.427022129106,11.118605613708496
380,1,380,0.6739414930343628,0.6730104853443146,0.0002,0.2724494934082031,4332.558857049237,11.118605613708496
400,1,400,0.6526692509651184,0.6729965096241367,0.0002,0.3101203143596649,4302.261233673164,11.118605613708496
420,1,420,0.6493106484413147,0.6734877170295646,0.0002,0.33723869919776917,4141.443569467329,11.118605613708496
440,1,440,0.6212444305419922,0.673496003568439,0.0002,0.3652064800262451,4143.068505626147,11.118605613708496
460,1,460,0.6525429487228394,0.6727325006527215,0.0002,0.3147139549255371,4216.9917743817505,11.118605613708496
480,1,480,0.7055945992469788,0.6720002715045861,0.0002,0.3823709189891815,4286.625802817285,11.118605613708496
500,1,500,0.6278563737869263,0.6716951560742297,0.0002,0.2083013504743576,4354.091874956582,11.118605613708496
520,1,520,0.6910414695739746,0.6712932909474859,0.0002,0.19361844658851624,4418.002489180551,11.118605613708496
540,1,540,0.6887343525886536,0.6706115817822209,0.0002,0.24340572953224182,4475.556799953209,11.118605613708496
560,1,560,0.614513099193573,0.6703153975402432,0.0002,0.21033412218093872,4533.016721190403,11.119592666625977
580,1,580,0.6821604371070862,0.6704183287736736,0.0002,0.425078421831131,4588.320434024115,11.119592666625977
600,1,600,0.6762204170227051,0.6700445595351465,0.0002,0.1808929741382599,4641.16848187813,11.119592666625977
620,1,620,0.5934897661209106,0.6693042307389654,0.0002,0.3788312077522278,4692.561360444241,11.119592666625977
640,1,640,0.7049853801727295,0.6690275714451985,0.0002,0.5480268001556396,4740.897075217275,11.119592666625977
660,1,660,0.651283860206604,0.6688078977692127,0.0002,0.24525298178195953,4787.1323797754985,11.119592666625977
680,1,680,0.6578446626663208,0.6682844958248025,0.0002,0.20500512421131134,4830.226452308298,11.119592666625977
700,1,700,0.6074414849281311,0.6679357854988213,0.0002,0.3872291147708893,4873.787775494287,11.119592666625977
720,1,720,0.6510319113731384,0.6676851350550843,0.0002,0.5268301963806152,4914.84883705632,11.119592666625977
740,1,740,0.7190985679626465,0.6679074199625487,0.0002,0.5512933135032654,4954.825325364111,11.119592666625977
760,1,760,0.7142475843429565,0.6678968316151658,0.0002,0.2026394009590149,4993.025980985468,11.119592666625977
780,1,780,0.6195493936538696,0.6675339646631073,0.0002,0.1950366497039795,4982.164499697324,11.119592666625977
800,1,800,0.6732084155082703,0.6673253403473905,0.0002,0.1797187626361847,4904.866405050837,11.119592666625977
820,1,820,0.6769502758979797,0.6670939594786446,0.0002,0.26088860630989075,4795.137326426386,11.119592666625977
840,1,840,0.6441752314567566,0.6671247272612848,0.0002,0.17801357805728912,4663.888527377316,11.119592666625977
860,1,860,0.6855959296226501,0.6667660572160355,0.0002,0.331872820854187,4701.455619966083,11.119592666625977
880,1,880,0.659651517868042,0.6666743735508355,0.0002,0.4485611319541931,4736.4322417475605,11.119592666625977
900,1,900,0.7104958295822144,0.666778337116326,0.0002,0.3265793025493622,4771.118412067932,11.119592666625977
920,1,920,0.6600621342658997,0.6663988110870596,0.0002,0.20245850086212158,4804.27988934931,11.119592666625977
940,1,940,0.7233157157897949,0.666308760119613,0.0002,0.2503172755241394,4836.94152577771,11.119592666625977
960,1,960,0.6675918102264404,0.6656896160541516,0.0002,0.16096584498882294,4866.781810496489,11.119592666625977
980,1,980,0.6979665160179138,0.6655676720623758,0.0002,0.12106985598802567,4897.652382958036,11.119592666625977
1000,1,1000,0.6496028900146484,0.6650932339497323,0.0002,0.23786337673664093,4927.170289926141,11.119592666625977
1020,1,1020,0.6288414597511292,0.6650894064267554,0.0002,0.26549139618873596,4950.1928005653235,11.119592666625977
1040,1,1040,0.6369404196739197,0.6647888324591059,0.0002,0.2330521196126938,4978.067188503214,11.119592666625977
1060,1,1060,0.6715424656867981,0.664478538005591,0.0002,0.4471932351589203,5003.800405250726,11.119592666625977
1080,1,1080,0.6531616449356079,0.6641241917366005,0.0002,0.24233165383338928,5029.4255482106155,11.119592666625977
1100,1,1100,0.7826474905014038,0.663906390960166,0.0002,0.1798068732023239,5055.506985574392,11.119592666625977
1120,1,1120,0.6623592376708984,0.6637701018564974,0.0002,0.24752986431121826,5080.035873818148,11.119592666625977
1140,1,1140,0.6672670245170593,0.6636471353010245,0.0002,0.2954351305961609,5104.757518589012,11.119592666625977
1160,1,1160,0.6053656339645386,0.6636201578130013,0.0002,0.2931865155696869,5127.86448150838,11.119592666625977
1180,1,1180,0.6650882959365845,0.6639323372251904,0.0002,0.2363305240869522,5151.490254997947,11.119592666625977
1200,1,1200,0.6435384154319763,0.6637809216876165,0.0002,0.134027361869812,5087.190367399115,11.119592666625977
1220,1,1220,0.6923542022705078,0.6636044964225232,0.0002,0.23375912010669708,4987.713075442802,11.119592666625977
1240,1,1240,0.6885546445846558,0.663461616351172,0.0002,0.20458899438381195,4908.832789880036,11.119592666625977
1260,1,1260,0.6218178868293762,0.6631732944181679,0.0002,0.2887957990169525,4932.998697044123,11.119592666625977
1280,1,1280,0.7251591086387634,0.6628516549141402,0.0002,0.1898440271615982,4859.826544599504,11.119592666625977
1300,1,1300,0.6836593747138977,0.662669400617547,0.0002,0.3487878143787384,4883.312341935771,11.119592666625977
1320,1,1320,0.7027842998504639,0.662469503371383,0.0002,0.2148466557264328,4904.726657764685,11.119592666625977
1340,1,1340,0.7391738891601562,0.6623023791838404,0.0002,0.24207621812820435,4927.162793900453,11.119592666625977
1360,1,1360,0.6926591396331787,0.6621003831856381,0.0002,0.31762275099754333,4948.435564214787,11.119592666625977
1380,1,1380,0.6236900687217712,0.661767938907229,0.0002,0.16660799086093903,4969.883831987211,11.119592666625977
1400,1,1400,0.618135392665863,0.6615950970283995,0.0002,0.3225021958351135,4990.229913038005,11.119592666625977
1420,1,1420,0.6484557390213013,0.6612338219106315,0.0002,0.14320196211338043,5010.523546872965,11.119592666625977
1440,1,1440,0.6589738130569458,0.6610149429148061,0.0002,0.34975311160087585,5029.857648705055,11.119592666625977
1460,1,1460,0.5898922681808472,0.6606747724206546,0.0002,0.23124271631240845,5048.624057291557,11.119592666625977
1480,1,1480,0.6457982063293457,0.6604786138348118,0.0002,0.24419069290161133,5067.6140446140225,11.119592666625977
1500,1,1500,0.7299866676330566,0.6603487646629679,0.0002,0.46928974986076355,5086.133635225357,11.119592666625977
1520,1,1520,0.7050272226333618,0.6601886033152577,0.0002,0.1485608071088791,5104.282923158967,11.119592666625977
1540,1,1540,0.6476463079452515,0.6598541670750425,0.0002,0.23916707932949066,5122.095950138914,11.119592666625977
1560,1,1560,0.6297675967216492,0.6598713245959493,0.0002,0.1990741342306137,5139.809960741466,11.119592666625977
1580,1,1580,0.6560573577880859,0.6599363484439132,0.0002,0.2023538500070572,5074.805432081755,11.119592666625977
1600,1,1600,0.6206578612327576,0.6598774229578422,0.0002,0.31959620118141174,5091.665380932864,11.119592666625977
1620,1,1620,0.6631282567977905,0.6593744280008872,0.0002,0.1449088454246521,5036.0332150917975,11.119592666625977
1640,1,1640,0.6992862224578857,0.6592059990990815,0.0002,0.25342047214508057,4966.136423613465,11.119592666625977
1660,1,1660,0.6225588917732239,0.6591249414904772,0.0002,0.32020413875579834,4963.356687576565,11.119592666625977
1680,1,1680,0.6772749423980713,0.6589493897187819,0.0002,0.2601992189884186,4914.315469047933,11.119592666625977
1700,1,1700,0.6317986249923706,0.6588508666997936,0.0002,0.27675285935401917,4932.026097833097,11.119592666625977
1720,1,1720,0.5688050985336304,0.6586696246252451,0.0002,0.19597186148166656,4948.1911770860215,11.119592666625977
1740,1,1740,0.651093065738678,0.6587748749699306,0.0002,0.16744039952754974,4964.594235282893,11.119592666625977
1760,1,1760,0.6661977171897888,0.6588284920941068,0.0002,0.5185441970825195,4981.057811887332,11.119592666625977
1780,1,1780,0.6468214988708496,0.6588339978994159,0.0002,0.16905668377876282,4997.189548019105,11.119592666625977
1800,1,1800,0.66972815990448,0.6588054389488684,0.0002,0.15078260004520416,5012.787909724246,11.119592666625977
1820,1,1820,0.670289158821106,0.6587104093022859,0.0002,0.1837393045425415,5028.611043163828,11.119592666625977
1840,1,1840,0.6492526531219482,0.6585724814153002,0.0002,0.24967069923877716,5044.003464000716,11.119592666625977
1860,1,1860,0.6911934614181519,0.6585259170455398,0.0002,0.17345677316188812,5059.3067435168205,11.119592666625977
1880,1,1880,0.611225426197052,0.6584283486297534,0.0002,0.17048963904380798,5073.47936995257,11.119592666625977
1900,1,1900,0.6253716349601746,0.6582642003052336,0.0002,0.2896254360675812,5088.3271213256485,11.119592666625977
1920,1,1920,0.6606897115707397,0.6581298435875069,0.0002,0.3886411190032959,5102.769204798825,11.119592666625977
1940,1,1940,0.657413125038147,0.6581294359190898,0.0002,0.21203719079494476,5117.036944252843,11.119592666625977
1960,1,1960,0.6190937161445618,0.6580055147283418,0.0002,0.4933212399482727,5131.093823956821,11.119592666625977
1980,1,1980,0.6974644064903259,0.657882564734797,0.0002,0.27677276730537415,5073.261778964289,11.119592666625977
2000,1,2000,0.58625727891922,0.6577629341696809,0.0002,0.24851363897323608,5086.734851975306,11.119592666625977
2020,1,2020,0.6187496781349182,0.6576453417987828,0.0002,0.17079158127307892,5096.5938052610445,11.119592666625977
2040,1,2040,0.6448261737823486,0.6576188087681414,0.0002,0.2353818714618683,5046.754951810684,11.119592666625977
2060,1,2060,0.6018970012664795,0.6574992140886612,0.0002,0.22632631659507751,4999.940522466088,11.119592666625977
2080,1,2080,0.6955164074897766,0.6574212735622941,0.0002,0.15818850696086884,4947.559023409041,11.119592666625977
2100,1,2100,0.6124504804611206,0.6573371148424355,0.0002,0.2747220993041992,4961.570763746229,11.119592666625977
2120,1,2120,0.7109345197677612,0.6573033620345332,0.0002,0.15956559777259827,4974.775920717116,11.119592666625977
2140,1,2140,0.6521686911582947,0.6572090987988423,0.0002,0.16457241773605347,4988.081427965525,11.119592666625977
2160,1,2160,0.6509542465209961,0.6569669297217212,0.0002,0.22537697851657867,5001.231853985769,11.119592666625977
2180,1,2180,0.6717743277549744,0.6568773377215521,0.0002,0.2654080390930176,5014.188551606761,11.119592666625977
2200,1,2200,0.6596130132675171,0.6567656757668267,0.0002,0.25535282492637634,5026.954129873682,11.119592666625977
2220,1,2220,0.688942551612854,0.6567683247477514,0.0002,0.17623473703861237,5039.772454836063,11.119592666625977
2240,1,2240,0.6698384881019592,0.656782179836799,0.0002,0.12233178317546844,5051.642770402156,11.119592666625977
2260,1,2260,0.6239898800849915,0.6566799669599721,0.0002,0.34506112337112427,5064.209067015046,11.119592666625977
2280,1,2280,0.7258242964744568,0.6567074157510534,0.0002,0.27080103754997253,5076.30675525552,11.119592666625977
2300,1,2300,0.6222627758979797,0.6565649708225861,0.0002,0.22147896885871887,5088.597651511086,11.119592666625977
2320,1,2320,0.6009642481803894,0.6564334076946517,0.0002,0.2523937523365021,5100.659446043888,11.119592666625977
2340,1,2340,0.7016246914863586,0.6563696936142259,0.0002,0.3584551513195038,5112.353563935387,11.119592666625977
2360,1,2360,0.7174925208091736,0.6563654591746012,0.0002,0.3439687192440033,5124.0703417491795,11.119592666625977
2380,1,2380,0.6239409446716309,0.6563807278549832,0.0002,0.23957064747810364,5135.7317290516885,11.119592666625977
2400,1,2400,0.6454260349273682,0.6562856222446083,0.0002,0.21825367212295532,5146.627305767583,11.119592666625977
2420,1,2420,0.6343130469322205,0.6562184989687684,0.0002,0.2494708150625229,5105.936047161944,11.119592666625977
2440,1,2440,0.6753425002098083,0.6562236809016524,0.0002,0.15188638865947723,5059.681925811677,11.119592666625977
2460,1,2460,0.6583447456359863,0.6561748450280012,0.0002,0.13954567909240723,5017.321655538315,11.119592666625977
2480,1,2480,0.6908025741577148,0.6560348515362487,0.0002,0.22946499288082123,5028.912779624256,11.119592666625977
2500,1,2500,0.7055343985557556,0.6559786899721235,0.0002,0.2902868092060089,4987.3758164629235,11.119592666625977
2520,1,2520,0.6647204160690308,0.6558183723924768,0.0002,0.27674567699432373,4998.346975374054,11.119592666625977
2540,1,2540,0.6597964763641357,0.6556551043247155,0.0002,0.22477899491786957,5009.820220138381,11.119592666625977
2560,1,2560,0.6020617485046387,0.6555158351086429,0.0002,0.22030624747276306,5020.957293552237,11.119592666625977
2580,1,2580,0.5735169649124146,0.6552953760669453,0.0002,0.18011793494224548,5031.913815715716,11.119592666625977
2600,1,2600,0.6493365168571472,0.6551027406972355,0.0002,0.08698055893182755,5042.687072572985,11.119592666625977
2620,1,2620,0.6522889733314514,0.6550042381713186,0.0002,0.1674691140651703,5053.5022371259965,11.119592666625977
2640,1,2640,0.671603262424469,0.6549222353002547,0.0002,0.20243075489997864,5064.021557816074,11.119592666625977
2660,1,2660,0.6184903979301453,0.6546760759519762,0.0002,0.14549620449543,5074.22845669195,11.119592666625977
2680,1,2680,0.6404669880867004,0.654500789337342,0.0002,0.28057169914245605,5084.470414017199,11.119592666625977
2700,1,2700,0.5958795547485352,0.6543596295210949,0.0002,0.20509006083011627,5095.0109995525645,11.119592666625977
2720,1,2720,0.6069866418838501,0.6543138205870885,0.0002,0.23558185994625092,5105.127812836521,11.119592666625977
2740,1,2740,0.580977201461792,0.6542757034990093,0.0002,0.2866322100162506,5115.190656278089,11.119592666625977
2760,1,2760,0.6325646042823792,0.6541376758386341,0.0002,0.15204185247421265,5125.137783004364,11.119592666625977
2780,1,2780,0.673607349395752,0.6541109323342843,0.0002,0.2651110887527466,5135.104339855076,11.119592666625977
2800,1,2800,0.6704540848731995,0.6540316301433344,0.0002,0.2980591356754303,5127.43908539366,11.119592666625977
2820,1,2820,0.6209945678710938,0.6539464655269629,0.0002,0.26939934492111206,5089.5827682439785,11.119592666625977
2840,1,2840,0.6326377987861633,0.6539173572674952,0.0002,0.19941456615924835,5099.7582549866,11.119592666625977
2860,1,2860,0.6697623133659363,0.6537865942492005,0.0002,0.20658235251903534,5060.673347361958,11.119592666625977
2880,1,2880,0.6481162309646606,0.6538523121509957,0.0002,0.2430247813463211,5035.325597113647,11.119592666625977
2900,1,2900,0.6327462196350098,0.6537778822838919,0.0002,0.17097289860248566,5000.651974880982,11.119592666625977
2920,1,2920,0.6847364902496338,0.6537706161118588,0.0002,0.12069851160049438,5009.002261068152,11.119592666625977
2940,1,2940,0.6314331889152527,0.6535440271208982,0.0002,0.30199912190437317,5018.796265225551,11.119592666625977
2960,1,2960,0.6347895860671997,0.6534279532758002,0.0002,0.4264596998691559,5028.203723712906,11.119592666625977
2980,1,2980,0.6163502335548401,0.653365327324097,0.0002,0.24675701558589935,5037.755508454205,11.119592666625977
3000,1,3000,0.6836174130439758,0.6532942923422758,0.0002,0.19805173575878143,5046.965961918973,11.119592666625977
3020,1,3020,0.6530401706695557,0.6532578708442537,0.0002,0.1933159977197647,5053.463019853123,11.119592666625977
3040,1,3040,0.7070701122283936,0.6532728138894639,0.0002,0.16263464093208313,5062.149931653482,11.119592666625977
3060,1,3060,0.6317019462585449,0.6531334487912862,0.0002,0.28417423367500305,5071.473997340223,11.119592666625977
3080,1,3080,0.6605767011642456,0.6531274997955092,0.0002,0.12613344192504883,5080.073359337137,11.119592666625977
3100,1,3100,0.6843855977058411,0.6530364466677611,0.0002,0.1380445510149002,5089.071189164821,11.119592666625977
3120,1,3120,0.690017819404602,0.6529391617842735,0.0002,0.26737648248672485,5097.929467529954,11.119592666625977
3140,1,3140,0.6576893925666809,0.6528844954231401,0.0002,0.270031213760376,5106.939433686777,11.119592666625977
3160,1,3160,0.6571106314659119,0.6527955923075432,0.0002,0.14566196501255035,5115.268270209686,11.119592666625977
3180,1,3180,0.6397284269332886,0.6527375345085785,0.0002,0.2743663191795349,5124.117214714412,11.119592666625977
3200,1,3200,0.632860541343689,0.6526245819319493,0.0002,0.22838836908340454,5132.562216755936,11.119592666625977
3220,1,3220,0.6407889127731323,0.6525957126494243,0.0002,0.33287858963012695,5141.251987516776,11.119592666625977
3240,1,3240,0.666508138179779,0.6524535544949014,0.0002,0.10093856602907181,5106.589475708494,11.119592666625977
3260,1,3260,0.5938186645507812,0.6523993744099563,0.0002,0.13841687142848969,5070.821706717342,11.119592666625977
3280,1,3280,0.7425943613052368,0.6524945740601972,0.0002,0.2338445633649826,5037.721886394456,11.119592666625977
3300,1,3300,0.6665084958076477,0.6524730001294639,0.0002,0.31946805119514465,5045.979301635243,11.119592666625977
3320,1,3320,0.6934354305267334,0.6524344162473857,0.0002,0.3415931463241577,5019.913869367297,11.119592666625977
3340,1,3340,0.626541793346405,0.6523449346542638,0.0002,0.21202969551086426,5016.58288763207,11.119592666625977
3360,1,3360,0.6580913662910461,0.6523385016791009,0.0002,0.23599036037921906,5025.01988534056,11.119592666625977
3380,1,3380,0.6000906825065613,0.6522582526947606,0.0002,0.1603246033191681,5033.4714705674605,11.119592666625977
3400,1,3400,0.6778777241706848,0.6522087721835412,0.0002,0.2555653154850006,5041.75830751176,11.119592666625977
3420,1,3420,0.6112751364707947,0.6521116710824179,0.0002,0.14901113510131836,5050.144532365779,11.119592666625977
3440,1,3440,0.6476864814758301,0.6520426795929642,0.0002,0.1479554921388626,5057.934155863467,11.119592666625977
3460,1,3460,0.5965187549591064,0.6519592798340677,0.0002,0.2235146462917328,5066.174964858492,11.119592666625977
3480,1,3480,0.6726816296577454,0.6518534590676703,0.0002,0.13592785596847534,5074.178872105157,11.119592666625977
3500,1,3500,0.5748445391654968,0.6516854248615822,0.0002,0.14623989164829254,5082.208381482939,11.119592666625977
3520,1,3520,0.6103801131248474,0.6516243524264335,0.0002,0.24793082475662231,5089.949402940302,11.119592666625977
3540,1,3540,0.5532634258270264,0.6514606381452744,0.0002,0.17837218940258026,5097.889304625695,11.119592666625977
3560,1,3560,0.5941680073738098,0.6514941343939743,0.0002,0.24224768579006195,5105.178250921666,11.119592666625977
3580,1,3580,0.6061572432518005,0.6514383412573257,0.0002,0.20890888571739197,5112.897039401751,11.119592666625977
3600,1,3600,0.6829640865325928,0.6514075271112761,0.0002,0.1647941768169403,5120.536057999732,11.119592666625977
3620,1,3620,0.6460625529289246,0.6512660512676915,0.0002,0.2046259045600891,5128.10053882139,11.119592666625977
3640,1,3640,0.6203328371047974,0.6512355304388363,0.0002,0.12168299406766891,5100.750604368547,11.119592666625977
3660,1,3660,0.5784137845039368,0.6512407437987353,0.0002,0.1565723717212677,5071.1416780018935,11.119592666625977
3680,1,3680,0.6488127708435059,0.6512745488343019,0.0002,0.2439797967672348,5046.947910833298,11.119592666625977
3700,1,3700,0.6711168885231018,0.6511334738272814,0.0002,0.17498086392879486,5024.555057073794,11.119592666625977
3720,1,3720,0.5801540017127991,0.6510553605924738,0.0002,0.15087425708770752,4997.436330229619,11.119592666625977
3740,1,3740,0.6497190594673157,0.6510184381324965,0.0002,0.15237754583358765,4978.65366040908,11.119592666625977
3760,1,3760,0.6491404175758362,0.6509725762796225,0.0002,0.16296842694282532,4986.474455607621,11.119592666625977
3780,1,3780,0.6642361879348755,0.6508738590764939,0.0002,0.1871577799320221,4994.126249920795,11.119592666625977
3800,1,3800,0.6074180006980896,0.6507547205961834,0.0002,0.17661477625370026,5001.523030555372,11.119592666625977
3820,1,3820,0.6202470064163208,0.6506780623483264,0.0002,0.20388662815093994,5009.157420087727,11.119592666625977
3840,1,3840,0.6591677069664001,0.6505845103428293,0.0002,0.14190839231014252,5016.178364654817,11.119592666625977
3860,1,3860,0.672199010848999,0.650504101168928,0.0002,0.39309871196746826,5023.670800279096,11.119592666625977
3880,1,3880,0.5725869536399841,0.6504248492803199,0.0002,0.325195848941803,5030.730223312172,11.119592666625977
3900,1,3900,0.7009791135787964,0.6504156761362466,0.0002,0.1881561577320099,5038.128399189108,11.119592666625977
3920,1,3920,0.6437018513679504,0.6503667179474116,0.0002,0.33520686626434326,5045.306373765711,11.119592666625977
3940,1,3940,0.731316864490509,0.6503201178057418,0.0002,0.3685111999511719,5052.47873989781,11.119592666625977
3960,1,3960,0.5960985422134399,0.6502266041529942,0.0002,0.14142943918704987,5059.428455969338,11.119592666625977
3980,1,3980,0.602457582950592,0.6501364091926712,0.0002,0.25448521971702576,5066.278556425703,11.119592666625977
4000,1,4000,0.5741675496101379,0.650033598210261,0.0002,0.1767977476119995,5073.269472434906,11.119592666625977
4020,1,4020,0.6509845852851868,0.6500130169827919,0.0002,0.17228804528713226,5078.1175145674815,11.119592666625977
4040,1,4040,0.5663958191871643,0.6499272858863115,0.0002,0.1251084804534912,5074.5361676552175,11.119592666625977
4060,1,4060,0.6321606636047363,0.6498962728991439,0.0002,0.17409880459308624,5051.4094719457735,11.119592666625977
4080,1,4080,0.6130466461181641,0.6498116241228867,0.0002,0.18994344770908356,5037.941275182315,11.119592666625977
4100,1,4100,0.6709910035133362,0.6496598229066765,0.0002,0.22526083886623383,5019.581282660331,11.121005058288574
4120,1,4120,0.705320417881012,0.6496994147214628,0.0002,0.13641104102134705,4996.442149396225,11.121005058288574
4140,1,4140,0.7285355925559998,0.6497271311616353,0.0002,0.22460302710533142,4973.189653828941,11.121005058288574
4160,1,4160,0.7209392786026001,0.649723472804637,0.0002,0.17870977520942688,4980.348181431224,11.121005058288574
4180,1,4180,0.6567073464393616,0.6496980070106209,0.0002,0.19953355193138123,4987.145112926157,11.121005058288574
4200,1,4200,0.5891031622886658,0.6496291943915589,0.0002,0.14421819150447845,4994.029343256085,11.121005058288574
4220,1,4220,0.6794047951698303,0.6495280504990091,0.0002,0.12384157627820969,5000.47802759909,11.121005058288574
4240,1,4240,0.6048564910888672,0.6494475674424082,0.0002,0.1499888151884079,5007.352598055362,11.121005058288574
4260,1,4260,0.6111239194869995,0.6493732988184199,0.0002,0.2325444370508194,5014.016793616733,11.121005058288574
4280,1,4280,0.6336062550544739,0.6492893808739838,0.0002,0.16073770821094513,5020.8058565019965,11.121005058288574
4300,1,4300,0.6819788813591003,0.6492698160027609,0.0002,0.16284720599651337,5027.354465680547,11.121005058288574
4320,1,4320,0.6768819093704224,0.649178077132912,0.0002,0.11971986293792725,5033.988211536433,11.121005058288574
4340,1,4340,0.6925064325332642,0.6491437227305908,0.0002,0.22312982380390167,5040.457965042248,11.121005058288574
4360,1,4360,0.6329817175865173,0.6491511967827435,0.0002,0.11640645563602448,5046.7548947615805,11.121005058288574
4380,1,4380,0.6072741150856018,0.6490745632950209,0.0002,0.13159140944480896,5053.065835051117,11.121005058288574
4400,1,4400,0.6014069318771362,0.6489936392483534,0.0002,0.24998889863491058,5059.294538242343,11.121005058288574
4420,1,4420,0.6198520660400391,0.6489441432172659,0.0002,0.1900276094675064,5065.5615522702055,11.121005058288574
4440,1,4440,0.6262587904930115,0.6488828665587874,0.0002,0.15855693817138672,5064.806222579073,11.121005058288574
4460,1,4460,0.5960310101509094,0.6488257630247014,0.0002,0.14262177050113678,5050.8042974301425,11.121005058288574
4480,1,4480,0.6764425039291382,0.6487961759288916,0.0002,0.20302864909172058,5029.244088686707,11.121005058288574
4500,1,4500,0.6368449330329895,0.6486931552988027,0.0002,0.1970839947462082,5008.458291337437,11.121005058288574
4520,1,4520,0.6163252592086792,0.6485883970138051,0.0002,0.29150453209877014,5014.752461153568,11.121005058288574
4540,1,4540,0.5554888248443604,0.6484600746467665,0.0002,0.2573430836200714,4998.213899322891,11.121005058288574
4560,1,4560,0.6746430397033691,0.6484358688735955,0.0002,0.17676196992397308,5004.449999339736,11.121005058288574
4580,1,4580,0.657264769077301,0.6483327509070874,0.0002,0.21329745650291443,4988.124983158273,11.121005058288574
4600,1,4600,0.6449528932571411,0.64825576047102,0.0002,0.17644815146923065,4994.463656858479,11.121005058288574
4620,1,4620,0.6278899908065796,0.6482099118992222,0.0002,0.2465270310640335,5000.337050952226,11.121005058288574
4640,1,4640,0.5545721054077148,0.6481902987686339,0.0002,0.1592467874288559,5006.505764555401,11.121005058288574
4660,1,4660,0.6030386686325073,0.6480758057806709,0.0002,0.1330702155828476,5012.501802550774,11.121005058288574
4680,1,4680,0.5723787546157837,0.6479449113725176,0.0002,0.2321014553308487,5018.558364591322,11.121005058288574
4700,1,4700,0.5860611796379089,0.6478520023277603,0.0002,0.14300525188446045,5024.549339281504,11.121005058288574
4720,1,4720,0.6570049524307251,0.6477906952510464,0.0002,0.3656702935695648,5030.664557796379,11.121005058288574
4740,1,4740,0.6063307523727417,0.647655328067191,0.0002,0.17877325415611267,5036.065137944815,11.121005058288574
4760,1,4760,0.5922684669494629,0.6475732860164515,0.0002,0.16224175691604614,5042.108926577001,11.121005058288574
4780,1,4780,0.5972505211830139,0.647541854715922,0.0002,0.143221914768219,5048.002963721791,11.121005058288574
4800,1,4800,0.600013017654419,0.6474954618563095,0.0002,0.198462575674057,5053.947834839466,11.121005058288574
4820,1,4820,0.6103922724723816,0.6474106335459303,0.0002,0.14765599370002747,5033.339874082013,11.121005058288574
4840,1,4840,0.5250272750854492,0.6473750603808356,0.0002,0.22922343015670776,5039.397435053728,11.121005058288574
4860,1,4860,0.6035586595535278,0.6472095443923813,0.0002,0.12249568104743958,5020.390176728202,11.121005058288574
4880,1,4880,0.6217920780181885,0.6472012702571217,0.0002,0.17880988121032715,5001.904824046741,11.121005058288574
4900,1,4900,0.5801230072975159,0.6471167253087448,0.0002,0.1823761761188507,5000.120382162209,11.121005058288574
4920,1,4920,0.6157706379890442,0.6469926061780793,0.0002,0.14799511432647705,4988.286943827089,11.121005058288574
4940,1,4940,0.5667365193367004,0.6469136766196737,0.0002,0.11575062572956085,4972.264063810407,11.121005058288574
4960,1,4960,0.5937857627868652,0.646798372217785,0.0002,0.27731284499168396,4978.300035871478,11.121005058288574
4980,1,4980,0.6439734101295471,0.6466965716686125,0.0002,0.3717658519744873,4983.980033096069,11.121005058288574
5000,1,5000,0.6134583950042725,0.6466944990693184,0.0002,0.2846081554889679,4989.492121517299,11.121005058288574
5020,1,5020,0.6185683608055115,0.646636090912898,0.0002,0.2362651228904724,4993.083439870211,11.121005058288574
5040,1,5040,0.5904525518417358,0.6465365438834374,0.0002,0.12880492210388184,4998.802945379824,11.121005058288574
5060,1,5060,0.5286940932273865,0.6464824251888001,0.0002,0.2312479466199875,5004.4036536278045,11.121005058288574
5080,1,5080,0.5838552117347717,0.6464648717312065,0.0002,0.17164549231529236,5010.125605346341,11.121005058288574
5100,1,5100,0.6773949265480042,0.6464592107166018,0.0002,0.1522769033908844,5015.701723159272,11.121005058288574
5120,1,5120,0.6245400309562683,0.6463803863195798,0.0002,0.13238973915576935,5021.103756410859,11.121005058288574
5140,1,5140,0.6288827061653137,0.6463041688431204,0.0002,0.2036697119474411,5026.471555621767,11.121005058288574
5160,1,5160,0.6706716418266296,0.6462655448226905,0.0002,0.1693955510854721,5031.98943008621,11.121005058288574
5180,1,5180,0.5848057866096497,0.6462837193912072,0.0002,0.1858469843864441,5037.35618893854,11.121005058288574
5200,1,5200,0.6233014464378357,0.6462766556682722,0.0002,0.22670304775238037,5042.781826545766,11.121005058288574
5220,1,5220,0.6213265657424927,0.6462467671180002,0.0002,0.220713272690773,5048.192499882306,11.121005058288574
5240,1,5240,0.6347916126251221,0.646145148608094,0.0002,0.14683429896831512,5029.917104016441,11.121005058288574
5260,1,5260,0.6411524415016174,0.646100626211119,0.0002,0.2876339554786682,5008.845960746142,11.121005058288574
5280,1,5280,0.5805765986442566,0.6460112540659314,0.0002,0.31768128275871277,5013.34386598224,11.121005058288574
5300,1,5300,0.628334641456604,0.6459297236990129,0.0002,0.12584935128688812,5000.037827492427,11.121005058288574
5320,1,5320,0.6480472087860107,0.6459215060133321,0.0002,0.18753236532211304,4979.763418742168,11.121005058288574
5340,1,5340,0.689304769039154,0.645915795978177,0.0002,0.1424189656972885,4985.230412164502,11.121005058288574
5360,1,5360,0.6260995268821716,0.6458752407621883,0.0002,0.13872241973876953,4990.495070664852,11.121005058288574
5380,1,5380,0.6954291462898254,0.6458595496879557,0.0002,0.2077682912349701,4995.85032022134,11.121005058288574
5400,1,5400,0.5950307250022888,0.6457437261096237,0.0002,0.14674432575702667,5000.83412027676,11.121005058288574
5420,1,5420,0.6712755560874939,0.6456873376209532,0.0002,0.2618498206138611,5006.1986712009675,11.121005058288574
5440,1,5440,0.6250425577163696,0.6456500198213029,0.0002,0.18670961260795593,5011.355444333403,11.121005058288574
5460,1,5460,0.7115557193756104,0.6456308490584937,0.0002,0.11192183196544647,5016.473155041003,11.121005058288574
5480,1,5480,0.6543295979499817,0.6456458758599023,0.0002,0.151926651597023,5021.636731982878,11.121005058288574
5500,1,5500,0.7160658240318298,0.645642237359264,0.0002,0.1633293330669403,5026.870372305661,11.121005058288574
5520,1,5520,0.6269403100013733,0.6456028229245236,0.0002,0.23966853320598602,5031.96731648931,11.121005058288574
5540,1,5540,0.6613898277282715,0.6455972145242087,0.0002,0.23678995668888092,5036.930184871086,11.121005058288574
5560,1,5560,0.7265052199363708,0.6455509401003787,0.0002,0.1219663918018341,5041.973180927551,11.121005058288574
5580,1,5580,0.7745169997215271,0.6455185320270994,0.0002,0.1272825002670288,5047.081981542956,11.121005058288574
5600,1,5600,0.6563592553138733,0.6455133740162058,0.0002,0.19383881986141205,5052.035607634413,11.121005058288574
5620,1,5620,0.6578643321990967,0.6454299766256726,0.0002,0.16999734938144684,5057.083095700551,11.121005058288574
5640,1,5640,0.6289204955101013,0.6454390604763925,0.0002,0.3860485255718231,5062.05157657084,11.121005058288574
5660,1,5660,0.7446654438972473,0.6453645733888027,0.0002,0.19554594159126282,5042.563272796956,11.121005058288574
5680,1,5680,0.6837061047554016,0.6453332266887903,0.0002,0.19373692572116852,5024.274434915972,11.121005058288574
5700,1,5700,0.7155630588531494,0.6453516597744882,0.0002,0.23966273665428162,5007.631854074001,11.121005058288574
5720,1,5720,0.5854576826095581,0.6452584648188493,0.0002,0.2300451695919037,4989.830010448896,11.121005058288574
5740,1,5740,0.7139781713485718,0.6452063220965242,0.0002,0.1200045645236969,4994.779726593549,11.121005058288574
5760,1,5760,0.5733523964881897,0.6451690464720815,0.0002,0.13308840990066528,4999.711227093893,11.121005058288574
5780,1,5780,0.6520715355873108,0.645116765817413,0.0002,0.14273205399513245,5004.592253597114,11.121005058288574
5800,1,5800,0.646356999874115,0.6450894169260221,0.0002,0.13293211162090302,5009.318015093028,11.121005058288574
5820,1,5820,0.6294789910316467,0.6450346008736716,0.0002,0.11937008053064346,5014.196341472895,11.121005058288574
5840,1,5840,0.6458861231803894,0.6449719813017122,0.0002,0.18410804867744446,5019.071726855646,11.121005058288574
5860,1,5860,0.6351770162582397,0.6448917131911941,0.0002,0.20659269392490387,5023.929282482829,11.121005058288574
5880,1,5880,0.6477401256561279,0.6448024637028579,0.0002,0.16358861327171326,5028.730928566099,11.121005058288574
5900,1,5900,0.571510910987854,0.6447832260882789,0.0002,0.25482672452926636,5033.5102469448175,11.121005058288574
5920,1,5920,0.6757189631462097,0.644780129911908,0.0002,0.15473593771457672,5038.326438865349,11.121005058288574
5940,1,5940,0.6007376909255981,0.6447726628021191,0.0002,0.1692124456167221,5042.745491114096,11.121005058288574
5960,1,5960,0.627922534942627,0.6447744058852942,0.0002,0.14860549569129944,5047.480868323408,11.121005058288574
5980,1,5980,0.6193112134933472,0.6447316592764224,0.0002,0.20592820644378662,5052.2116918244,11.121005058288574
6000,1,6000,0.6066972613334656,0.644689810280082,0.0002,0.12750177085399628,5056.929354823367,11.121005058288574
6020,1,6020,0.6399976015090942,0.64466985482691,0.0002,0.14003074169158936,5059.188230664187,11.121005058288574
6040,1,6040,0.6618906855583191,0.6446682077246989,0.0002,0.17032790184020996,5063.796683861704,11.121005058288574
6060,1,6060,0.6777082085609436,0.6446948316812336,0.0002,0.21455729007720947,5046.17568838776,11.121005058288574
6080,1,6080,0.652762770652771,0.6446898684416876,0.0002,0.2078234851360321,5021.784795221289,11.121005058288574
6100,1,6100,0.6536417603492737,0.6446565806346701,0.0002,0.2666752338409424,5015.395947925611,11.121005058288574
6120,1,6120,0.5722641348838806,0.6445646931637902,0.0002,0.23353791236877441,5014.875516424443,11.121005058288574
6140,1,6140,0.6374354958534241,0.6445756126158916,0.0002,0.20767615735530853,4996.931402087347,11.121005058288574
6160,1,6160,0.6337001323699951,0.6445284600060679,0.0002,0.1694515496492386,5001.798738248644,11.121005058288574
6180,1,6180,0.6472944617271423,0.6444857589950949,0.0002,0.272856205701828,5006.203367649834,11.121005058288574
6200,1,6200,0.5895226001739502,0.6444731913251234,0.0002,0.1977616846561432,5010.855916467112,11.121005058288574
6220,1,6220,0.5736108422279358,0.6443630179983975,0.0002,0.20454537868499756,5015.39280441936,11.121005058288574
6240,1,6240,0.5522762537002563,0.6443098932542012,0.0002,0.13396286964416504,5020.024149195319,11.121005058288574
6260,1,6260,0.6587361693382263,0.6442409018781748,0.0002,0.3007846772670746,5024.372725952316,11.121005058288574
6280,1,6280,0.6629758477210999,0.6442130868298507,0.0002,0.31107041239738464,5028.802430089901,11.121005058288574
6300,1,6300,0.6497815847396851,0.6441924640831873,0.0002,0.19522689282894135,5033.249916167609,11.121005058288574
6320,1,6320,0.5868050456047058,0.6441371761235226,0.0002,0.1677732616662979,5037.536049238749,11.121005058288574
6340,1,6340,0.6321486234664917,0.6440871381830546,0.0002,0.3287535607814789,5041.93656006276,11.121005058288574
6360,1,6360,0.6437869071960449,0.6440067504390328,0.0002,0.17915529012680054,5046.4419036998825,11.121005058288574
6380,1,6380,0.7007001042366028,0.6439861643657292,0.0002,0.13881397247314453,5050.803142247341,11.121005058288574
6400,1,6400,0.6024779677391052,0.6439425820408932,0.0002,0.21202589571475983,5055.107178998167,11.121005058288574
6420,1,6420,0.6445265412330627,0.6439158488026563,0.0002,0.28107064962387085,5059.396747096317,11.121005058288574
6440,1,6440,0.5736298561096191,0.6438612787380888,0.0002,0.14455178380012512,5043.901062433724,11.121005058288574
6460,1,6460,0.5826766490936279,0.6437996570483492,0.0002,0.2663753032684326,5029.126066264715,11.121005058288574
6480,1,6480,0.5797540545463562,0.643791948606779,0.0002,0.1934257298707962,5032.132637931584,11.121005058288574
6500,1,6500,0.6436223983764648,0.6437700676105093,0.0002,0.1651681363582611,5036.405644356321,11.121005058288574
6520,1,6520,0.6364631652832031,0.6437599701988703,0.0002,0.2876341938972473,5020.412781307545,11.121005058288574
6540,1,6540,0.6549556851387024,0.6437378602253109,0.0002,0.22396281361579895,5024.770751090632,11.121005058288574
6560,1,6560,0.6833255290985107,0.643689107076801,0.0002,0.26873353123664856,5009.7802493875215,11.121005058288574
6580,1,6580,0.6309238076210022,0.6436378012342833,0.0002,0.22464753687381744,5013.801430950429,11.121005058288574
6600,1,6600,0.5908949375152588,0.6436572684377815,0.0002,0.10934241116046906,5018.1544042272535,11.121005058288574
6620,1,6620,0.6808995008468628,0.6436470390967928,0.0002,0.15822207927703857,5022.307167873738,11.121005058288574
6640,1,6640,0.7038950324058533,0.6436702499400402,0.0002,0.12499435245990753,5026.582517204096,11.121005058288574
6660,1,6660,0.6474537253379822,0.6436638906196527,0.0002,0.12625807523727417,5030.679738178229,11.121005058288574
6680,1,6680,0.5907870531082153,0.643602075113523,0.0002,0.1936592161655426,5034.9686964328785,11.121005058288574
6700,1,6700,0.6207950711250305,0.64358244513918,0.0002,0.1617451161146164,5039.132082720343,11.121005058288574
6720,1,6720,0.6577050685882568,0.6436111882105732,0.0002,0.20644530653953552,5043.151534316952,11.121005058288574
6740,1,6740,0.7298227548599243,0.643591529658166,0.0002,0.20027832686901093,5047.286255763554,11.121005058288574
6760,1,6760,0.7007128000259399,0.6436116567157897,0.0002,0.2539123296737671,5051.447584949106,11.121005058288574
6780,1,6780,0.6441094279289246,0.6435972577644431,0.0002,0.1281055361032486,5055.466169197303,11.121005058288574
6800,1,6800,0.6237513422966003,0.6436206549008509,0.0002,0.2622112035751343,5059.583026857963,11.121005058288574
6820,1,6820,0.6491893529891968,0.6436461658466027,0.0002,0.17866210639476776,5063.642368064762,11.121005058288574
6840,1,6840,0.630522608757019,0.6436133124246746,0.0002,0.22745269536972046,5061.464710729373,11.121005058288574
6860,1,6860,0.7269285321235657,0.6436126142144949,0.0002,0.2340027540922165,5053.27886415816,11.121005058288574
6880,1,6880,0.6401219964027405,0.6436332122099883,0.0002,0.2529146075248718,5038.464336202124,11.121005058288574
6900,1,6900,0.6205376982688904,0.6435793630450883,0.0002,0.19005747139453888,5024.254383103197,11.121005058288574
6920,1,6920,0.6885582208633423,0.6435991950960346,0.0002,0.1700793355703354,5011.294437201341,11.121005058288574
6940,1,6940,0.6798917651176453,0.6435744087228071,0.0002,0.3263688087463379,5015.0522199666,11.121005058288574
6960,1,6960,0.5857675671577454,0.6435068673696095,0.0002,0.1449543535709381,5000.42932824841,11.121005058288574
6980,1,6980,0.696793258190155,0.6434663393581127,0.0002,0.11286520212888718,5003.602195990281,11.121005058288574
7000,1,7000,0.6462262272834778,0.643474970775148,0.0002,0.18075358867645264,5007.660078806748,11.121005058288574
7020,1,7020,0.7141868472099304,0.6434588517545337,0.0002,0.23212930560112,5008.54394101254,11.121005058288574
7040,1,7040,0.5721813440322876,0.6434096619604384,0.0002,0.15063904225826263,5012.539374508836,11.121005058288574
7060,1,7060,0.584484875202179,0.6433786156013755,0.0002,0.10992908477783203,5016.522774847197,11.121005058288574
7080,1,7080,0.6027563214302063,0.6433606228172701,0.0002,0.14771457016468048,5020.529431563218,11.121005058288574
7100,1,7100,0.6264234185218811,0.6433237294526739,0.0002,0.15741707384586334,5024.512879367466,11.121005058288574
7120,1,7120,0.5925903916358948,0.6432605090260504,0.0002,0.14673154056072235,5028.241888831392,11.121005058288574
7140,1,7140,0.6515734195709229,0.6432296985499835,0.0002,0.13259851932525635,5032.086319126924,11.121005058288574
7160,1,7160,0.6263914108276367,0.6432243707997497,0.0002,0.30358508229255676,5035.981020180859,11.121005058288574
7180,1,7180,0.5752309560775757,0.6432295201116229,0.0002,0.1961713284254074,5039.884131952111,11.121005058288574
7200,1,7200,0.565871000289917,0.6432221967096098,0.0002,0.2055198848247528,5043.81405022941,11.121005058288574
7220,1,7220,0.6098222136497498,0.6431764286675435,0.0002,0.1325693428516388,5047.6940003298705,11.121005058288574
7240,1,7240,0.5812819600105286,0.6431123588195315,0.0002,0.20960073173046112,5051.55880909971,11.121005058288574
7260,1,7260,0.7087126970291138,0.6431106456203121,0.0002,0.18734000623226166,5055.4442083788945,11.121005058288574
7280,1,7280,0.6059162616729736,0.6430714758045207,0.0002,0.14136645197868347,5042.917073977395,11.121005058288574
7300,1,7300,0.646499752998352,0.6430912675462539,0.0002,0.14948396384716034,5009.923657485456,11.121005058288574
7320,1,7320,0.6829665899276733,0.6430893609263584,0.0002,0.1402304470539093,4998.979828945002,11.121005058288574
7340,1,7340,0.6399040222167969,0.6430255250560185,0.0002,0.11829107254743576,5000.153866974373,11.121005058288574
7360,1,7360,0.628549337387085,0.6429986590485344,0.0002,0.20798394083976746,5004.041654062565,11.121005058288574
7380,1,7380,0.6251925826072693,0.6429893302539974,0.0002,0.17153580486774445,4992.152686867897,11.121005058288574
7400,1,7400,0.5788455009460449,0.6429660550798241,0.0002,0.18456101417541504,4980.356020444161,11.121005058288574
7420,1,7420,0.5609112977981567,0.6428524207506795,0.0002,0.19653087854385376,4984.063908180066,11.121005058288574
7440,1,7440,0.5655919313430786,0.6428140091847526,0.0002,0.18688777089118958,4987.897480144092,11.121005058288574
7460,1,7460,0.6022019982337952,0.642781925240073,0.0002,0.16428586840629578,4991.709435453734,11.121005058288574
7480,1,7480,0.5989847183227539,0.6427327354902875,0.0002,0.1090792864561081,4995.604396894822,11.121005058288574
7500,1,7500,0.6857489347457886,0.6426949609933754,0.0002,0.17235760390758514,4999.10785316134,11.121005058288574
7520,1,7520,0.6055289506912231,0.642631340309153,0.0002,0.18444344401359558,5002.974630945083,11.121005058288574
7540,1,7540,0.6042344570159912,0.6425863824782324,0.0002,0.1797904223203659,5006.571369420994,11.121005058288574
7560,1,7560,0.622929573059082,0.642513985501004,0.0002,0.16060467064380646,5010.403834008793,11.121005058288574
7580,1,7580,0.616736888885498,0.6424415523601799,0.0002,0.1733575463294983,5014.134505131898,11.121005058288574
7600,1,7600,0.5968698263168335,0.6423865225666345,0.0002,0.20203156769275665,5017.741275554568,11.121005058288574
7620,1,7620,0.5940483212471008,0.6423359699439456,0.0002,0.14885549247264862,5021.447861711412,11.121005058288574
7640,1,7640,0.6971529722213745,0.6422862105328819,0.0002,0.15812505781650543,5009.217749639562,11.121005058288574
7660,1,7660,0.6261580586433411,0.6422304231038714,0.0002,0.1344492882490158,5012.997849136134,11.121005058288574
7680,1,7680,0.5242422223091125,0.6421981462825525,0.0002,0.18929950892925262,4999.7751910010475,11.121005058288574
7700,1,7700,0.634680986404419,0.6421726582448747,0.0002,0.18068517744541168,4986.098977464313,11.121005058288574
7720,1,7720,0.6042964458465576,0.6421184645610852,0.0002,0.1588900089263916,4989.881025158048,11.121005058288574
7740,1,7740,0.5685738921165466,0.6421237280302506,0.0002,0.15225549042224884,4977.379192206692,11.121005058288574
7760,1,7760,0.659329891204834,0.6421132072017564,0.0002,0.12318003177642822,4965.240156824324,11.121005058288574
7780,1,7780,0.5963967442512512,0.6421017481663022,0.0002,0.1874527633190155,4968.82635579036,11.121005058288574
7800,1,7800,0.6351207494735718,0.6420838890414784,0.0002,0.16097334027290344,4956.816321386104,11.121005058288574
7820,1,7820,0.601939857006073,0.6421083699297825,0.0002,0.15350985527038574,4960.585367125798,11.121005058288574
7840,1,7840,0.6698282957077026,0.6421271412688841,0.0002,0.13098742067813873,4964.282263666389,11.121005058288574
7860,1,7860,0.6911175847053528,0.6420986933394636,0.0002,0.18073737621307373,4968.016913168526,11.121005058288574
7880,1,7880,0.6149806380271912,0.6421094344135309,0.0002,0.14558225870132446,4971.69610888089,11.121005058288574
7900,1,7900,0.614366888999939,0.6420883537037357,0.0002,0.2555047869682312,4975.3569335896145,11.121005058288574
7920,1,7920,0.6339022517204285,0.6420612858516694,0.0002,0.10741547495126724,4979.003494010423,11.121005058288574
7940,1,7940,0.60350501537323,0.6420157247923624,0.0002,0.22160495817661285,4982.58383010642,11.121005058288574
7960,1,7960,0.6411462426185608,0.6419866953031044,0.0002,0.14948317408561707,4986.002498363497,11.121005058288574
7980,1,7980,0.6788098812103271,0.6419660785768934,0.0002,0.18062765896320343,4989.621377935548,11.121005058288574
8000,1,8000,0.5325750708580017,0.6419669911460465,0.0002,0.17878566682338715,4992.953714837129,11.121005058288574
8020,1,8020,0.6174805164337158,0.6419474922659267,0.0002,0.18227224051952362,4995.25972885609,11.121005058288574
8040,1,8040,0.6715438365936279,0.6419422680985043,0.0002,0.1290820837020874,4998.8050388298425,11.121005058288574
8060,1,8060,0.6203100085258484,0.6419771384308106,0.0002,0.1742485612630844,4987.271665710278,11.121005058288574
8080,1,8080,0.5850626826286316,0.6419500690674601,0.0002,0.20402371883392334,4977.644551139138,11.121005058288574
8100,1,8100,0.6531157493591309,0.641950390173722,0.0002,0.13670895993709564,4981.352586586029,11.121005058288574
8120,1,8120,0.6323630213737488,0.6419635937749312,0.0002,0.1506836861371994,4969.53107273734,11.121005058288574
8140,1,8140,0.6303706765174866,0.6419530366301696,0.0002,0.18016061186790466,4957.0107545399205,11.121005058288574
8160,1,8160,0.6653183698654175,0.641921441530104,0.0002,0.1716599315404892,4955.956550064573,11.121005058288574
8180,1,8180,0.6261327862739563,0.6418643506341718,0.0002,0.2061740905046463,4947.009072517061,11.121005058288574
8200,1,8200,0.6171658635139465,0.6418785482134755,0.0002,0.19522859156131744,4936.4058168370975,11.121005058288574
8220,1,8220,0.7123898863792419,0.6418599474275499,0.0002,0.34380900859832764,4940.074307702356,11.121005058288574
8240,1,8240,0.5530511140823364,0.6418462510309879,0.0002,0.19237959384918213,4943.595074512705,11.121005058288574
8260,1,8260,0.6873620748519897,0.6418045998216301,0.0002,0.19571968913078308,4947.178993392086,11.121005058288574
8280,1,8280,0.6475625038146973,0.6417772674282483,0.0002,0.20691443979740143,4950.677299993489,11.121005058288574
8300,1,8300,0.6398513317108154,0.6417350640899773,0.0002,0.24859468638896942,4954.142207920667,11.121005058288574
8320,1,8320,0.5888731479644775,0.6417035013567768,0.0002,0.18253691494464874,4957.625560404807,11.121005058288574
8340,1,8340,0.6207817196846008,0.641693623284299,0.0002,0.15023742616176605,4961.010582378182,11.121005058288574
8360,1,8360,0.589796781539917,0.6416717391682114,0.0002,0.19965235888957977,4964.464082077178,11.121005058288574
8380,1,8380,0.7216416597366333,0.6416706860473548,0.0002,0.18504822254180908,4967.961314406327,11.121005058288574
8400,1,8400,0.6159521341323853,0.6416343105254635,0.0002,0.14867199957370758,4971.399927367639,11.121005058288574
8420,1,8420,0.6235308647155762,0.6415745161439431,0.0002,0.11532185971736908,4974.84037456763,11.121005058288574
8440,1,8440,0.5174627900123596,0.6415337056116474,0.0002,0.12441667914390564,4978.218371778843,11.121005058288574
8460,1,8460,0.6577337384223938,0.641477071074299,0.0002,0.1765913963317871,4966.826310766761,11.121005058288574
8480,1,8480,0.6541700959205627,0.6414377061987524,0.0002,0.1687072217464447,4970.015566117811,11.121005058288574
8500,1,8500,0.7014340758323669,0.6414321667106337,0.0002,0.1641632616519928,4959.022200001796,11.121005058288574
8520,1,8520,0.5728802680969238,0.6414110865634683,0.0002,0.23679614067077637,4947.854433840582,11.121005058288574
8540,1,8540,0.5452342629432678,0.6414077596207013,0.0002,0.20084819197654724,4951.414995059528,11.121005058288574
8560,1,8560,0.5789450407028198,0.6413541872210111,0.0002,0.2153310924768448,4954.790907843978,11.121005058288574
8580,1,8580,0.6175468564033508,0.6413280787074349,0.0002,0.15403172373771667,4943.901190354267,11.121005058288574
8600,1,8600,0.6829349398612976,0.64132366647068,0.0002,0.1329251080751419,4947.1121149108685,11.121005058288574
8620,1,8620,0.5669065117835999,0.6412841388195342,0.0002,0.24946366250514984,4936.034993751565,11.121005058288574
8640,1,8640,0.6490485668182373,0.6412810049961347,0.0002,0.29529282450675964,4939.408859411327,11.121005058288574
8660,1,8660,0.6495050191879272,0.6412537408298757,0.0002,0.18507389724254608,4942.791679912878,11.121005058288574
8680,1,8680,0.5767570734024048,0.6411854390221783,0.0002,0.18002617359161377,4946.127638420145,11.121005058288574
8700,1,8700,0.5895388722419739,0.6411591804998578,0.0002,0.26504164934158325,4949.481761372803,11.121005058288574
8720,1,8720,0.5871044397354126,0.6411085124812063,0.0002,0.24156878888607025,4952.7469810807,11.121005058288574
8740,1,8740,0.5998490452766418,0.6411123228656567,0.0002,0.1582598090171814,4955.737211675168,11.121005058288574
8760,1,8760,0.7341533899307251,0.6410853933402956,0.0002,0.16747739911079407,4959.011696355891,11.121005058288574
8780,1,8780,0.6337674260139465,0.6410663887761113,0.0002,0.14827193319797516,4962.337474711109,11.121005058288574
8800,1,8800,0.6298951506614685,0.6410313432703744,0.0002,0.14705657958984375,4965.484757618323,11.121005058288574
8820,1,8820,0.5797029733657837,0.6410058021917258,0.0002,0.18731658160686493,4968.720995867436,11.121005058288574
8840,1,8840,0.6276820302009583,0.6409549093645802,0.0002,0.19301223754882812,4971.9112636271575,11.121005058288574
8860,1,8860,0.6570879817008972,0.6409384516193283,0.0002,0.15809649229049683,4961.221116964139,11.121005058288574
8880,1,8880,0.6084043383598328,0.6409477918726537,0.0002,0.15993547439575195,4949.989545057304,11.121005058288574
8900,1,8900,0.5946105122566223,0.6409389272207188,0.0002,0.16693498194217682,4938.489545512122,11.121005058288574
8920,1,8920,0.64210045337677,0.6409235614927078,0.0002,0.1800486147403717,4941.785583580739,11.121005058288574
8940,1,8940,0.6097703576087952,0.6409079923875759,0.0002,0.11614520102739334,4933.872489832195,11.121005058288574
8960,1,8960,0.590735673904419,0.6409200126931857,0.0002,0.27025026082992554,4934.612496648458,11.121005058288574
8980,1,8980,0.6261065006256104,0.6409331010434001,0.0002,0.14840297400951385,4924.47148003049,11.121005058288574
9000,1,9000,0.6323426365852356,0.6409169522518804,0.0002,0.1573927253484726,4926.522510049756,11.121005058288574
9020,1,9020,0.6545573472976685,0.6408882446425287,0.0002,0.13532035052776337,4928.837526276082,11.121005058288574
9040,1,9040,0.6280733346939087,0.6408460936907855,0.0002,0.1847340166568756,4920.584194632147,11.121005058288574
9060,1,9060,0.6394734978675842,0.6408164750046851,0.0002,0.17273376882076263,4923.809796732453,11.121005058288574
9080,1,9080,0.6213617324829102,0.6407674630164852,0.0002,0.08911925554275513,4926.987362916125,11.121005058288574
9100,1,9100,0.5746957063674927,0.6407317431856164,0.0002,0.1624125838279724,4930.226200214574,11.121005058288574
9120,1,9120,0.6588205695152283,0.640698120851175,0.0002,0.3227866291999817,4933.212980970154,11.121005058288574
9140,1,9140,0.5915672183036804,0.6406998492295229,0.0002,0.17811192572116852,4936.423773982484,11.121005058288574
9160,1,9160,0.7073589563369751,0.6406572865163692,0.0002,0.19735944271087646,4939.60774843426,11.121005058288574
9180,1,9180,0.5441620945930481,0.6406186717524219,0.0002,0.11573906242847443,4942.845031521686,11.121005058288574
9200,1,9200,0.6125312447547913,0.640581224458272,0.0002,0.1292191743850708,4945.988388041062,11.121005058288574
9220,1,9220,0.6375606060028076,0.6405285913614972,0.0002,0.14517946541309357,4949.182553073261,11.121005058288574
9240,1,9240,0.5893411040306091,0.6405095428813651,0.0002,0.13650593161582947,4952.1164070689965,11.121005058288574
9260,1,9260,0.6729139685630798,0.6404805732836902,0.0002,0.19175860285758972,4955.234517258281,11.121005058288574
9280,1,9280,0.6394199132919312,0.6404503407682041,0.0002,0.21399380266666412,4945.473098878571,11.121005058288574
9300,1,9300,0.5712800621986389,0.6404367193045315,0.0002,0.24230559170246124,4935.57647409149,11.121005058288574
9320,1,9320,0.6077271699905396,0.6404053968615002,0.0002,0.269565224647522,4925.674689482919,11.121005058288574
9340,1,9340,0.6021177768707275,0.6403524939912566,0.0002,0.16617800295352936,4928.754004112162,11.121005058288574
9360,1,9360,0.6365438103675842,0.6403412156486398,0.0002,0.17380677163600922,4918.774562208071,11.121005058288574
9380,1,9380,0.5799676775932312,0.6403231962835156,0.0002,0.2198401838541031,4921.737665343956,11.121005058288574
9400,1,9400,0.6046570539474487,0.6403214755315576,0.0002,0.1380702406167984,4911.728946149417,11.121005058288574
9420,1,9420,0.638585090637207,0.6402876932120827,0.0002,0.16599301993846893,4902.353829396337,11.121005058288574
9440,1,9440,0.6709816455841064,0.6402712861769939,0.0002,0.1837666928768158,4905.56206781311,11.121005058288574
9460,1,9460,0.6476982235908508,0.6402595615168774,0.0002,0.18561652302742004,4908.611802584643,11.121005058288574
9480,1,9480,0.6367090344429016,0.6402435366458052,0.0002,0.17322340607643127,4911.71859951978,11.121005058288574
9500,1,9500,0.6199681162834167,0.6402297666920395,0.0002,0.212222158908844,4914.809273593129,11.121005058288574
9520,1,9520,0.6209357976913452,0.6402373769910741,0.0002,0.11505656689405441,4917.758789612431,11.121005058288574
9540,1,9540,0.6759628057479858,0.6402468034890577,0.0002,0.17554262280464172,4920.712009403907,11.121005058288574
9560,1,9560,0.6743232607841492,0.6402401829439808,0.0002,0.14825394749641418,4923.7550087556765,11.121005058288574
9580,1,9580,0.6453598737716675,0.6402376005647291,0.0002,0.18447497487068176,4926.772145801556,11.121005058288574
9600,1,9600,0.6116225123405457,0.6402248097474034,0.0002,0.1424274891614914,4929.8162194108645,11.121005058288574
9620,1,9620,0.6559625267982483,0.6402185048537429,0.0002,0.2567313015460968,4932.75327230663,11.121005058288574
9640,1,9640,0.6313786506652832,0.640220273374068,0.0002,0.30433547496795654,4935.644153606444,11.121005058288574
9660,1,9660,0.6386290192604065,0.6402222521154155,0.0002,0.24950984120368958,4938.60934495778,11.121005058288574
9680,1,9680,0.6738356351852417,0.6402094053618358,0.0002,0.12732990086078644,4928.846316834954,11.121005058288574
9700,1,9700,0.6185503602027893,0.640222402519075,0.0002,0.1427837461233139,4931.276529243883,11.121005058288574
9720,1,9720,0.6959779858589172,0.6402151486409848,0.0002,0.12182343751192093,4934.314243990873,11.121005058288574
9740,1,9740,0.6434865593910217,0.6402220101269228,0.0002,0.1029016450047493,4925.354633574643,11.121005058288574
9760,1,9760,0.5972248911857605,0.6402116215801608,0.0002,0.16714231669902802,4916.035699674016,11.121005058288574
9780,1,9780,0.5609890222549438,0.6402084166100449,0.0002,0.22010396420955658,4919.141024615464,11.121005058288574
9800,1,9800,0.6418920159339905,0.6401723966260889,0.0002,0.33382099866867065,4910.05870762402,11.121005058288574
9820,1,9820,0.6250547170639038,0.6401690280746831,0.0002,0.1492377668619156,4908.211925386386,11.121005058288574
9840,1,9840,0.5782325267791748,0.6401327206658491,0.0002,0.09648741781711578,4905.729215257744,11.121005058288574
9860,1,9860,0.5977097153663635,0.6401126973027382,0.0002,0.11437086015939713,4908.700379415673,11.121005058288574
9880,1,9880,0.657840371131897,0.6401012523800603,0.0002,0.18285344541072845,4911.630331388128,11.121005058288574
9900,1,9900,0.6025798916816711,0.640104805062279,0.0002,0.13800467550754547,4914.581198547326,11.121005058288574
9920,1,9920,0.6760247945785522,0.6400717290902209,0.0002,0.1735602617263794,4917.5509582123495,11.121005058288574
9940,1,9940,0.7038604617118835,0.6401102729064805,0.0002,0.14238636195659637,4920.365510606446,11.121005058288574
9960,1,9960,0.6619045734405518,0.6400990954123376,0.0002,0.3156622648239136,4923.357071063491,11.121005058288574
9980,1,9980,0.669086754322052,0.640092430391493,0.0002,0.13809554278850555,4926.254605925244,11.121005058288574
10000,1,10000,0.619473934173584,0.6400783684849974,0.0002,0.10233060270547867,4929.209098354589,11.121005058288574
10020,1,10020,0.6716540455818176,0.6400768539984784,0.0002,0.15215100347995758,4930.727514865904,11.121005058288574
10040,1,10040,0.7425869703292847,0.6400742556306368,0.0002,0.20562079548835754,4933.6762241027045,11.121005058288574
10060,1,10060,0.6099591255187988,0.6400538322906277,0.0002,0.12589944899082184,4936.4398259815625,11.121005058288574
10080,1,10080,0.6462926268577576,0.6400587505537316,0.0002,0.1812637448310852,4939.374451391459,11.121005058288574
10100,1,10100,0.6822535991668701,0.6400717790622888,0.0002,0.14746184647083282,4929.895209781779,11.121005058288574
10120,1,10120,0.6060250997543335,0.6400502730100149,0.0002,0.22043505311012268,4920.508952832129,11.121005058288574
10140,1,10140,0.682992696762085,0.6400275221231947,0.0002,0.14100222289562225,4911.5478538081425,11.121005058288574
10160,1,10160,0.6412692666053772,0.6400097081077569,0.0002,0.16835200786590576,4910.565202090665,11.121005058288574
10180,1,10180,0.620123028755188,0.6399900381538742,0.0002,0.1629154086112976,4905.909448056048,11.121005058288574
10200,1,10200,0.6498871445655823,0.6400016170458863,0.0002,0.15885519981384277,4908.664049879664,11.121005058288574
10220,1,10220,0.6230099201202393,0.639994901602474,0.0002,0.13885727524757385,4888.022989564875,11.121005058288574
10240,1,10240,0.6742408275604248,0.6399785227789921,0.0002,0.14899472892284393,4891.014331552932,11.121005058288574
10260,1,10260,0.6754307746887207,0.6399622356301803,0.0002,0.10949235409498215,4893.8405582672285,11.121005058288574
10280,1,10280,0.7140024304389954,0.6399595425856169,0.0002,0.14710184931755066,4896.743596210043,11.121005058288574
10300,1,10300,0.5749892592430115,0.6399399949942791,0.0002,0.20515775680541992,4899.570566613189,11.121005058288574
10320,1,10320,0.6545634269714355,0.6399144756102066,0.0002,0.1886741667985916,4902.297024823269,11.121005058288574
10340,1,10340,0.6551133394241333,0.639917610818202,0.0002,0.13883110880851746,4905.086118224741,11.121005058288574
10360,1,10360,0.6896525621414185,0.6399282638461948,0.0002,0.1459803730249405,4907.960800938453,11.121005058288574
10380,1,10380,0.569820761680603,0.6398987416179767,0.0002,0.1329437792301178,4910.654561745195,11.121005058288574
10400,1,10400,0.7346744537353516,0.6398566362412024,0.0002,0.12924513220787048,4913.475804489547,11.121005058288574
10420,1,10420,0.6648431420326233,0.639854527744353,0.0002,0.15121516585350037,4916.235803841798,11.121005058288574
10440,1,10440,0.6553531885147095,0.6398373910253677,0.0002,0.1300472468137741,4918.970788043738,11.121005058288574
10460,1,10460,0.6556262373924255,0.6398501822773397,0.0002,0.18693530559539795,4921.622073872883,11.121005058288574
10480,1,10480,0.6111320853233337,0.6398008892744044,0.0002,0.13291341066360474,4924.3958741591105,11.121005058288574
10500,1,10500,0.620503842830658,0.6397819017512828,0.0002,0.1187884584069252,4927.12902790205,11.121005058288574
10520,1,10520,0.6662598252296448,0.6397520031710497,0.0002,0.13557739555835724,4918.355684067305,11.121005058288574
10540,1,10540,0.6476001739501953,0.6397157881203202,0.0002,0.13226456940174103,4909.7593403680585,11.121005058288574
10560,1,10560,0.5682141780853271,0.6397146070258393,0.0002,0.1478927880525589,4902.369466620274,11.121005058288574
10580,1,10580,0.6573765277862549,0.639700203815512,0.0002,0.11831482499837875,4899.935195072485,11.121005058288574
10600,1,10600,0.6086951494216919,0.6396894635089991,0.0002,0.2794124484062195,4896.423397469671,11.121005058288574
10620,1,10620,0.7050541043281555,0.6396739848260007,0.0002,0.18059898912906647,4899.252455910659,11.121005058288574
10640,1,10640,0.6587119698524475,0.6396803549753611,0.0002,0.17321114242076874,4890.2019176100985,11.121005058288574
10660,1,10660,0.6321496963500977,0.6396761642598248,0.0002,0.19072884321212769,4892.948168671907,11.121005058288574
10680,1,10680,0.6694689989089966,0.6396690676686715,0.0002,0.14444763958454132,4895.741622247109,11.121005058288574
10700,1,10700,0.6325895190238953,0.6396783254691666,0.0002,0.184783473610878,4898.4449008071215,11.121005058288574
10720,1,10720,0.5945850014686584,0.6396915086785551,0.0002,0.15847307443618774,4901.08756778267,11.121005058288574
10740,1,10740,0.6071290969848633,0.639681416683444,0.0002,0.17604640126228333,4903.77189719605,11.121005058288574
10760,1,10760,0.6550272107124329,0.6396722710195845,0.0002,0.1666923612356186,4906.5334062149595,11.121005058288574
10780,1,10780,0.6574209332466125,0.6396670845465778,0.0002,0.1911991983652115,4909.224175339309,11.121005058288574
10800,1,10800,0.6732713580131531,0.639662032035036,0.0002,0.16814939677715302,4911.948683092007,11.121005058288574
10820,1,10820,0.6002703309059143,0.6396342020171255,0.0002,0.1456925868988037,4914.497573614483,11.121005058288574
10840,1,10840,0.5563693046569824,0.6396125926826717,0.0002,0.19638873636722565,4917.173841553748,11.121005058288574
10860,1,10860,0.7680619955062866,0.6396191920830622,0.0002,0.23386426270008087,4919.664570657324,11.121005058288574
10880,1,10880,0.7105799317359924,0.639619456352767,0.0002,0.22935374081134796,4922.344927856434,11.121005058288574
10900,1,10900,0.5969201922416687,0.6395925897118991,0.0002,0.17145806550979614,4924.945149429098,11.121005058288574
10920,1,10920,0.6771471500396729,0.639575066655525,0.0002,0.1806769073009491,4927.580023394497,11.121005058288574
10940,1,10940,0.5959921479225159,0.6395703508846348,0.0002,0.24647504091262817,4919.253140860944,11.121005058288574
10960,1,10960,0.5660408139228821,0.6395769872132478,0.0002,0.15735413134098053,4911.50395463133,11.121005058288574
10980,1,10980,0.6549205183982849,0.6395702819637255,0.0002,0.14730305969715118,4913.366034194519,11.121005058288574
11000,1,11000,0.6335253119468689,0.6395541652876585,0.0002,0.12963435053825378,4904.923352621046,11.121005058288574
11020,1,11020,0.6250443458557129,0.6395257289502133,0.0002,0.1709081381559372,4906.547268435751,11.121005058288574
11040,1,11040,0.6220861077308655,0.6394951206228426,0.0002,0.16873931884765625,4897.803565741747,11.121005058288574
11060,1,11060,0.5994524359703064,0.6394898033483266,0.0002,0.15481863915920258,4888.729599223037,11.121005058288574
11080,1,11080,0.6273050308227539,0.6394773793625289,0.0002,0.2228262573480606,4891.393939572267,11.121005058288574
11100,1,11100,0.6117331385612488,0.6394769209506532,0.0002,0.12848252058029175,4893.812531720933,11.121005058288574
11120,1,11120,0.6344649791717529,0.6394891507882947,0.0002,0.23088081181049347,4896.396899739174,11.121005058288574
11140,1,11140,0.6755387187004089,0.6394767434716233,0.0002,0.11934671550989151,4898.857595553154,11.121005058288574
11160,1,11160,0.7262692451477051,0.6394833869615912,0.0002,0.16213105618953705,4901.456798764004,11.121005058288574
11180,1,11180,0.5733655691146851,0.6394602021549106,0.0002,0.16052469611167908,4903.993330516799,11.121005058288574
11200,1,11200,0.6573851704597473,0.6394398748100468,0.0002,0.13034909963607788,4906.575035725121,11.121005058288574
11220,1,11220,0.5932985544204712,0.6394131672335145,0.0002,0.1468072384595871,4909.093279505744,11.121005058288574
11240,1,11240,0.5725557208061218,0.6393872523913255,0.0002,0.151798814535141,4911.578465285915,11.121005058288574
11260,1,11260,0.5799393057823181,0.6393784118750834,0.0002,0.12131758779287338,4914.0760368751335,11.121005058288574
11280,1,11280,0.6294698119163513,0.6393995600734836,0.0002,0.16035015881061554,4916.592341704551,11.121005058288574
11300,1,11300,0.6369537711143494,0.6393878311097362,0.0002,0.12475591897964478,4919.123789819373,11.121005058288574
11320,1,11320,0.58675217628479,0.6393904292034536,0.0002,0.14443901181221008,4912.640725718911,11.121005058288574
11340,1,11340,0.6214502453804016,0.6394056144245214,0.0002,0.21105094254016876,4915.176367800062,11.121005058288574
11360,1,11360,0.642565131187439,0.6393858861109191,0.0002,0.15400582551956177,4907.23974931976,11.121005058288574
11380,1,11380,0.6597363948822021,0.6393733432769332,0.0002,0.1944723129272461,4909.643438858417,11.121005058288574
11400,1,11400,0.5946736335754395,0.6393787833866307,0.0002,0.13555078208446503,4901.528007181526,11.121005058288574
11420,1,11420,0.5772216320037842,0.6393504095090254,0.0002,0.15086740255355835,4893.683666609786,11.121005058288574
11440,1,11440,0.630047619342804,0.639304470295563,0.0002,0.2652202844619751,4896.163453558245,11.121005058288574
11460,1,11460,0.6454372406005859,0.6392814329838901,0.0002,0.15736471116542816,4889.340157101983,11.121005058288574
11480,1,11480,0.5707817673683167,0.639235256136291,0.0002,0.1468169093132019,4891.883466376535,11.121005058288574
11500,1,11500,0.5565916299819946,0.6391899103575422,0.0002,0.17088928818702698,4894.2235207363365,11.121005058288574
11520,1,11520,0.6223176717758179,0.6391555625426336,0.0002,0.1556791514158249,4896.704354946793,11.121005058288574
11540,1,11540,0.6511542201042175,0.6391025287884556,0.0002,0.14395198225975037,4899.128265701755,11.121005058288574
11560,1,11560,0.6941070556640625,0.6390543829431958,0.0002,0.15625348687171936,4901.6405408080545,11.121005058288574
11580,1,11580,0.6384361982345581,0.6390132865575265,0.0002,0.11858220398426056,4904.129049166614,11.121005058288574
11600,1,11600,0.6536794304847717,0.6389722576434417,0.0002,0.1339220553636551,4906.582611128642,11.121005058288574
11620,1,11620,0.6250171065330505,0.6389356766628428,0.0002,0.1822747141122818,4909.006197872931,11.121005058288574
11640,1,11640,0.6069467663764954,0.6389124146932758,0.0002,0.15823814272880554,4911.414224574271,11.121005058288574
11660,1,11660,0.5994413495063782,0.6388576027554848,0.0002,0.17495954036712646,4913.840669367362,11.121005058288574
11680,1,11680,0.5852712988853455,0.6388147167982944,0.0002,0.11877775192260742,4905.936397954179,11.121005058288574
11700,1,11700,0.606153130531311,0.6387887692035656,0.0002,0.17651043832302094,4908.464927901387,11.121005058288574
11720,1,11720,0.637323796749115,0.6387650656724341,0.0002,0.20390751957893372,4910.843580316066,11.121005058288574
11740,1,11740,0.6338984966278076,0.6387205768521721,0.0002,0.1282678246498108,4913.296933961296,11.121005058288574
11760,1,11760,0.6318180561065674,0.6386866740430603,0.0002,0.12462911754846573,4904.822315806086,11.121005058288574
11780,1,11780,0.6186176538467407,0.6386669984987358,0.0002,0.11331938952207565,4907.282506949957,11.121005058288574
11800,1,11800,0.6225195527076721,0.6386614654084349,0.0002,0.09354820847511292,4907.064901267315,11.121005058288574
11820,1,11820,0.6250549554824829,0.6386645678770122,0.0002,0.21763058006763458,4899.531283186558,11.121005058288574
11840,1,11840,0.6669280529022217,0.638640504304973,0.0002,0.14791777729988098,4896.186306158212,11.121005058288574
11860,1,11860,0.6491386890411377,0.6386097894146573,0.0002,0.1992192566394806,4898.605920313568,11.121005058288574
11880,1,11880,0.5788609981536865,0.6385890642474195,0.0002,0.15908819437026978,4901.06198629763,11.121005058288574
11900,1,11900,0.6916325688362122,0.6385653887864767,0.0002,0.18743295967578888,4903.320156111111,11.121005058288574
11920,1,11920,0.6756376624107361,0.6385413851015398,0.0002,0.14559704065322876,4905.739560845144,11.121005058288574
11940,1,11940,0.576112687587738,0.6385078607734073,0.0002,0.13895045220851898,4908.036654656589,11.121005058288574
11960,1,11960,0.615695059299469,0.6384563308771651,0.0002,0.13695700466632843,4910.440860211702,11.121005058288574
11980,1,11980,0.6556828618049622,0.6384387876559156,0.0002,0.12097682058811188,4912.809530892144,11.121005058288574
12000,1,12000,0.6044036746025085,0.6384071611243686,0.0002,0.25625842809677124,4915.2598376474,11.121005058288574
12020,1,12020,0.6370431780815125,0.6383748160264915,0.0002,0.12815216183662415,4916.731266312942,11.121005058288574
12040,1,12040,0.6863071322441101,0.6383647987998297,0.0002,0.12573304772377014,4919.129156372531,11.121005058288574
12060,1,12060,0.6421198844909668,0.6383426776968424,0.0002,0.1668315976858139,4921.476024608748,11.121005058288574
12080,1,12080,0.6246968507766724,0.6382790330789286,0.0002,0.23485614359378815,4923.864860902326,11.121005058288574
12100,1,12100,0.5689154863357544,0.6382511512032327,0.0002,0.10503137111663818,4915.89408493439,11.121005058288574
12120,1,12120,0.6449924111366272,0.6382238625248838,0.0002,0.1356545388698578,4918.2215102316495,11.121005058288574
12140,1,12140,0.5855740904808044,0.6381940886705881,0.0002,0.1556750237941742,4920.598894534361,11.121005058288574
12160,1,12160,0.5889739394187927,0.6381442083421573,0.0002,0.16239522397518158,4919.798000843187,11.121005058288574
12180,1,12180,0.6230418682098389,0.6380997760418723,0.0002,0.2860032618045807,4912.20582877559,11.121005058288574
12200,1,12200,0.6056403517723083,0.6380716784853182,0.0002,0.1753804087638855,4908.912016280138,11.121005058288574
12220,1,12220,0.6273261904716492,0.6380412340006886,0.0002,0.27511727809906006,4907.827152912542,11.121005058288574
12240,1,12240,0.6508263349533081,0.6380448459855211,0.0002,0.2089764028787613,4900.218603232724,11.121005058288574
12260,1,12260,0.6519416570663452,0.6380442167637683,0.0002,0.14405591785907745,4902.563369049882,11.121005058288574
12280,1,12280,0.571028470993042,0.6380311224664964,0.0002,0.14139646291732788,4904.812537851766,11.121005058288574
12300,1,12300,0.6301600337028503,0.6380058859320741,0.0002,0.17925670742988586,4907.147817864353,11.121005058288574
12320,1,12320,0.7032879590988159,0.6379608904683773,0.0002,0.1534048616886139,4909.495831898303,11.121005058288574
12340,1,12340,0.679413914680481,0.6379431175507414,0.0002,0.20257940888404846,4911.888891942771,11.121005058288574
12360,1,12360,0.6338521838188171,0.6379281725558935,0.0002,0.11655548214912415,4914.253569288869,11.121005058288574
12380,1,12380,0.6649441719055176,0.6379071932017748,0.0002,0.3679719567298889,4916.565606097375,11.121005058288574
12400,1,12400,0.5761529803276062,0.6378707492378634,0.0002,0.205230712890625,4918.890459221909,11.121005058288574
12420,1,12420,0.6139522194862366,0.637870751898931,0.0002,0.15006446838378906,4921.1039964738375,11.121005058288574
12440,1,12440,0.5811939835548401,0.6378415703039976,0.0002,0.20748206973075867,4923.400515901622,11.121005058288574
12460,1,12460,0.7341127991676331,0.6378521203046064,0.0002,0.15853826701641083,4925.70593765477,11.121005058288574
12480,1,12480,0.684623658657074,0.6378308740172709,0.0002,0.13021379709243774,4927.969024027,11.121005058288574
12500,1,12500,0.5872957706451416,0.6377967132670078,0.0002,0.15101534128189087,4930.252053471193,11.121005058288574
12520,1,12520,0.6928457617759705,0.6377672432620834,0.0002,0.12205776572227478,4923.3006766533745,11.121005058288574
12540,1,12540,0.595698893070221,0.6377403552082661,0.0002,0.1381504237651825,4925.624448027541,11.121005058288574
12560,1,12560,0.6267046332359314,0.6377215676092035,0.0002,0.12111614644527435,4917.0223384054725,11.121005058288574
12580,1,12580,0.6490077972412109,0.6377097426991041,0.0002,0.11666907370090485,4917.058612699224,11.121005058288574
12600,1,12600,0.5964528918266296,0.637676769211891,0.0002,0.15319952368736267,4911.436408536914,11.121005058288574
12620,1,12620,0.6658422946929932,0.6376730657950526,0.0002,0.1245308443903923,4903.032370289413,11.121005058288574
12640,1,12640,0.5260217785835266,0.6376564255018903,0.0002,0.18869461119174957,4895.73572530431,11.121005058288574
12660,1,12660,0.5594233274459839,0.6376533538694824,0.0002,0.111956886947155,4898.110063314482,11.121005058288574
12680,1,12680,0.673260509967804,0.6376333639356304,0.0002,0.11688545346260071,4900.230499042861,11.121005058288574
12700,1,12700,0.5634722709655762,0.6376013706259586,0.0002,0.10560886561870575,4902.446756465323,11.121005058288574
12720,1,12720,0.6468152403831482,0.6375672791621267,0.0002,0.10645914077758789,4904.693294554679,11.121005058288574
12740,1,12740,0.6406886577606201,0.6375332022741026,0.0002,0.1659224033355713,4906.862604111925,11.121005058288574
12760,1,12760,0.6653797626495361,0.6375247303157157,0.0002,0.20897367596626282,4909.097054346725,11.121005058288574
12780,1,12780,0.571104109287262,0.6374976532297711,0.0002,0.18398287892341614,4911.3588455043055,11.121005058288574
12800,1,12800,0.5553297996520996,0.6374674350201257,0.0002,0.21395061910152435,4913.587512245663,11.121005058288574
12820,1,12820,0.5691314339637756,0.6374313141373642,0.0002,0.2037377506494522,4915.750837899848,11.121005058288574
12840,1,12840,0.6002293229103088,0.6373956507176048,0.0002,0.1550772786140442,4917.968290737127,11.121005058288574
12860,1,12860,0.5253501534461975,0.6373400054108684,0.0002,0.15258671343326569,4920.231475842906,11.121005058288574
12880,1,12880,0.6791831851005554,0.6373262455226182,0.0002,0.13800130784511566,4922.475359951776,11.121005058288574
12900,1,12900,0.656323254108429,0.6373270873199587,0.0002,0.1941816806793213,4924.690688322313,11.121005058288574
12920,1,12920,0.6153275966644287,0.6373031003282171,0.0002,0.10660868883132935,4918.854783115884,11.121005058288574
12940,1,12940,0.6043407917022705,0.6372750914837129,0.0002,0.1320633590221405,4921.164961280591,11.121005058288574
12960,1,12960,0.656143307685852,0.6372408467012888,0.0002,0.23665548861026764,4923.222369742231,11.121005058288574
12980,1,12980,0.540664792060852,0.6372109844052031,0.0002,0.16157807409763336,4917.642051799924,11.121005058288574
13000,1,13000,0.619875967502594,0.6371847954848094,0.0002,0.18780437111854553,4909.56034921982,11.121005058288574
13020,1,13020,0.6119368076324463,0.6371868269312545,0.0002,0.16505105793476105,4892.39242942062,11.121005058288574
13040,1,13040,0.6376675367355347,0.6371290251494671,0.0002,0.12445051968097687,4894.561244355272,11.121005058288574
13060,1,13060,0.5668326616287231,0.6371033592132539,0.0002,0.19002440571784973,4888.970097987971,11.121005058288574
13080,1,13080,0.6113290190696716,0.6370841072869001,0.0002,0.23199667036533356,4891.1344057384695,11.121005058288574
13100,1,13100,0.6087052226066589,0.6370823275983983,0.0002,0.09320246428251266,4893.3243163836305,11.121005058288574
13120,1,13120,0.6017575263977051,0.6370688546008481,0.0002,0.15364351868629456,4895.460206870828,11.121005058288574
13140,1,13140,0.6009232997894287,0.6370584292921209,0.0002,0.1380183845758438,4897.659296287048,11.121005058288574
13160,1,13160,0.6558173894882202,0.6370389718252552,0.0002,0.1920263171195984,4899.702431696956,11.121005058288574
13180,1,13180,0.653677761554718,0.6370189842222483,0.0002,0.12527723610401154,4901.847118662112,11.121005058288574
13200,1,13200,0.5902665257453918,0.6370128320028617,0.0002,0.14593803882598877,4903.849808169273,11.121005058288574
13220,1,13220,0.6040709018707275,0.6369967665857122,0.0002,0.18407505750656128,4905.9716272738415,11.121005058288574
13240,1,13240,0.5565638542175293,0.6369448725931691,0.0002,0.13543851673603058,4908.067685998481,11.121005058288574
13260,1,13260,0.5837175846099854,0.6369042854281415,0.0002,0.15094028413295746,4910.168170311492,11.121005058288574
13280,1,13280,0.6374413967132568,0.6368661001538037,0.0002,0.11610234528779984,4912.253462613519,11.121005058288574
13300,1,13300,0.5890047550201416,0.6368500358048,0.0002,0.20021073520183563,4905.6293777317405,11.121005058288574
13320,1,13320,0.6172758340835571,0.636842970353704,0.0002,0.17350773513317108,4907.705936979924,11.121005058288574
13340,1,13340,0.6044637560844421,0.6368324199950439,0.0002,0.22049580514431,4900.615381630184,11.121005058288574
13360,1,13360,0.6162934303283691,0.6368360269348166,0.0002,0.15595713257789612,4902.81364501752,11.121005058288574
13380,1,13380,0.6220546364784241,0.6368307890051413,0.0002,0.13753479719161987,4904.896494570887,11.121158123016357
13400,1,13400,0.5833703279495239,0.6368024669933494,0.0002,0.1529226005077362,4897.1040641770205,11.121158123016357
13420,1,13420,0.6422568559646606,0.6367865591960838,0.0002,0.18225498497486115,4889.257578300083,11.121158123016357
13440,1,13440,0.6123195886611938,0.6367844093883686,0.0002,0.15278615057468414,4891.398413657153,11.121158123016357
13460,1,13460,0.6124666929244995,0.6367646581585704,0.0002,0.1424010694026947,4884.653819721433,11.121158123016357
13480,1,13480,0.6738020777702332,0.6367482426047949,0.0002,0.1581135392189026,4886.824982696721,11.121158123016357
13500,1,13500,0.5747151970863342,0.6367431684087373,0.0002,0.1506323218345642,4888.907338231773,11.121158123016357
13520,1,13520,0.5572635531425476,0.6367453020481441,0.0002,0.18094007670879364,4891.057266525794,11.121158123016357
13540,1,13540,0.594943642616272,0.6367375533988496,0.0002,0.1471620798110962,4893.153665890183,11.121158123016357
13560,1,13560,0.6376591920852661,0.6367384173842625,0.0002,0.2563186287879944,4895.292755476175,11.121158123016357
13580,1,13580,0.6619676351547241,0.6367361502632839,0.0002,0.2119184285402298,4897.259438609448,11.121158123016357
13600,1,13600,0.6520957946777344,0.6367337105514537,0.0002,0.13062642514705658,4899.391231210547,11.121158123016357
13620,1,13620,0.69233638048172,0.6367155621298943,0.0002,0.15502628684043884,4901.473298203974,11.121158123016357
13640,1,13640,0.673855185508728,0.6367075255227568,0.0002,0.14855049550533295,4903.591873682242,11.121158123016357
13660,1,13660,0.7106065154075623,0.6367048118083968,0.0002,0.18118293583393097,4905.668422879619,11.121158123016357
13680,1,13680,0.6760628819465637,0.636693709818556,0.0002,0.19861432909965515,4907.759880234379,11.121158123016357
13700,1,13700,0.6170212030410767,0.6366885439565673,0.0002,0.15744951367378235,4909.791138556341,11.121158123016357
13720,1,13720,0.60286545753479,0.6367006603297565,0.0002,0.14136214554309845,4903.347183922446,11.121158123016357
13740,1,13740,0.5737383961677551,0.636700165523049,0.0002,0.13134141266345978,4905.433788131325,11.121158123016357
13760,1,13760,0.6243434548377991,0.6367277728140649,0.0002,0.16018401086330414,4907.442909252843,11.121158123016357
13780,1,13780,0.6537496447563171,0.6367361552579318,0.0002,0.17843972146511078,4901.343404541895,11.121158123016357
13800,1,13800,0.6421618461608887,0.6367156678043477,0.0002,0.1514245867729187,4903.437552703385,11.121158123016357
13820,1,13820,0.6040564179420471,0.6367022473530177,0.0002,0.2976623475551605,4896.481818543819,11.121158123016357
13840,1,13840,0.6758732199668884,0.6367141266904125,0.0002,0.1598971039056778,4886.863063291049,11.121158123016357
13860,1,13860,0.6293125748634338,0.6367071681970962,0.0002,0.17096756398677826,4888.99564988071,11.121158123016357
13880,1,13880,0.640675961971283,0.6366990859848994,0.0002,0.17560502886772156,4881.741183385966,11.121158123016357
13900,1,13900,0.5965443849563599,0.6366588698729883,0.0002,0.13646121323108673,4883.723655604179,11.121158123016357
13920,1,13920,0.6528211236000061,0.6366389850713335,0.0002,0.23509112000465393,4885.805560556271,11.121158123016357
13940,1,13940,0.65131676197052,0.6366405771629108,0.0002,0.2628379166126251,4887.834987095302,11.121158123016357
13960,1,13960,0.58413165807724,0.636611505650759,0.0002,0.11789136379957199,4889.893161988207,11.121158123016357
13980,1,13980,0.5999975800514221,0.6366006513733028,0.0002,0.1395152062177658,4891.80078460637,11.121158123016357
14000,1,14000,0.6484647989273071,0.6365694855673586,0.0002,0.13567228615283966,4893.711021747749,11.121158123016357
14020,1,14020,0.6747612357139587,0.6365595374538164,0.0002,0.20328551530838013,4894.403358289918,11.121158123016357
14040,1,14040,0.6647087931632996,0.6365478363049758,0.0002,0.17802658677101135,4896.348026025816,11.121158123016357
14060,1,14060,0.6169609427452087,0.6365334017775197,0.0002,0.17973963916301727,4898.381080824721,11.121158123016357
14080,1,14080,0.5715768337249756,0.6365157145723583,0.0002,0.2032296061515808,4900.412014279895,11.121158123016357
14100,1,14100,0.641997754573822,0.6365075424319337,0.0002,0.1527358591556549,4902.41482535674,11.121158123016357
14120,1,14120,0.568041980266571,0.6364643265349677,0.0002,0.2361316978931427,4895.625522948738,11.121158123016357
14140,1,14140,0.6517271995544434,0.6364320330450735,0.0002,0.13200914859771729,4897.673821842529,11.121158123016357
14160,1,14160,0.6386379599571228,0.6364332985507702,0.0002,0.11856035143136978,4899.612388737147,11.121158123016357
14180,1,14180,0.6188725829124451,0.6364322392693823,0.0002,0.15188877284526825,4892.540228560972,11.121158123016357
14200,1,14200,0.624239444732666,0.6364286781227528,0.0002,0.1673068404197693,4894.563759247108,11.121158123016357
14220,1,14220,0.6670375466346741,0.6364076195347783,0.0002,0.10050671547651291,4887.69062054374,11.121158123016357
14240,1,14240,0.5416370630264282,0.6363956370955333,0.0002,0.13161025941371918,4881.52608598575,11.121158123016357
14260,1,14260,0.7052857875823975,0.6363658919366296,0.0002,0.1851716786623001,4876.456531861728,11.121158123016357
14280,1,14280,0.6342383027076721,0.6363601791025972,0.0002,0.15170010924339294,4878.49459645959,11.121158123016357
14300,1,14300,0.6326109170913696,0.6363336702109672,0.0002,0.12467852234840393,4872.3740847980425,11.121158123016357
14320,1,14320,0.646501898765564,0.6363150704972877,0.0002,0.1867368072271347,4874.42693358308,11.121158123016357
14340,1,14340,0.601651668548584,0.636302067644789,0.0002,0.14074286818504333,4876.4409169723995,11.121158123016357
14360,1,14360,0.6645774245262146,0.6362874010732943,0.0002,0.1282878965139389,4878.451288732071,11.121158123016357
14380,1,14380,0.6236101388931274,0.6362419133493061,0.0002,0.2365211844444275,4880.456102257065,11.121158123016357
14400,1,14400,0.5773468613624573,0.636217364228821,0.0002,0.17186479270458221,4882.41778236904,11.121158123016357
14420,1,14420,0.6103608012199402,0.6362031418817128,0.0002,0.11654248088598251,4884.450968548464,11.121158123016357
14440,1,14440,0.6160727143287659,0.6362067376183546,0.0002,0.1765918731689453,4886.443620461253,11.121158123016357
14460,1,14460,0.633047878742218,0.6361765768507833,0.0002,0.13694444298744202,4888.420827301358,11.121158123016357
14480,1,14480,0.66255784034729,0.6361355188261247,0.0002,0.14432618021965027,4890.409679420258,11.121158123016357
14500,1,14500,0.6089906692504883,0.6361139829799218,0.0002,0.15492410957813263,4892.27374993779,11.121158123016357
14520,1,14520,0.5760742425918579,0.6360923621229582,0.0002,0.1361347883939743,4894.228331480001,11.121158123016357
14540,1,14540,0.5983784198760986,0.6360826955040273,0.0002,0.12206504493951797,4888.318944143253,11.121158123016357
14560,1,14560,0.5738309025764465,0.6360885054019414,0.0002,0.15805618464946747,4890.329900442014,11.121158123016357
14580,1,14580,0.6690822243690491,0.6360941730273695,0.0002,0.17140857875347137,4892.352087672442,11.121158123016357
14600,1,14600,0.6337089538574219,0.636053794874922,0.0002,0.12204084545373917,4886.370053925091,11.121158123016357
14620,1,14620,0.649577796459198,0.6360641833736712,0.0002,0.20316541194915771,4885.464167698602,11.121158123016357
14640,1,14640,0.6645891666412354,0.6360533193207347,0.0002,0.1361071616411209,4880.880435959529,11.121158123016357
14660,1,14660,0.6767212748527527,0.6360422864121945,0.0002,0.18244758248329163,4875.9954873661845,11.121158123016357
14680,1,14680,0.6255573034286499,0.6360366289289087,0.0002,0.09206867218017578,4877.847681001737,11.121158123016357
14700,1,14700,0.6433330774307251,0.6360326388849799,0.0002,0.13261082768440247,4879.808099635659,11.121158123016357
14720,1,14720,0.6481354236602783,0.6360369797233807,0.0002,0.10132233053445816,4875.251777379008,11.121158123016357
14740,1,14740,0.6265610456466675,0.6360182126610304,0.0002,0.1337328553199768,4877.136109620852,11.121158123016357
14760,1,14760,0.6176234483718872,0.636011054805881,0.0002,0.2693316638469696,4879.108335432241,11.121158123016357
14780,1,14780,0.6203683614730835,0.6359931510675843,0.0002,0.1354711502790451,4880.995355356822,11.121158123016357
14800,1,14800,0.6110814213752747,0.635973065457963,0.0002,0.14131313562393188,4882.9334599667045,11.121158123016357
14820,1,14820,0.6232057213783264,0.6359556404561318,0.0002,0.11705498397350311,4884.757009115482,11.121158123016357
14840,1,14840,0.6004747748374939,0.6359406612385449,0.0002,0.23610302805900574,4886.6532982633735,11.121158123016357
14860,1,14860,0.6368059515953064,0.6359120026727747,0.0002,0.1450812965631485,4888.541877192127,11.121158123016357
14880,1,14880,0.6293918490409851,0.6358841327280847,0.0002,0.13264432549476624,4890.485390190432,11.121158123016357
14900,1,14900,0.6019432544708252,0.6358448909459373,0.0002,0.13710594177246094,4892.36645808977,11.121158123016357
14920,1,14920,0.6650798320770264,0.6358439143772083,0.0002,0.13765010237693787,4894.303439361065,11.121158123016357
14940,1,14940,0.5889260172843933,0.635808616797378,0.0002,0.11178901046514511,4896.115924402617,11.121158123016357
14960,1,14960,0.686832845211029,0.6357910991664367,0.0002,0.12379030138254166,4889.4383060124455,11.121158123016357
14980,1,14980,0.6388117074966431,0.6357706126482483,0.0002,0.1479981243610382,4891.358645879025,11.121158123016357
15000,1,15000,0.6544169187545776,0.6357589642951615,0.0002,0.13098622858524323,4893.254436115464,11.121158123016357
15020,1,15020,0.6143755912780762,0.6357567022988699,0.0002,0.11792179197072983,4886.866545858214,11.121158123016357
15040,1,15040,0.5783900618553162,0.6357182312773613,0.0002,0.11534880846738815,4879.926311284888,11.121158123016357
15060,1,15060,0.6932494640350342,0.6357016636972909,0.0002,0.1380736529827118,4876.073727058906,11.121158123016357
15080,1,15080,0.6553748846054077,0.6357099701087527,0.0002,0.1271175742149353,4877.9620181760765,11.121158123016357
15100,1,15100,0.6651948690414429,0.6357248172120048,0.0002,0.1679428070783615,4872.24770295851,11.121158123016357
15120,1,15120,0.6615226864814758,0.6357134950588722,0.0002,0.1252170354127884,4874.132748543451,11.121158123016357
15140,1,15140,0.6332254409790039,0.6356952889037573,0.0002,0.1328784078359604,4876.033669690738,11.121158123016357
15160,1,15160,0.6155612468719482,0.6356981827709901,0.0002,0.19313041865825653,4877.940510927426,11.121158123016357
15180,1,15180,0.602705180644989,0.6356887340394826,0.0002,0.17738819122314453,4879.668013767982,11.121158123016357
15200,1,15200,0.6625142097473145,0.6356850894101491,0.0002,0.12432467937469482,4881.572607522003,11.121158123016357
15220,1,15220,0.6976121068000793,0.6356634285996121,0.0002,0.11666253954172134,4883.4267869285495,11.121158123016357
15240,1,15240,0.6399980783462524,0.6356561553469102,0.0002,0.14212077856063843,4885.308997968036,11.121158123016357
15260,1,15260,0.6352332234382629,0.6356296862940869,0.0002,0.19820581376552582,4887.162822273705,11.121158123016357
15280,1,15280,0.6222612261772156,0.6356053271881253,0.0002,0.11927568167448044,4888.962828764132,11.121158123016357
15300,1,15300,0.6362196803092957,0.6355905590068684,0.0002,0.1526528298854828,4890.82822382311,11.121158123016357
15320,1,15320,0.607995331287384,0.6355748069137801,0.0002,0.18971922993659973,4892.616852943595,11.121158123016357
15340,1,15340,0.6447045207023621,0.6355675670809785,0.0002,0.16439242660999298,4894.447681054124,11.121158123016357
15360,1,15360,0.6265801191329956,0.6355700058001623,0.0002,0.1714637130498886,4896.359387533464,11.121158123016357
15380,1,15380,0.6116472482681274,0.6355550132238003,0.0002,0.16235418617725372,4890.829895742268,11.121158123016357
15400,1,15400,0.6426222920417786,0.635571146937163,0.0002,0.11601807177066803,4892.643225487811,11.121158123016357
15420,1,15420,0.6548113822937012,0.635560107619042,0.0002,0.2099994421005249,4886.508822634531,11.121158123016357
15440,1,15440,0.6489011645317078,0.6355588383663466,0.0002,0.11413939297199249,4880.502633738827,11.121158123016357
15460,1,15460,0.586474597454071,0.6355501864139238,0.0002,0.16768471896648407,4874.303654054096,11.121158123016357
15480,1,15480,0.6513820886611938,0.6355394073175494,0.0002,0.16993024945259094,4876.148883090509,11.121158123016357
15500,1,15500,0.6189204454421997,0.635514571661228,0.0002,0.11765943467617035,4870.376866388319,11.121158123016357
15520,1,15520,0.6338127255439758,0.6354850051271692,0.0002,0.1337304264307022,4872.296584332045,11.121158123016357
15540,1,15540,0.6499817371368408,0.6354762064636934,0.0002,0.27888086438179016,4874.129696897313,11.121158123016357
15560,1,15560,0.5662930607795715,0.6354586354687785,0.0002,0.17540331184864044,4875.976412461863,11.121158123016357
15580,1,15580,0.6751000881195068,0.6354547544108273,0.0002,0.15477456152439117,4877.720212690408,11.121158123016357
15600,1,15600,0.5746002793312073,0.6354198011800264,0.0002,0.2953665852546692,4879.578802136675,11.121158123016357
15620,1,15620,0.6755889654159546,0.6354348882958587,0.0002,0.24269312620162964,4881.393094212761,11.121158123016357
15640,1,15640,0.6370072364807129,0.6354269756257006,0.0002,0.16552162170410156,4883.195696715479,11.121158123016357
15660,1,15660,0.6275426149368286,0.6354064203883928,0.0002,0.10805421322584152,4884.9830849027,11.121158123016357
15680,1,15680,0.5919002890586853,0.6353919595769183,0.0002,0.12269844114780426,4886.809804772479,11.121158123016357
15700,1,15700,0.6213204860687256,0.6353715268909166,0.0002,0.15142768621444702,4888.615185166381,11.121158123016357
15720,1,15720,0.6686660051345825,0.6353671062462594,0.0002,0.17233432829380035,4890.43979443711,11.121158123016357
15740,1,15740,0.6640986800193787,0.6353572590812946,0.0002,0.12080493569374084,4892.168678369092,11.121158123016357
15760,1,15760,0.5968791842460632,0.6353272581151556,0.0002,0.20674487948417664,4893.991792570993,11.121158123016357
15780,1,15780,0.6254226565361023,0.6353137492727766,0.0002,0.12280967831611633,4886.696972970719,11.121158123016357
15800,1,15800,0.5098022818565369,0.6352874263314288,0.0002,0.1956033706665039,4888.521284026914,11.121158123016357
15820,1,15820,0.5755250453948975,0.6352651006090868,0.0002,0.11916958540678024,4881.707536772485,11.121158123016357
15840,1,15840,0.633300244808197,0.6352681575908375,0.0002,0.11964879930019379,4877.1480859672,11.121158123016357
15860,1,15860,0.6033419370651245,0.6352502663659814,0.0002,0.134689599275589,4872.721260398735,11.121158123016357
15880,1,15880,0.5741081237792969,0.6352220261229988,0.0002,0.09338222444057465,4866.5102348802875,11.121158123016357
15900,1,15900,0.641952395439148,0.6352042595253997,0.0002,0.12862461805343628,4868.390482314449,11.121158123016357
15920,1,15920,0.6461434364318848,0.6352184243280979,0.0002,0.13109686970710754,4861.59099000433,11.121158123016357
15940,1,15940,0.5666813850402832,0.6352069656822336,0.0002,0.148352712392807,4863.415586442438,11.121158123016357
15960,1,15960,0.6030983328819275,0.6351936529085093,0.0002,0.16348829865455627,4865.241463428722,11.121158123016357
15980,1,15980,0.6498974561691284,0.6351882410583416,0.0002,0.10799674689769745,4867.036511836134,11.121158123016357
16000,1,16000,0.6089562177658081,0.6351732675677747,0.0002,0.1452796310186386,4868.673978668451,11.121158123016357
16020,1,16020,0.6489191651344299,0.6351606087462345,0.0002,0.2370489239692688,4869.762915679178,11.121158123016357
16040,1,16040,0.5483773946762085,0.635122182565726,0.0002,0.12889063358306885,4871.583657949666,11.121158123016357
16060,1,16060,0.6084157824516296,0.6350999494432711,0.0002,0.14907881617546082,4873.341593600446,11.121158123016357
16080,1,16080,0.5516376495361328,0.6350717858049658,0.0002,0.1573965698480606,4875.155044990836,11.121158123016357
16100,1,16100,0.628601610660553,0.6350648192809462,0.0002,0.21596018970012665,4876.925063586714,11.121158123016357
16120,1,16120,0.5924850106239319,0.6350613168997341,0.0002,0.16130396723747253,4878.61994745648,11.121158123016357
16140,1,16140,0.5795339345932007,0.6350641532737994,0.0002,0.1311042755842209,4880.371065441137,11.121158123016357
16160,1,16160,0.6652001738548279,0.6350726870432462,0.0002,0.15684263408184052,4882.149640179437,11.121158123016357
16180,1,16180,0.6193654537200928,0.6350617596941166,0.0002,0.18900509178638458,4883.896264110391,11.121158123016357
16200,1,16200,0.5753597617149353,0.6350504701749659,0.0002,0.1967223435640335,4878.607347015972,11.121158123016357
16220,1,16220,0.7072359919548035,0.6350400723451434,0.0002,0.1972425878047943,4874.296982132471,11.121158123016357
16240,1,16240,0.7220872640609741,0.6350325032789347,0.0002,0.20200228691101074,4868.395470663005,11.121158123016357
16260,1,16260,0.6837059259414673,0.635036472512296,0.0002,0.149374321103096,4870.124684880862,11.121158123016357
16280,1,16280,0.602055549621582,0.6350273899154801,0.0002,0.11728700250387192,4864.344476082969,11.121158123016357
16300,1,16300,0.6528757810592651,0.6350086626987421,0.0002,0.19133125245571136,4859.2842456780145,11.121158123016357
16320,1,16320,0.717028021812439,0.6349922873998365,0.0002,0.14656585454940796,4861.030473438596,11.121158123016357
16340,1,16340,0.5949921011924744,0.6349669805916168,0.0002,0.13990764319896698,4856.395376689876,11.121158123016357
16360,1,16360,0.6556708216667175,0.6349353574993162,0.0002,0.14113759994506836,4858.197797500635,11.121158123016357
16380,1,16380,0.6740424633026123,0.6349138880491096,0.0002,0.1717783659696579,4859.886587391889,11.121158123016357
16400,1,16400,0.6842681169509888,0.634891495950868,0.0002,0.19700372219085693,4861.650971121713,11.121158123016357
16420,1,16420,0.658200740814209,0.6348701245270515,0.0002,0.12954385578632355,4863.383871279395,11.121158123016357
16440,1,16440,0.648360550403595,0.6348473965676883,0.0002,0.16991783678531647,4865.179360625851,11.121158123016357
16460,1,16460,0.664520800113678,0.6348194866980418,0.0002,0.20883041620254517,4866.903378731021,11.121158123016357
16480,1,16480,0.6506509184837341,0.6347770690039669,0.0002,0.13677796721458435,4868.671455129765,11.121158123016357
16500,1,16500,0.635856568813324,0.6347573456017986,0.0002,0.12679485976696014,4870.366249845156,11.121158123016357
16520,1,16520,0.5842443704605103,0.6347225391432187,0.0002,0.14278404414653778,4872.027848764439,11.121158123016357
16540,1,16540,0.7721808552742004,0.6347014715666877,0.0002,0.17134292423725128,4873.666662948021,11.121158123016357
16560,1,16560,0.6252714395523071,0.6346810173132226,0.0002,0.24962499737739563,4875.326081948933,11.121158123016357
16580,1,16580,0.6493321657180786,0.6346583654630988,0.0002,0.10868937522172928,4876.989682839277,11.121158123016357
16600,1,16600,0.6017115712165833,0.6346405921627848,0.0002,0.11371937394142151,4870.532011862187,11.121158123016357
16620,1,16620,0.6753816604614258,0.6346239263070645,0.0002,0.11963826417922974,4872.315263178941,11.121158123016357
16640,1,16640,0.6486935019493103,0.6345971629251985,0.0002,0.15315869450569153,4867.378468684127,11.121158123016357
16660,1,16660,0.6706780195236206,0.6345720345058403,0.0002,0.13464295864105225,4867.903746499527,11.121158123016357
16680,1,16680,0.5644779801368713,0.6345473897414584,0.0002,0.12228035181760788,4861.194638270361,11.121158123016357
16700,1,16700,0.6371684670448303,0.6345249794099778,0.0002,0.10743304342031479,4862.923910833206,11.121158123016357
16720,1,16720,0.5862389802932739,0.6345099446220333,0.0002,0.10007217526435852,4864.669313360267,11.121158123016357
16740,1,16740,0.6765674948692322,0.634495905734225,0.0002,0.14063291251659393,4859.173812392199,11.121158123016357
16760,1,16760,0.6122404336929321,0.6344832179355833,0.0002,0.09539805352687836,4860.923379373794,11.121158123016357
16780,1,16780,0.5766004920005798,0.6344819256060784,0.0002,0.11999516934156418,4862.456686353233,11.121158123016357
16800,1,16800,0.7060887217521667,0.6344800113536936,0.0002,0.11405795812606812,4864.175070611605,11.121158123016357
16820,1,16820,0.630186140537262,0.6344550978140137,0.0002,0.10838629305362701,4865.835977221608,11.121158123016357
16840,1,16840,0.6668246388435364,0.6344346215345368,0.0002,0.1923094242811203,4867.558306844427,11.121158123016357
16860,1,16860,0.6164786219596863,0.6344267757577297,0.0002,0.20066885650157928,4869.258274523973,11.121158123016357
16880,1,16880,0.5987288951873779,0.6344218324984512,0.0002,0.16071276366710663,4870.930732849071,11.121158123016357
16900,1,16900,0.5960116982460022,0.6344018744689367,0.0002,0.1163892075419426,4872.592686390625,11.121158123016357
16920,1,16920,0.6657804250717163,0.6343908765940033,0.0002,0.2251202017068863,4874.177115166982,11.121158123016357
16940,1,16940,0.6121123433113098,0.634377468745699,0.0002,0.11704490333795547,4875.862066463213,11.121158123016357
16960,1,16960,0.6668671369552612,0.6343637132552391,0.0002,0.14870573580265045,4877.566944339174,11.121158123016357
16980,1,16980,0.6184472441673279,0.6343618960800395,0.0002,0.16081346571445465,4872.206610987817,11.121158123016357
17000,1,17000,0.6566394567489624,0.6343576716121128,0.0002,0.13626030087471008,4867.039967102704,11.121158123016357
17020,1,17020,0.6708105206489563,0.6343479307000599,0.0002,0.14719894528388977,4867.798650116092,11.121158123016357
17040,1,17040,0.6997311115264893,0.6343581944548641,0.0002,0.15909364819526672,4862.453957468533,11.121158123016357
17060,1,17060,0.6796760559082031,0.6343649773301291,0.0002,0.13573551177978516,4857.479534619695,11.121158123016357
17080,1,17080,0.6207085251808167,0.6343447655004926,0.0002,0.12467435002326965,4858.320610856129,11.121158123016357
17100,1,17100,0.621009111404419,0.6343449252534108,0.0002,0.12552310526371002,4851.591779861823,11.121158123016357
17120,1,17120,0.6474753022193909,0.6343398132205865,0.0002,0.1292550414800644,4853.249709383612,11.121158123016357
17140,1,17140,0.6304352879524231,0.6343535596729959,0.0002,0.16798533499240875,4854.947624524762,11.121158123016357
17160,1,17160,0.6047630310058594,0.6343384472388593,0.0002,0.1392734944820404,4849.973538729247,11.121158123016357
17180,1,17180,0.6211568117141724,0.6343544791708421,0.0002,0.21222616732120514,4851.694805379129,11.121158123016357
17200,1,17200,0.5663226842880249,0.6343436513383391,0.0002,0.10567221790552139,4853.419242894048,11.121158123016357
17220,1,17220,0.6519396305084229,0.6343401519897611,0.0002,0.1343683898448944,4855.07290813541,11.121158123016357
17240,1,17240,0.624239444732666,0.6343387992774988,0.0002,0.13421620428562164,4856.783224297269,11.121158123016357
17260,1,17260,0.6159485578536987,0.6343424837126818,0.0002,0.11377601325511932,4858.453969211151,11.121158123016357
17280,1,17280,0.5935040712356567,0.6343377442568146,0.0002,0.12421863526105881,4860.134748975751,11.121158123016357
17300,1,17300,0.6965463757514954,0.6343474506907578,0.0002,0.13485606014728546,4861.693666458566,11.121158123016357
17320,1,17320,0.607524573802948,0.6343495761647974,0.0002,0.17794851958751678,4863.385679022697,11.121158123016357
17340,1,17340,0.645389974117279,0.6343385853033586,0.0002,0.1620379090309143,4865.053989908429,11.121158123016357
17360,1,17360,0.5895728468894958,0.634329912466997,0.0002,0.14452716708183289,4866.722603529233,11.121158123016357
17380,1,17380,0.6478699445724487,0.6343263930183953,0.0002,0.15447306632995605,4868.371865034007,11.121158123016357
17400,1,17400,0.6290099024772644,0.6343337188774036,0.0002,0.1792270690202713,4862.958726579416,11.121158123016357
17420,1,17420,0.6554050445556641,0.6343125933868684,0.0002,0.16217687726020813,4857.761418868429,11.121158123016357
17440,1,17440,0.6482290625572205,0.6343097099050492,0.0002,0.1665862649679184,4859.281690346238,11.121158123016357
17460,1,17460,0.6518440246582031,0.6343009533305334,0.0002,0.1493827849626541,4854.336031274985,11.121158123016357
17480,1,17480,0.6461393237113953,0.6342933309825572,0.0002,0.14318543672561646,4849.313577161187,11.121158123016357
17500,1,17500,0.5938263535499573,0.6342706071784795,0.0002,0.12342729419469833,4844.538772542154,11.121158123016357
17520,1,17520,0.6472038626670837,0.6342649167630162,0.0002,0.20378044247627258,4845.850726247003,11.121158123016357
17540,1,17540,0.6219164729118347,0.6342728602427549,0.0002,0.1337348371744156,4847.485494917578,11.121158123016357
17560,1,17560,0.575419008731842,0.6342611515265701,0.0002,0.12179625779390335,4848.880619368583,11.121158123016357
17580,1,17580,0.5726714134216309,0.6342408910642359,0.0002,0.13523435592651367,4845.344311228102,11.121158123016357
17600,1,17600,0.6251488924026489,0.634226425104973,0.0002,0.11288902908563614,4846.975717640727,11.121158123016357
17620,1,17620,0.6266771554946899,0.6342239084799861,0.0002,0.11512377858161926,4848.541593350449,11.121158123016357
17640,1,17640,0.5811530351638794,0.6342101247757569,0.0002,0.11674803495407104,4849.980737217835,11.121158123016357
17660,1,17660,0.6222198605537415,0.6342258829069713,0.0002,0.16513285040855408,4851.582659668613,11.121158123016357
17680,1,17680,0.6867170929908752,0.6342252791462727,0.0002,0.1497255265712738,4853.172314158294,11.121158123016357
17700,1,17700,0.5893731713294983,0.6342156097218508,0.0002,0.1408291906118393,4854.623506067122,11.121158123016357
17720,1,17720,0.6221784353256226,0.6342080224339038,0.0002,0.22817768156528473,4856.212312551449,11.121158123016357
17740,1,17740,0.6065365076065063,0.6341990534811688,0.0002,0.14655323326587677,4857.79256776104,11.121158123016357
17760,1,17760,0.6791075468063354,0.6341999958563234,0.0002,0.18888966739177704,4859.384347493641,11.121158123016357
17780,1,17780,0.608037531375885,0.6341860146562421,0.0002,0.11940377950668335,4860.947511213907,11.121158123016357
17800,1,17800,0.6896877288818359,0.6341908730703351,0.0002,0.1528317928314209,4862.512891367963,11.121158123016357
17820,1,17820,0.63884037733078,0.6341988819043269,0.0002,0.17096556723117828,4856.836327492609,11.121158123016357
17840,1,17840,0.6269958019256592,0.6341929299437102,0.0002,0.20001864433288574,4858.315157711024,11.121158123016357
17860,1,17860,0.5773429870605469,0.6341757189939399,0.0002,0.10879267007112503,4859.911166272934,11.121158123016357
17880,1,17880,0.6254127025604248,0.63416095802481,0.0002,0.1581050306558609,4854.660953252839,11.121158123016357
17900,1,17900,0.5990942120552063,0.6341486203713356,0.0002,0.11034022271633148,4849.905751209216,11.121158123016357
17920,1,17920,0.6433897614479065,0.6341378165058941,0.0002,0.10291435569524765,4851.478251979958,11.121158123016357
17940,1,17940,0.6827330589294434,0.6341155850844479,0.0002,0.12347530573606491,4846.57462147599,11.121158123016357
17960,1,17960,0.5703379511833191,0.634094941369434,0.0002,0.11494017392396927,4848.110596704856,11.121158123016357
17980,1,17980,0.6406726241111755,0.634094362183325,0.0002,0.11862581223249435,4849.656095685877,11.121158123016357
18000,1,18000,0.6127710342407227,0.6340897585043792,0.0002,0.15611401200294495,4851.146593636815,11.121158123016357
18020,1,18020,0.6066177487373352,0.6340852896828622,0.0002,0.141526460647583,4851.779457936879,11.121158123016357
18040,1,18040,0.6743244528770447,0.6340861499857456,0.0002,0.12316713482141495,4853.3987882761,11.121158123016357
18060,1,18060,0.5811768770217896,0.6340569552899373,0.0002,0.11253760010004044,4854.983336224413,11.121158123016357
18080,1,18080,0.6604301929473877,0.6340548540986037,0.0002,0.12008696794509888,4856.476155048151,11.121158123016357
18100,1,18100,0.6349802017211914,0.6340533306366847,0.0002,0.11122463643550873,4857.975570570165,11.121158123016357
18120,1,18120,0.6334468126296997,0.6340541168077618,0.0002,0.19480480253696442,4859.529739479379,11.121158123016357
18140,1,18140,0.6194819211959839,0.6340433636245104,0.0002,0.1600540578365326,4861.095610344473,11.121158123016357
18160,1,18160,0.6261642575263977,0.6340311404886242,0.0002,0.14758367836475372,4862.66110804158,11.121158123016357
18180,1,18180,0.6617335677146912,0.6340054307460339,0.0002,0.11527320742607117,4864.23833120703,11.121158123016357
18200,1,18200,0.7236065864562988,0.6339962367740504,0.0002,0.16346684098243713,4865.7776192984675,11.121158123016357
18220,1,18220,0.5907766222953796,0.6339893461161207,0.0002,0.12529096007347107,4861.914183737757,11.121158123016357
18240,1,18240,0.6030321717262268,0.6339785759675488,0.0002,0.12566344439983368,4862.137205384584,11.121158123016357
18260,1,18260,0.6278589367866516,0.6339796717539257,0.0002,0.10799440741539001,4856.385842404231,11.121158123016357
18280,1,18280,0.6455684900283813,0.6339746693203572,0.0002,0.14042024314403534,4852.65436861094,11.121158123016357
18300,1,18300,0.6326784491539001,0.6339535170894242,0.0002,0.16303862631320953,4852.278122210375,11.121158123016357
18320,1,18320,0.650847852230072,0.6339495610003958,0.0002,0.12071636319160461,4847.703726522078,11.121158123016357
18340,1,18340,0.5953925251960754,0.633930872319607,0.0002,0.17448505759239197,4849.273719213552,11.121158123016357
18360,1,18360,0.5621902942657471,0.6339034972226695,0.0002,0.12246481329202652,4844.437809103488,11.121158123016357
18380,1,18380,0.6046549677848816,0.633898151566879,0.0002,0.11378582566976547,4845.798809714148,11.121158123016357
18400,1,18400,0.5935502052307129,0.6338820290381292,0.0002,0.14361566305160522,4847.370947837067,11.121158123016357
18420,1,18420,0.6146066784858704,0.6338738184586447,0.0002,0.16347947716712952,4848.94169441671,11.121158123016357
18440,1,18440,0.5434912443161011,0.633844183192315,0.0002,0.1173030287027359,4850.530919852639,11.121158123016357
18460,1,18460,0.656757116317749,0.633826252948199,0.0002,0.16272348165512085,4852.098487729143,11.121158123016357
18480,1,18480,0.6135707497596741,0.6338043783703441,0.0002,0.10543350875377655,4853.675906400873,11.121158123016357
18500,1,18500,0.6416187286376953,0.6338053809280032,0.0002,0.18280044198036194,4855.223704525832,11.121158123016357
18520,1,18520,0.5954846739768982,0.6337780352720201,0.0002,0.14355787634849548,4856.709185605315,11.121158123016357
18540,1,18540,0.632707417011261,0.6337817730039758,0.0002,0.15790395438671112,4858.1329100114135,11.121158123016357
18560,1,18560,0.6421258449554443,0.6337656640552262,0.0002,0.125788152217865,4859.707217655316,11.121158123016357
18580,1,18580,0.639244556427002,0.6337650693866625,0.0002,0.13823093473911285,4861.266366271696,11.121158123016357
18600,1,18600,0.6192208528518677,0.6337442414336248,0.0002,0.18057766556739807,4856.905770043927,11.121158123016357
18620,1,18620,0.6940789222717285,0.6337531256179993,0.0002,0.22446508705615997,4858.481344979744,11.121158123016357
18640,1,18640,0.6576944589614868,0.6337368671295107,0.0002,0.1605909764766693,4858.6553490120705,11.121158123016357
18660,1,18660,0.6279693245887756,0.6337390063463525,0.0002,0.14531612396240234,4854.049195026366,11.121158123016357
18680,1,18680,0.6413937211036682,0.6337372208796692,0.0002,0.11726106703281403,4854.827484443729,11.121158123016357
18700,1,18700,0.6384148597717285,0.633746500917249,0.0002,0.10439102351665497,4856.401786873796,11.121158123016357
18720,1,18720,0.6239098310470581,0.6337470098942531,0.0002,0.16376617550849915,4852.458121606264,11.121158123016357
18740,1,18740,0.5292291045188904,0.6337405740523272,0.0002,0.10586570203304291,4848.2678290606345,11.121158123016357
18760,1,18760,0.5724382996559143,0.6337226446244615,0.0002,0.09717781096696854,4843.628300167984,11.121158123016357
18780,1,18780,0.5738416910171509,0.6337024554478026,0.0002,0.13812386989593506,4845.17470964763,11.121158123016357
18800,1,18800,0.6249220371246338,0.6336908788865404,0.0002,0.11122287064790726,4846.605344148822,11.121158123016357
18820,1,18820,0.6195175647735596,0.6336562636488351,0.0002,0.14550228416919708,4848.12659119232,11.121158123016357
18840,1,18840,0.592278003692627,0.633618440577541,0.0002,0.11774072051048279,4849.674553442555,11.121158123016357
18860,1,18860,0.601601779460907,0.6335933276087881,0.0002,0.11257340013980865,4851.102989972799,11.121158123016357
18880,1,18880,0.6263865828514099,0.633576498118896,0.0002,0.10821324586868286,4852.658781804767,11.121158123016357
18900,1,18900,0.5137142539024353,0.6335726080355065,0.0002,0.17936483025550842,4854.188721638217,11.121158123016357
18920,1,18920,0.6722819209098816,0.6335691218089267,0.0002,0.15616349875926971,4855.647635785967,11.121158123016357
18940,1,18940,0.5791835784912109,0.6335577929226444,0.0002,0.1700986921787262,4857.119556308885,11.121158123016357
18960,1,18960,0.6518160700798035,0.6335445357766907,0.0002,0.21760880947113037,4858.589799471892,11.121158123016357
18980,1,18980,0.5902143120765686,0.6335333187227269,0.0002,0.1079396978020668,4860.096189458081,11.121158123016357
19000,1,19000,0.6382389068603516,0.6335468902953074,0.0002,0.12295806407928467,4855.647982263359,11.121158123016357
19020,1,19020,0.60475754737854,0.6335297674589542,0.0002,0.11665549874305725,4856.216232255231,11.121158123016357
19040,1,19040,0.623610258102417,0.6335186430964659,0.0002,0.11016806215047836,4857.643435392834,11.121158123016357
19060,1,19060,0.6274704337120056,0.6335025855828418,0.0002,0.10910961031913757,4859.155757204878,11.121158123016357
19080,1,19080,0.6548330783843994,0.6334908220672646,0.0002,0.19656996428966522,4853.790444868383,11.121158123016357
19100,1,19100,0.6800230741500854,0.6334891768322839,0.0002,0.12486297637224197,4849.208158461412,11.121158123016357
19120,1,19120,0.613336443901062,0.6334759291538108,0.0002,0.13177891075611115,4850.733367479488,11.121158123016357
19140,1,19140,0.6284565925598145,0.6334530590409652,0.0002,0.15328001976013184,4846.881202672928,11.121158123016357
19160,1,19160,0.6407188177108765,0.6334371935397817,0.0002,0.1462385207414627,4848.3534229599345,11.121158123016357
19180,1,19180,0.5821201801300049,0.6334170774895036,0.0002,0.15158633887767792,4843.869866734642,11.121158123016357
19200,1,19200,0.6251572370529175,0.6333999325257262,0.0002,0.1395689994096756,4845.399623083016,11.121158123016357
19220,1,19220,0.6529759764671326,0.6333893641316627,0.0002,0.17559097707271576,4846.893717874007,11.121158123016357
19240,1,19240,0.5926998853683472,0.633383458455211,0.0002,0.11962970346212387,4848.427980620423,11.121158123016357
19260,1,19260,0.5829220414161682,0.6333656821059361,0.0002,0.13209418952465057,4849.904047189122,11.121158123016357
19280,1,19280,0.6175546646118164,0.6333368670138999,0.0002,0.13120408356189728,4851.40280466613,11.121158123016357
19300,1,19300,0.7246075868606567,0.6333238347141926,0.0002,0.13775862753391266,4852.803852392344,11.121158123016357
19320,1,19320,0.5967028141021729,0.6333163170970093,0.0002,0.10980238765478134,4854.274877958171,11.121158123016357
19340,1,19340,0.6430166959762573,0.6333081573649978,0.0002,0.10271159559488297,4855.715925862645,11.121158123016357
19360,1,19360,0.5077139139175415,0.6332927285928146,0.0002,0.13193601369857788,4857.226231497209,11.121158123016357
19380,1,19380,0.6220343708992004,0.6332742473238288,0.0002,0.14022406935691833,4858.618498433205,11.121158123016357
19400,1,19400,0.5658684372901917,0.6332566027245589,0.0002,0.1721199005842209,4853.904529363438,11.121158123016357
19420,1,19420,0.6368523836135864,0.6332339504534472,0.0002,0.12439669668674469,4848.663846405365,11.121158123016357
19440,1,19440,0.608258068561554,0.633219778456295,0.0002,0.19047139585018158,4850.011229964208,11.121158123016357
19460,1,19460,0.5986491441726685,0.6332064700889928,0.0002,0.09278056770563126,4851.501194781221,11.121158123016357
19480,1,19480,0.5615471601486206,0.6332025922503787,0.0002,0.246039479970932,4845.802817087569,11.121158123016357
19500,1,19500,0.6409984230995178,0.6331773450765547,0.0002,0.13223819434642792,4840.703179698754,11.121158123016357
19520,1,19520,0.6249987483024597,0.6331833445712216,0.0002,0.18519578874111176,4842.156347880456,11.121158123016357
19540,1,19540,0.6972083449363708,0.6331781460904785,0.0002,0.1461518257856369,4843.62614438551,11.121158123016357
19560,1,19560,0.6279581189155579,0.6331716539475531,0.0002,0.12566442787647247,4845.049588169513,11.121158123016357
19580,1,19580,0.6337618231773376,0.6331807933048506,0.0002,0.1779375672340393,4840.700440853822,11.121158123016357
19600,1,19600,0.5707009434700012,0.633170881674156,0.0002,0.12888634204864502,4842.189500570556,11.121158123016357
19620,1,19620,0.5905851125717163,0.6331815169696947,0.0002,0.09557156264781952,4843.669605135184,11.121158123016357
19640,1,19640,0.6355143785476685,0.6331602217234903,0.0002,0.1564658284187317,4845.150914419246,11.121158123016357
19660,1,19660,0.6567907333374023,0.633139631319087,0.0002,0.18711338937282562,4846.594080053549,11.121158123016357
19680,1,19680,0.5873461961746216,0.6331409221368395,0.0002,0.13191689550876617,4848.037669317425,11.121158123016357
19700,1,19700,0.6795052886009216,0.6331355978816986,0.0002,0.12414544075727463,4849.377940057607,11.121158123016357
19720,1,19720,0.6248672604560852,0.6331343077199644,0.0002,0.1636042296886444,4850.866850647841,11.121158123016357
19740,1,19740,0.6687073707580566,0.633140593630206,0.0002,0.14122074842453003,4852.278276230789,11.121158123016357
19760,1,19760,0.6166337728500366,0.6331376181372619,0.0002,0.18299268186092377,4853.754039252951,11.121158123016357
19780,1,19780,0.672726571559906,0.633126892077985,0.0002,0.10348546504974365,4855.182999933951,11.121158123016357
19800,1,19800,0.6506462097167969,0.6331080641003788,0.0002,0.1411358118057251,4856.586530183325,11.121158123016357
19820,1,19820,0.6543611288070679,0.6331054325602274,0.0002,0.19946487247943878,4853.154713327064,11.121158123016357
19840,1,19840,0.6221919059753418,0.6330940152847999,0.0002,0.11318640410900116,4853.665676290547,11.121158123016357
19860,1,19860,0.5948261618614197,0.633062076952754,0.0002,0.11934810131788254,4855.143283569435,11.121158123016357
19880,1,19880,0.6444518566131592,0.633047380509262,0.0002,0.12607890367507935,4856.568732354935,11.121158123016357
19900,1,19900,0.592504620552063,0.6330555708187631,0.0002,0.1580268144607544,4858.010592756688,11.121158123016357
19920,1,19920,0.6313791871070862,0.6330480259333507,0.0002,0.15690657496452332,4852.883506888066,11.121158123016357
19940,1,19940,0.6581025719642639,0.6330416831674314,0.0002,0.11883722245693207,4848.797488786723,11.121158123016357
19960,1,19960,0.6042912006378174,0.6330201657784317,0.0002,0.11253352463245392,4850.201958564454,11.121158123016357
19980,1,19980,0.6674940586090088,0.6330347308880947,0.0002,0.1184028908610344,4851.620678699508,11.121158123016357
20000,1,20000,0.5606307983398438,0.6330235274386199,0.0002,0.11212612688541412,4847.091551990221,11.121158123016357
20020,1,20020,0.6081873774528503,0.6330040010221518,0.0002,0.1370939165353775,4847.935067155378,11.121158123016357
20040,1,20040,0.5518220663070679,0.633007154129165,0.0002,0.16088137030601501,4849.396046379682,11.121158123016357
20060,1,20060,0.5637835264205933,0.632983286945061,0.0002,0.16623882949352264,4850.824694338935,11.121158123016357
20080,1,20080,0.594987154006958,0.6329844618304196,0.0002,0.11220431327819824,4852.184634360448,11.121158123016357
20100,1,20100,0.6529603004455566,0.6329803405649622,0.0002,0.14755389094352722,4853.594580383241,11.121158123016357
20120,1,20120,0.5811830759048462,0.6329678095739573,0.0002,0.18729594349861145,4855.042993630582,11.121158123016357
20140,1,20140,0.5934491157531738,0.6329548029405306,0.0002,0.18082810938358307,4856.46230516245,11.121158123016357
20160,1,20160,0.5826831459999084,0.6329250231393021,0.0002,0.1143125519156456,4857.861936634254,11.121158123016357
20180,1,20180,0.7446625232696533,0.6329257277203575,0.0002,0.18073202669620514,4859.290320709961,11.121158123016357
20200,1,20200,0.592125415802002,0.6329195495613077,0.0002,0.2090003341436386,4855.672482077268,11.121158123016357
20220,1,20220,0.6201362013816833,0.6329039063233945,0.0002,0.18244969844818115,4857.129767975508,11.121158123016357
20240,1,20240,0.6612585783004761,0.6328998410608538,0.0002,0.12171334773302078,4852.705304199955,11.121158123016357
20260,1,20260,0.6203309893608093,0.6328897507805187,0.0002,0.1970575451850891,4854.203996505238,11.121158123016357
20280,1,20280,0.5915049910545349,0.6328771741396022,0.0002,0.15394555032253265,4855.620269648142,11.121158123016357
20300,1,20300,0.5969142913818359,0.6328648129568855,0.0002,0.10538525879383087,4857.031746806195,11.121158123016357
20320,1,20320,0.676981508731842,0.6328704920213029,0.0002,0.1361083686351776,4851.220877543384,11.121158123016357
20340,1,20340,0.6125061511993408,0.6328861005653478,0.0002,0.1373284012079239,4847.143894088827,11.121158123016357
20360,1,20360,0.6996921896934509,0.6328765163806519,0.0002,0.21261103451251984,4848.557247275839,11.121158123016357
20380,1,20380,0.5989121794700623,0.6328603695009316,0.0002,0.1286812424659729,4849.979712018673,11.121158123016357
20400,1,20400,0.6647964715957642,0.6328517499612173,0.0002,0.1300625056028366,4851.370105303338,11.121158123016357
20420,1,20420,0.6225057244300842,0.6328379847942655,0.0002,0.12985512614250183,4848.0915941590165,11.121158123016357
20440,1,20440,0.5666788220405579,0.6328407557320702,0.0002,0.149408221244812,4849.544970742538,11.121158123016357
20460,1,20460,0.6559285521507263,0.6328530005497996,0.0002,0.16603927314281464,4850.872027583764,11.121158123016357
20480,1,20480,0.7023195624351501,0.6328534921367582,0.0002,0.14376996457576752,4852.303511198043,11.121158123016357
20500,1,20500,0.6543645262718201,0.6328492072275277,0.0002,0.11013144254684448,4853.6922875651435,11.121158123016357
20520,1,20520,0.6004853844642639,0.6328261135291519,0.0002,0.14208070933818817,4855.092516212058,11.121158123016357
20540,1,20540,0.5864710807800293,0.6328108364723655,0.0002,0.15827476978302002,4856.494351529683,11.121158123016357
20560,1,20560,0.6110045909881592,0.6328041788693188,0.0002,0.16757555305957794,4852.40944281398,11.121158123016357
20580,1,20580,0.6314029097557068,0.6328082286234182,0.0002,0.19009029865264893,4853.8527378901335,11.121158123016357
20600,1,20600,0.6326821446418762,0.6327833502511315,0.0002,0.17335020005702972,4855.086077833706,11.121158123016357
20620,1,20620,0.6247854828834534,0.6327784757712113,0.0002,0.11277525871992111,4856.4345876719835,11.121158123016357
20640,1,20640,0.6666656136512756,0.6327906893502894,0.0002,0.1330486387014389,4852.246366351028,11.121158123016357
20660,1,20660,0.6448604464530945,0.6327834311030389,0.0002,0.184416726231575,4853.648666028406,11.121158123016357
20680,1,20680,0.6047024130821228,0.6327641763326483,0.0002,0.1330922394990921,4855.037085112061,11.121158123016357
20700,1,20700,0.5886828899383545,0.6327517477504223,0.0002,0.1788572520017624,4856.414776960525,11.121158123016357
20720,1,20720,0.5646921992301941,0.6327356895997464,0.0002,0.1783573180437088,4857.793784824305,11.121158123016357
20740,1,20740,0.6549203991889954,0.6327185411150912,0.0002,0.1318187415599823,4852.710033921709,11.121158123016357
20760,1,20760,0.6792556047439575,0.6327142436232428,0.0002,0.12520433962345123,4854.140283989947,11.121495723724365
20780,1,20780,0.5856196284294128,0.6327051428904696,0.0002,0.21174871921539307,4855.498144957099,11.121495723724365
20800,1,20800,0.6601319313049316,0.6326977711411148,0.0002,0.12512122094631195,4852.196832211372,11.121495723724365
20820,1,20820,0.6169289946556091,0.632687565615998,0.0002,0.14238952100276947,4853.574301866789,11.121495723724365
20840,1,20840,0.6022886633872986,0.6326850371240386,0.0002,0.17240425944328308,4854.953430433245,11.121495723724365
20860,1,20860,0.6526420712471008,0.6326789886145472,0.0002,0.09942441433668137,4856.203984939755,11.121495723724365
20880,1,20880,0.6641544103622437,0.6326704437534245,0.0002,0.15615017712116241,4857.58835215798,11.121495723724365
20900,1,20900,0.6197560429573059,0.632671771295891,0.0002,0.10920416563749313,4858.940384131873,11.121495723724365
20920,1,20920,0.5942915678024292,0.6326654710108348,0.0002,0.1188129186630249,4860.3028555091405,11.121495723724365
20940,1,20940,0.628767192363739,0.6326584583747317,0.0002,0.13456721603870392,4861.637458541137,11.121495723724365
20960,1,20960,0.6867966651916504,0.6326662190679508,0.0002,0.1477023810148239,4863.013935994505,11.121495723724365
20980,1,20980,0.6178085207939148,0.632653537139355,0.0002,0.14616329967975616,4857.134004446251,11.121495723724365
21000,1,21000,0.6045272350311279,0.6326525940345507,0.0002,0.18563413619995117,4858.47069657862,11.121495723724365
21020,1,21020,0.7026200294494629,0.6326381818083704,0.0002,0.18837715685367584,4859.280733405161,11.121495723724365
21040,1,21040,0.655615508556366,0.6326192119619333,0.0002,0.12387362867593765,4860.641950519597,11.121495723724365
21060,1,21060,0.6489829421043396,0.6326138715366021,0.0002,0.1607109159231186,4857.424944849048,11.121495723724365
21080,1,21080,0.5884820818901062,0.6326022713629675,0.0002,0.10992530733346939,4858.794106509657,11.121495723724365
21100,1,21100,0.6443853974342346,0.632596430356068,0.0002,0.1496683806180954,4860.175203351933,11.121495723724365
21120,1,21120,0.7102264761924744,0.6325982267656095,0.0002,0.24781343340873718,4861.463193339726,11.121495723724365
21140,1,21140,0.687701940536499,0.6325972447366954,0.0002,0.16315476596355438,4857.623502204271,11.121495723724365
21160,1,21160,0.5873468518257141,0.6325872704401125,0.0002,0.14036056399345398,4856.551854349081,11.121495723724365
21180,1,21180,0.6081710457801819,0.6325904658304842,0.0002,0.11113157123327255,4855.311330879598,11.121495723724365
21200,1,21200,0.5837656855583191,0.6325841625735756,0.0002,0.15801919996738434,4856.658171642251,11.121495723724365
21220,1,21220,0.6194273829460144,0.6325596070864358,0.0002,0.19924189150333405,4858.021706648125,11.121495723724365
21240,1,21240,0.5773909687995911,0.6325458163327374,0.0002,0.1295434981584549,4859.343003181065,11.121495723724365
21260,1,21260,0.6215412020683289,0.6325366609867794,0.0002,0.19725367426872253,4860.691470116769,11.121495723724365
21280,1,21280,0.5499075651168823,0.6324982627488247,0.0002,0.11687812209129333,4862.045733499569,11.121495723724365
21300,1,21300,0.6396454572677612,0.6324686140330914,0.0002,0.16140641272068024,4863.425082705067,11.121495723724365
21320,1,21320,0.5413572788238525,0.6324474672578114,0.0002,0.11585395783185959,4864.801469299322,11.121495723724365
21340,1,21340,0.6736600399017334,0.632446198586754,0.0002,0.13609977066516876,4866.154867967981,11.121495723724365
21360,1,21360,0.5987281799316406,0.6324383059708858,0.0002,0.12711763381958008,4867.5040665408,11.121495723724365
21380,1,21380,0.6256017088890076,0.6324217679694617,0.0002,0.1526787132024765,4868.791302972837,11.121495723724365
21400,1,21400,0.6414054036140442,0.632415668371803,0.0002,0.15253961086273193,4863.185854158062,11.121495723724365
21420,1,21420,0.6297988891601562,0.6324078495698597,0.0002,0.16687804460525513,4859.924711271175,11.121495723724365
21440,1,21440,0.6529642939567566,0.6323900530425658,0.0002,0.16243141889572144,4861.284260556551,11.121495723724365
21460,1,21460,0.6380118131637573,0.6323637439724142,0.0002,0.1340842843055725,4862.650035717317,11.121495723724365
21480,1,21480,0.650102972984314,0.632352693565793,0.0002,0.14645066857337952,4863.9799107165945,11.121495723724365
21500,1,21500,0.5787922143936157,0.6323240126644774,0.0002,0.1922948807477951,4865.339929103497,11.121495723724365
21520,1,21520,0.5887499451637268,0.6323078351705326,0.0002,0.12259142100811005,4860.570513958661,11.121495723724365
21540,1,21540,0.6577274799346924,0.6322880712978336,0.0002,0.10022211074829102,4861.352017119972,11.121495723724365
21560,1,21560,0.5980461239814758,0.632284553832467,0.0002,0.13923025131225586,4856.970026538449,11.121495723724365
21580,1,21580,0.6106054782867432,0.6322548964795943,0.0002,0.12112093716859818,4858.17951610838,11.121495723724365
21600,1,21600,0.659300684928894,0.6322498232329103,0.0002,0.10912931710481644,4859.515469252818,11.121495723724365
21620,1,21620,0.6828193664550781,0.6322475334219627,0.0002,0.15764513611793518,4860.849583612886,11.121495723724365
21640,1,21640,0.6236721873283386,0.6322197836421606,0.0002,0.17494969069957733,4862.128807543856,11.121495723724365
21660,1,21660,0.7144801020622253,0.6322159515944866,0.0002,0.12545813620090485,4863.420909074567,11.121495723724365
21680,1,21680,0.6714254021644592,0.6322035433425558,0.0002,0.1602642834186554,4864.611644987234,11.121495723724365
21700,1,21700,0.6268662214279175,0.6321876350717409,0.0002,0.15356040000915527,4865.883741319881,11.121495723724365
21720,1,21720,0.6519826054573059,0.632189186158563,0.0002,0.12738361954689026,4867.108529562376,11.121495723724365
21740,1,21740,0.6913818120956421,0.6321903521411053,0.0002,0.12884648144245148,4868.437949129445,11.121495723724365
21760,1,21760,0.6851852536201477,0.6321912803897415,0.0002,0.11621326208114624,4869.769060666693,11.121495723724365
21780,1,21780,0.5599492192268372,0.632167635092379,0.0002,0.18309715390205383,4870.950849423776,11.121495723724365
21800,1,21800,0.5862101316452026,0.6321524964590685,0.0002,0.1186842992901802,4865.38385606135,11.121495723724365
21820,1,21820,0.6220927238464355,0.6321443333350073,0.0002,0.10492628067731857,4866.743881132543,11.121495723724365
21840,1,21840,0.65347820520401,0.6321296526104957,0.0002,0.12710393965244293,4868.037405661753,11.121495723724365
21860,1,21860,0.6217295527458191,0.632131473181111,0.0002,0.1146167740225792,4869.36050768335,11.121495723724365
21880,1,21880,0.6914843320846558,0.6321276978096171,0.0002,0.17454098165035248,4870.673191637349,11.121495723724365
21900,1,21900,0.6478551626205444,0.6321317306591889,0.0002,0.20050494372844696,4871.9878314654,11.121495723724365
21920,1,21920,0.6655924916267395,0.6321223783095795,0.0002,0.22693867981433868,4873.224602001031,11.121495723724365
21940,1,21940,0.6325435042381287,0.6321253313160696,0.0002,0.11574874073266983,4869.1034397953845,11.121495723724365
21960,1,21960,0.6431384682655334,0.6321296894426556,0.0002,0.13862194120883942,4870.316983893118,11.121495723724365
21980,1,21980,0.6982308626174927,0.6321284466294282,0.0002,0.12098781764507294,4865.505837541276,11.121495723724365
22000,1,22000,0.5827714204788208,0.6320993898884019,0.0002,0.12342742085456848,4866.749221059484,11.121495723724365
22020,1,22020,0.6312849521636963,0.6321071921983669,0.0002,0.1139461100101471,4867.196828253817,11.121495723724365
22040,1,22040,0.6495726108551025,0.6320921787621033,0.0002,0.13521115481853485,4868.511466731925,11.121495723724365
22060,1,22060,0.6353505849838257,0.6320888625285778,0.0002,0.2094557285308838,4869.731531515127,11.121495723724365
22080,1,22080,0.6397333741188049,0.6320935794323739,0.0002,0.12087853997945786,4871.047822857982,11.121495723724365
22100,1,22100,0.6235778331756592,0.632065460450274,0.0002,0.13330279290676117,4872.367357043172,11.121495723724365
22120,1,22120,0.6990926265716553,0.632066871835124,0.0002,0.13368916511535645,4873.700905002076,11.121495723724365
22140,1,22140,0.6382160186767578,0.6320829951339377,0.0002,0.10216441750526428,4875.006124278983,11.121495723724365
22160,1,22160,0.6000263094902039,0.632100522969246,0.0002,0.1404305100440979,4876.167209104246,11.121495723724365
22180,1,22180,0.7108256816864014,0.6321072534100999,0.0002,0.1782509833574295,4877.442683098847,11.121495723724365
22200,1,22200,0.6052377820014954,0.6321086207251588,0.0002,0.13525661826133728,4873.202098039728,11.121495723724365
22220,1,22220,0.6704012155532837,0.6321103315264852,0.0002,0.24319280683994293,4869.295429846578,11.121495723724365
22240,1,22240,0.6267001628875732,0.6321152092119616,0.0002,0.30362603068351746,4870.598450142168,11.121495723724365
22260,1,22260,0.7016008496284485,0.6321223796225712,0.0002,0.1170382872223854,4871.913291326604,11.121495723724365
22280,1,22280,0.6652644872665405,0.6321181102190687,0.0002,0.125364750623703,4873.1540829352425,11.121495723724365
22300,1,22300,0.6576226949691772,0.6321107177350833,0.0002,0.12353195995092392,4874.312306310102,11.121495723724365
22320,1,22320,0.5662977695465088,0.6321052065483302,0.0002,0.10781257599592209,4875.6004797059,11.121495723724365
22340,1,22340,0.6269408464431763,0.6320945373558009,0.0002,0.14140072464942932,4871.037131651264,11.121495723724365
22360,1,22360,0.6633517146110535,0.6320968305547354,0.0002,0.12133617699146271,4872.179122940581,11.121495723724365
22380,1,22380,0.5964664816856384,0.6320865057824081,0.0002,0.10126705467700958,4867.518836404911,11.121495723724365
22400,1,22400,0.5741881728172302,0.6320747669229444,0.0002,0.1326640099287033,4868.809673808822,11.121495723724365
22420,1,22420,0.6231221556663513,0.6320693005337973,0.0002,0.19042780995368958,4865.021174794886,11.121495723724365
22440,1,22440,0.6698251962661743,0.6320625516943,0.0002,0.1334996074438095,4866.299019154759,11.121495723724365
22460,1,22460,0.6369624733924866,0.6320619896243963,0.0002,0.10778506845235825,4867.578830553033,11.121495723724365
22480,1,22480,0.5736188888549805,0.6320410035309706,0.0002,0.09227272123098373,4868.8857727337445,11.121495723724365
22500,1,22500,0.6698216795921326,0.6320436044217427,0.0002,0.12461784482002258,4870.063958135038,11.121495723724365
22520,1,22520,0.6022971868515015,0.6320385828489297,0.0002,0.15491364896297455,4871.3507322521355,11.121495723724365
22540,1,22540,0.6213569045066833,0.6320312636520408,0.0002,0.16737134754657745,4872.632156408808,11.121495723724365
22560,1,22560,0.6395905017852783,0.6320185109189377,0.0002,0.15441544353961945,4873.828233533011,11.121495723724365
22580,1,22580,0.6067913174629211,0.6320110407370194,0.0002,0.11485975235700607,4875.085262951705,11.121495723724365
22600,1,22600,0.6744868755340576,0.6320148683842567,0.0002,0.10880216211080551,4876.293241766322,11.121495723724365
22620,1,22620,0.6225782036781311,0.6320041746107035,0.0002,0.11733889579772949,4873.112593881469,11.121495723724365
22640,1,22640,0.6260358095169067,0.631991313439571,0.0002,0.12238337099552155,4872.817754793906,11.121495723724365
22660,1,22660,0.6011634469032288,0.6319823846770883,0.0002,0.10890299826860428,4874.091218023489,11.121495723724365
22680,1,22680,0.6227259635925293,0.6319712673277448,0.0002,0.16466733813285828,4875.353761409714,11.121495723724365
22700,1,22700,0.6420658826828003,0.6319643194410456,0.0002,0.11219222843647003,4876.597933642183,11.121495723724365
22720,1,22720,0.584686279296875,0.6319474364498835,0.0002,0.18610142171382904,4877.85428112198,11.121495723724365
22740,1,22740,0.5907353162765503,0.6319428935652349,0.0002,0.1698676198720932,4879.094823158754,11.121495723724365
22760,1,22760,0.615247905254364,0.631922447361142,0.0002,0.13152748346328735,4880.313599411774,11.121495723724365
22780,1,22780,0.5759300589561462,0.6319124412166689,0.0002,0.1833515614271164,4871.19273832502,11.121495723724365
22800,1,22800,0.6020380258560181,0.6319104306923823,0.0002,0.11860497295856476,4872.163013705455,11.121495723724365
22820,1,22820,0.6505433320999146,0.6319163683469765,0.0002,0.18216219544410706,4868.0096602587055,11.121495723724365
22840,1,22840,0.698433518409729,0.6319096418167356,0.0002,0.1469021439552307,4869.270425873056,11.121495723724365
22860,1,22860,0.6169466972351074,0.6319009135776548,0.0002,0.10821802169084549,4870.4775196638775,11.121495723724365
22880,1,22880,0.648719310760498,0.6318932218295097,0.0002,0.10856559872627258,4871.741187428269,11.121495723724365
22900,1,22900,0.5790421962738037,0.631887711038409,0.0002,0.12408491969108582,4872.956890195111,11.121495723724365
22920,1,22920,0.6231369972229004,0.6318781704216727,0.0002,0.1277354210615158,4874.208655698415,11.121495723724365
22940,1,22940,0.6182923316955566,0.6318750306745201,0.0002,0.1381080448627472,4875.425276366131,11.121495723724365
22960,1,22960,0.6282327175140381,0.6318599133254403,0.0002,0.17231982946395874,4876.478739600103,11.121495723724365
22980,1,22980,0.6201417446136475,0.6318438145832806,0.0002,0.12800617516040802,4877.6892590251255,11.121495723724365
23000,1,23000,0.5814312100410461,0.6318415973229118,0.0002,0.1115935668349266,4873.974567485686,11.121495723724365
23020,1,23020,0.6164889931678772,0.631837430945567,0.0002,0.11615486443042755,4874.528339042472,11.121495723724365
23040,1,23040,0.6608028411865234,0.6318238709659005,0.0002,0.12336291372776031,4870.292570605244,11.121495723724365
23060,1,23060,0.6116645932197571,0.6318169999369082,0.0002,0.22568446397781372,4871.574656212739,11.121495723724365
23080,1,23080,0.5942986011505127,0.6318011550959596,0.0002,0.14041736721992493,4872.683915694404,11.121495723724365
23100,1,23100,0.6626793146133423,0.6318056119482707,0.0002,0.2598903179168701,4873.913406287552,11.121495723724365
23120,1,23120,0.5703341364860535,0.6317938406655762,0.0002,0.15540003776550293,4875.126304696014,11.121495723724365
23140,1,23140,0.6136015057563782,0.6317886977336941,0.0002,0.12154218554496765,4876.359100686911,11.121495723724365
23160,1,23160,0.6201030611991882,0.6317829613593716,0.0002,0.13092541694641113,4877.586256506096,11.121495723724365
23180,1,23180,0.6732151508331299,0.6317777281480311,0.0002,0.20011800527572632,4872.325128225479,11.121495723724365
23200,1,23200,0.6833049058914185,0.6317740199748261,0.0002,0.14157715439796448,4873.503441393403,11.121495723724365
23220,1,23220,0.6892882585525513,0.6317648033943984,0.0002,0.14003311097621918,4869.218519447456,11.121495723724365
23240,1,23240,0.6409300565719604,0.6317597592333208,0.0002,0.13817405700683594,4865.873063035409,11.121495723724365
23260,1,23260,0.5871508121490479,0.6317514413178373,0.0002,0.11742723733186722,4867.022834835246,11.121495723724365
23280,1,23280,0.6331280469894409,0.6317510137158711,0.0002,0.12055907398462296,4868.248564241616,11.121495723724365
23300,1,23300,0.6622192859649658,0.6317563902345653,0.0002,0.15583600103855133,4869.466935199065,11.121495723724365
23320,1,23320,0.6454020738601685,0.6317500316200538,0.0002,0.25245019793510437,4870.705180201706,11.121495723724365
23340,1,23340,0.578153133392334,0.6317437328342109,0.0002,0.09496375173330307,4871.882290270936,11.121495723724365
23360,1,23360,0.5691327452659607,0.6317466436700278,0.0002,0.13655519485473633,4873.0947959449295,11.121495723724365
23380,1,23380,0.6260660886764526,0.6317369880180204,0.0002,0.11662882566452026,4874.286199153611,11.121495723724365
23400,1,23400,0.627415657043457,0.6317471670133165,0.0002,0.1065262034535408,4871.402766438636,11.121495723724365
23420,1,23420,0.628580629825592,0.6317482092928085,0.0002,0.11775004118680954,4872.675928950844,11.121495723724365
23440,1,23440,0.6260883808135986,0.6317463191557607,0.0002,0.12245825678110123,4873.804882102141,11.121495723724365
23460,1,23460,0.6572820544242859,0.6317325142023693,0.0002,0.12754255533218384,4869.623420570216,11.121495723724365
23480,1,23480,0.6059862375259399,0.6317268536623488,0.0002,0.10535266250371933,4870.849695244728,11.121495723724365
23500,1,23500,0.5933417677879333,0.6317116792304266,0.0002,0.14453554153442383,4872.091256351055,11.121495723724365
23520,1,23520,0.6176282167434692,0.6316921466342262,0.0002,0.1671278178691864,4873.315680960645,11.121495723724365
23540,1,23540,0.6576274037361145,0.6316908296922645,0.0002,0.11707750707864761,4874.521552603801,11.121495723724365
23560,1,23560,0.6357085704803467,0.6316687032750301,0.0002,0.14452406764030457,4875.742499780975,11.121495723724365
23580,1,23580,0.7197450399398804,0.6316653090914273,0.0002,0.10903103649616241,4876.318143220709,11.121495723724365
23600,1,23600,0.6125961542129517,0.6316609163491346,0.0002,0.12424775958061218,4871.659260529357,11.121495723724365
23620,1,23620,0.5858233571052551,0.6316489950908614,0.0002,0.1394432932138443,4868.499368951567,11.121495723724365
23640,1,23640,0.6458471417427063,0.6316426716101925,0.0002,0.15723967552185059,4865.140133750685,11.121495723724365
23660,1,23660,0.5531989932060242,0.6316324160768768,0.0002,0.17970123887062073,4866.332151008502,11.121495723724365
23680,1,23680,0.6398632526397705,0.6316350520458904,0.0002,0.18946880102157593,4867.541229333126,11.121495723724365
23700,1,23700,0.5524266958236694,0.631626620395591,0.0002,0.10776732116937637,4868.747591658102,11.121495723724365
23720,1,23720,0.6485492587089539,0.631625906932941,0.0002,0.16863416135311127,4869.951321064083,11.121495723724365
23740,1,23740,0.5501630902290344,0.6316303931247451,0.0002,0.14604614675045013,4871.091951257466,11.121495723724365
23760,1,23760,0.653060793876648,0.6316278065245765,0.0002,0.18435896933078766,4872.3007053116535,11.121495723724365
23780,1,23780,0.6391911506652832,0.6316129303304766,0.0002,0.11263425648212433,4868.067781783442,11.121495723724365
23800,1,23800,0.6032472848892212,0.6316099189172206,0.0002,0.10263345390558243,4869.261980456729,11.121495723724365
23820,1,23820,0.6295169591903687,0.6316114349361064,0.0002,0.12639416754245758,4870.463267096871,11.121495723724365
23840,1,23840,0.6329053044319153,0.6316145697233202,0.0002,0.17285677790641785,4871.660045089326,11.121495723724365
23860,1,23860,0.6143040060997009,0.6316170996921908,0.0002,0.13086818158626556,4872.815793494805,11.121495723724365
23880,1,23880,0.6311168670654297,0.6316156144698114,0.0002,0.1367662400007248,4867.952733074871,11.121495723724365
23900,1,23900,0.5228146314620972,0.6316046693393186,0.0002,0.14586438238620758,4869.124147800372,11.121495723724365
23920,1,23920,0.627352237701416,0.6316126496382801,0.0002,0.16003258526325226,4870.272679072722,11.121495723724365
23940,1,23940,0.552885115146637,0.6315965668550503,0.0002,0.1082414835691452,4871.505000961654,11.121495723724365
23960,1,23960,0.6302804350852966,0.6315872285564439,0.0002,0.13126268982887268,4872.699555761895,11.121495723724365
23980,1,23980,0.5723543763160706,0.631591718075495,0.0002,0.1195749044418335,4872.774030965869,11.121495723724365
24000,1,24000,0.6461073756217957,0.6315854038714607,0.0002,0.16665850579738617,4868.709700631039,11.121495723724365
24020,1,24020,0.6429461240768433,0.631582955861508,0.0002,0.16849425435066223,4865.007301284831,11.121495723724365
24040,1,24040,0.689781665802002,0.6315971889058324,0.0002,0.11772383004426956,4861.04608152383,11.121495723724365
24060,1,24060,0.5752298831939697,0.6315824766950592,0.0002,0.14747871458530426,4862.271354962032,11.121495723724365
24080,1,24080,0.5888205766677856,0.6315660885415909,0.0002,0.19954030215740204,4863.452125086597,11.121495723724365
24100,1,24100,0.6125383377075195,0.631549175104716,0.0002,0.1058303490281105,4864.64610374759,11.121495723724365
24120,1,24120,0.6134082078933716,0.6315356975175473,0.0002,0.20964521169662476,4865.780558697278,11.121495723724365
24140,1,24140,0.6277214288711548,0.6315088876462468,0.0002,0.11149448156356812,4866.9721445297455,11.121495723724365
24160,1,24160,0.640906572341919,0.6314890795344519,0.0002,0.15809476375579834,4868.158452614058,11.121495723724365
24180,1,24180,0.5827598571777344,0.6314798014621571,0.0002,0.1293107122182846,4869.322297697431,11.121495723724365
24200,1,24200,0.5835281610488892,0.6314743069165917,0.0002,0.1008429080247879,4865.841778100136,11.121495723724365
24220,1,24220,0.5607119202613831,0.631466485814094,0.0002,0.08920656889677048,4867.044073842043,11.121495723724365
24240,1,24240,0.6204005479812622,0.6314590213384333,0.0002,0.10595110803842545,4868.160978041438,11.121495723724365
24260,1,24260,0.5845298767089844,0.6314518191802238,0.0002,0.13082414865493774,4869.355865389893,11.121495723724365
24280,1,24280,0.6439377069473267,0.6314315522868369,0.0002,0.11495273560285568,4870.477948227447,11.121495723724365
24300,1,24300,0.6233394145965576,0.6314346618719648,0.0002,0.1358357071876526,4866.856497848092,11.121495723724365
24320,1,24320,0.5464481711387634,0.6314156672352197,0.0002,0.08922898769378662,4868.048080777215,11.121495723724365
24340,1,24340,0.5793048143386841,0.6314001694463668,0.0002,0.09530741721391678,4869.229533930974,11.121495723724365
24360,1,24360,0.7095189094543457,0.6313943423674416,0.0002,0.16650451719760895,4868.9843589848115,11.121495723724365
24380,1,24380,0.6345286965370178,0.6313817787125132,0.0002,0.1349923014640808,4866.830628154726,11.121495723724365
24400,1,24400,0.5059303045272827,0.6313736042651122,0.0002,0.11200518906116486,4863.249674940293,11.121495723724365
24420,1,24420,0.6165192723274231,0.631365519841049,0.0002,0.13677065074443817,4862.4606624643675,11.121495723724365
24440,1,24440,0.6202012896537781,0.6313522031433751,0.0002,0.11850995570421219,4858.222642089951,11.121495723724365
24460,1,24460,0.6159180998802185,0.6313368484431898,0.0002,0.13069091737270355,4853.958417610008,11.121495723724365
24480,1,24480,0.6041725873947144,0.6313342393111573,0.0002,0.1140766367316246,4855.072210630982,11.121495723724365
24500,1,24500,0.6019009947776794,0.631326862680494,0.0002,0.16732069849967957,4856.2285250970535,11.121495723724365
24520,1,24520,0.6384963393211365,0.6313124201423489,0.0002,0.1406131386756897,4857.34931648483,11.121495723724365
24540,1,24540,0.6364292502403259,0.631307779101945,0.0002,0.19342736899852753,4858.5330673845565,11.121495723724365
24560,1,24560,0.6927016973495483,0.6313087483960529,0.0002,0.13155300915241241,4859.712579362163,11.121495723724365
24580,1,24580,0.6081907749176025,0.6313172360983448,0.0002,0.10766074061393738,4860.885153830113,11.121495723724365
24600,1,24600,0.5491083860397339,0.6313150679912304,0.0002,0.1113354042172432,4857.277260629951,11.121495723724365
24620,1,24620,0.5837303996086121,0.6313127631710068,0.0002,0.1138782650232315,4858.474272235362,11.121495723724365
24640,1,24640,0.6911898255348206,0.6313078316675362,0.0002,0.1230662614107132,4859.603793476915,11.121495723724365
24660,1,24660,0.592926025390625,0.6313019558848669,0.0002,0.17064201831817627,4860.748371973926,11.121495723724365
24680,1,24680,0.5865773558616638,0.6313001133100882,0.0002,0.12238231301307678,4861.9045276226325,11.121495723724365
24700,1,24700,0.6612549424171448,0.6313078319697673,0.0002,0.12456201761960983,4857.690039320152,11.121495723724365
24720,1,24720,0.6063006520271301,0.6313056814965582,0.0002,0.11734656244516373,4858.869922250031,11.121495723724365
24740,1,24740,0.7241409420967102,0.6313032021021504,0.0002,0.1176300048828125,4860.044444369716,11.121495723724365
24760,1,24760,0.5917950868606567,0.6312883535281721,0.0002,0.18890094757080078,4861.211764645784,11.121495723724365
24780,1,24780,0.5916283130645752,0.631275982799513,0.0002,0.12430508434772491,4858.060305448435,11.121495723724365
24800,1,24800,0.6265000104904175,0.6312693309228248,0.0002,0.126602441072464,4859.237899989246,11.121495723724365
24820,1,24820,0.596797525882721,0.6312582643438617,0.0002,0.12018206715583801,4856.133815335042,11.121495723724365
24840,1,24840,0.660835325717926,0.6312519498789411,0.0002,0.22582575678825378,4851.371722969976,11.121495723724365
24860,1,24860,0.5487109422683716,0.6312459596648609,0.0002,0.14136548340320587,4852.517368425697,11.121495723724365
24880,1,24880,0.5775754451751709,0.6312406550299007,0.0002,0.12825697660446167,4848.972059734311,11.121495723724365
24900,1,24900,0.6727344393730164,0.6312382583990936,0.0002,0.12824270129203796,4850.083566949349,11.121495723724365
24920,1,24920,0.6173859238624573,0.6312419854509814,0.0002,0.12422851473093033,4851.251483924324,11.121495723724365
24940,1,24940,0.6417199969291687,0.6312357533179989,0.0002,0.14863552153110504,4852.420208518242,11.121495723724365
24960,1,24960,0.5724688768386841,0.6312331327107987,0.0002,0.14143285155296326,4853.55142634015,11.121495723724365
24980,1,24980,0.5663949251174927,0.6312364940109695,0.0002,0.12069260329008102,4854.7059513706645,11.121495723724365
25000,1,25000,0.6348623633384705,0.6312276449230424,0.0002,0.1470666527748108,4855.844900656975,11.121495723724365
25020,1,25020,0.6289941668510437,0.6312291248589671,0.0002,0.13820745050907135,4852.133246403181,11.121495723724365
25040,1,25040,0.5356633067131042,0.6312260527668512,0.0002,0.13449881970882416,4853.304580272842,11.121495723724365
25060,1,25060,0.5594855546951294,0.6312154942693811,0.0002,0.11180494725704193,4854.464098338449,11.121495723724365
25080,1,25080,0.6166640520095825,0.6312155566751709,0.0002,0.12078915536403656,4855.604570457742,11.121495723724365
25100,1,25100,0.6204768419265747,0.6311987470486683,0.0002,0.10519184917211533,4856.746692269846,11.121495723724365
25120,1,25120,0.6113046407699585,0.6311953545267645,0.0002,0.14685969054698944,4854.077062555886,11.121495723724365
25140,1,25140,0.6577453017234802,0.6311914978380904,0.0002,0.20476558804512024,4855.29030075991,11.121495723724365
25160,1,25160,0.6700641512870789,0.6311902893926185,0.0002,0.11055150628089905,4856.37394784664,11.121495723724365
25180,1,25180,0.6598515510559082,0.6311890916697426,0.0002,0.21217389404773712,4852.6230172681135,11.121495723724365
25200,1,25200,0.6164007186889648,0.6311843271558306,0.0002,0.11836156249046326,4853.827976323911,11.121495723724365
25220,1,25220,0.6302090287208557,0.6311758801600412,0.0002,0.14501409232616425,4850.329204332287,11.121495723724365
25240,1,25240,0.6268875002861023,0.6311702652525044,0.0002,0.10522963851690292,4851.522852898746,11.121495723724365
25260,1,25260,0.5699369311332703,0.631151259427672,0.0002,0.13692761957645416,4847.111337381282,11.121495723724365
25280,1,25280,0.7304678559303284,0.6311453522237828,0.0002,0.13173958659172058,4844.314287478581,11.121495723724365
25300,1,25300,0.5857450366020203,0.6311343918797853,0.0002,0.10432904958724976,4845.406366764856,11.121495723724365
25320,1,25320,0.6337856650352478,0.6311387743186314,0.0002,0.1326771378517151,4846.545025573669,11.121495723724365
25340,1,25340,0.6317713260650635,0.6311365220553558,0.0002,0.17036961019039154,4847.677998440753,11.121495723724365
25360,1,25360,0.6563841104507446,0.6311279625927941,0.0002,0.16409578919410706,4848.807937065117,11.121495723724365
25380,1,25380,0.6019542813301086,0.6311181275706114,0.0002,0.16854339838027954,4849.914506459332,11.121495723724365
25400,1,25400,0.6077753901481628,0.6311150032192078,0.0002,0.1559842824935913,4851.040616153949,11.121495723724365
25420,1,25420,0.6698775291442871,0.631102113990229,0.0002,0.12268278002738953,4852.173751209277,11.121495723724365
25440,1,25440,0.6408798098564148,0.6310988638403991,0.0002,0.13388130068778992,4848.812731099908,11.121495723724365
25460,1,25460,0.5918394923210144,0.6310953158009559,0.0002,0.15791592001914978,4849.946921737612,11.121495723724365
25480,1,25480,0.6163736581802368,0.6310922325569478,0.0002,0.12327539920806885,4851.048114657485,11.121495723724365
25500,1,25500,0.6127933859825134,0.6310868327711843,0.0002,0.1294659972190857,4847.527096663758,11.121495723724365
25520,1,25520,0.704883873462677,0.6310872268140325,0.0002,0.13576729595661163,4848.663957640057,11.121495723724365
25540,1,25540,0.7015564441680908,0.6310752086818273,0.0002,0.1357802301645279,4849.789123731634,11.121495723724365
25560,1,25560,0.603782594203949,0.6310727562393079,0.0002,0.11470364779233932,4850.830780427576,11.121495723724365
25580,1,25580,0.5919041037559509,0.6310795368220524,0.0002,0.1423255205154419,4850.687674658494,11.121495723724365
25600,1,25600,0.6161541938781738,0.6310814508748458,0.0002,0.12583471834659576,4848.752219857859,11.121495723724365
25620,1,25620,0.7133151888847351,0.631079442278072,0.0002,0.14221125841140747,4845.307113023183,11.121495723724365
25640,1,25640,0.5533202290534973,0.6310621160905157,0.0002,0.10992904752492905,4846.434519643691,11.121495723724365
25660,1,25660,0.5971505641937256,0.6310578907489037,0.0002,0.2477634996175766,4842.671512426691,11.121495723724365
25680,1,25680,0.6275558471679688,0.6310555846498453,0.0002,0.15696381032466888,4838.521148866972,11.121495723724365
25700,1,25700,0.641258180141449,0.6310604167235798,0.0002,0.13947921991348267,4839.616215476337,11.121495723724365
25720,1,25720,0.6182886362075806,0.6310615171511874,0.0002,0.11009135097265244,4840.745689591754,11.121495723724365
25740,1,25740,0.6198387742042542,0.6310438506719794,0.0002,0.12383885681629181,4841.819008471693,11.121495723724365
25760,1,25760,0.801863431930542,0.6310347354442964,0.0002,0.15941597521305084,4842.939993464026,11.121495723724365
25780,1,25780,0.693522036075592,0.6310381135297132,0.0002,0.120323546230793,4844.028560198507,11.121495723724365
25800,1,25800,0.6802213191986084,0.6310329976422061,0.0002,0.12705107033252716,4845.18075188755,11.121495723724365
25820,1,25820,0.670509934425354,0.6310305716917338,0.0002,0.1309521496295929,4846.182651369048,11.121495723724365
25840,1,25840,0.560007631778717,0.6310280464326024,0.0002,0.13250097632408142,4843.217381291445,11.121495723724365
25860,1,25860,0.6017824411392212,0.6310171425035221,0.0002,0.11411987245082855,4844.371001921072,11.121495723724365
25880,1,25880,0.6703140139579773,0.6310123042115858,0.0002,0.08686355501413345,4845.462333598857,11.121495723724365
25900,1,25900,0.624965250492096,0.6309981204516366,0.0002,0.10375521332025528,4846.5908756305835,11.121495723724365
25920,1,25920,0.6330104470252991,0.630992737915983,0.0002,0.10359249264001846,4842.740166182364,11.121495723724365
25940,1,25940,0.6321446299552917,0.6309759816698095,0.0002,0.1744602918624878,4843.857748445412,11.121495723724365
25960,1,25960,0.5810979008674622,0.6309544701057698,0.0002,0.1242222934961319,4844.88483872391,11.121495723724365
25980,1,25980,0.6162569522857666,0.6309571112891622,0.0002,0.23794589936733246,4845.971349559326,11.121495723724365
26000,1,26000,0.5888918042182922,0.6309416799644686,0.0002,0.24454285204410553,4843.339397282388,11.121495723724365
26020,1,26020,0.6482418775558472,0.6309267864892193,0.0002,0.1542927771806717,4843.892206710063,11.121495723724365
26040,1,26040,0.5944163203239441,0.6308971623348021,0.0002,0.15091384947299957,4844.9967783079555,11.121495723724365
26060,1,26060,0.5319182276725769,0.6308947788233029,0.0002,0.12348365038633347,4841.346784052219,11.121495723724365
26080,1,26080,0.6668400764465332,0.6308709187727835,0.0002,0.11168494075536728,4838.018186047852,11.121495723724365
26100,1,26100,0.5695303678512573,0.6308462522126996,0.0002,0.15470297634601593,4834.482442397662,11.121495723724365
26120,1,26120,0.5650858283042908,0.6308250606654134,0.0002,0.1329784244298935,4835.639632935237,11.121495723724365
26140,1,26140,0.6077921986579895,0.6308118525370439,0.0002,0.14775890111923218,4836.728285532272,11.121495723724365
26160,1,26160,0.605989396572113,0.6308032424260626,0.0002,0.11051889508962631,4837.824242271892,11.121495723724365
26180,1,26180,0.5900454521179199,0.6307849953776227,0.0002,0.13950350880622864,4838.852393304499,11.121495723724365
26200,1,26200,0.6539792418479919,0.6307807542186911,0.0002,0.21820876002311707,4839.911005484976,11.121495723724365
26220,1,26220,0.5966839790344238,0.6307813945476167,0.0002,0.12618544697761536,4836.666180016586,11.121495723724365
26240,1,26240,0.6296176910400391,0.6307746380786557,0.0002,0.12088515609502792,4837.688202990073,11.121495723724365
26260,1,26260,0.6045916080474854,0.6307600782413143,0.0002,0.11744522303342819,4838.798404492214,11.121495723724365
26280,1,26280,0.6201212406158447,0.6307399926337278,0.0002,0.18189309537410736,4839.878342522161,11.121495723724365
26300,1,26300,0.6002269983291626,0.6307239041533677,0.0002,0.10585664212703705,4840.995124728439,11.121495723724365
26320,1,26320,0.6315405964851379,0.6307173519503688,0.0002,0.12597186863422394,4840.511899893924,11.121495723724365
26340,1,26340,0.5816713571548462,0.6307095339114277,0.0002,0.13663889467716217,4838.556219268857,11.121495723724365
26360,1,26360,0.6090304255485535,0.6307077480275831,0.0002,0.11105294525623322,4839.653401933252,11.121495723724365
26380,1,26380,0.66769939661026,0.6306947050800356,0.0002,0.1633930802345276,4836.346339970617,11.121495723724365
26400,1,26400,0.560437023639679,0.6306984759695357,0.0002,0.11362669616937637,4837.458463915243,11.121495723724365
26420,1,26420,0.6329823136329651,0.6306944141235498,0.0002,0.132129967212677,4838.538128755718,11.121495723724365
26440,1,26440,0.5842374563217163,0.6306986082457556,0.0002,0.10232308506965637,4839.63700650088,11.121495723724365
26460,1,26460,0.6618586778640747,0.6307119397096622,0.0002,0.19587278366088867,4835.930610084676,11.121495723724365
26480,1,26480,0.5636592507362366,0.6307134209406441,0.0002,0.17906512320041656,4836.988855790926,11.121495723724365
26500,1,26500,0.6314135789871216,0.6307118693037503,0.0002,0.14016199111938477,4834.471782884954,11.121495723724365
26520,1,26520,0.5531405210494995,0.6307008223966944,0.0002,0.12106560915708542,4834.334688475221,11.121495723724365
26540,1,26540,0.7125707268714905,0.6307051958064859,0.0002,0.16092121601104736,4835.419978657545,11.121495723724365
26560,1,26560,0.6433873772621155,0.6307129936243291,0.0002,0.14723169803619385,4836.522168963488,11.121495723724365
26580,1,26580,0.6405982375144958,0.6307085178442415,0.0002,0.14132830500602722,4837.6113161979765,11.121495723724365
26600,1,26600,0.5300276279449463,0.6306908884956811,0.0002,0.17408935725688934,4838.637000378398,11.121495723724365
26620,1,26620,0.6516779065132141,0.6306853482762583,0.0002,0.16595138609409332,4839.722542504436,11.121495723724365
26640,1,26640,0.6067843437194824,0.6306795412556765,0.0002,0.13114851713180542,4836.137679948778,11.121495723724365
26660,1,26660,0.645344614982605,0.63068177789663,0.0002,0.13138991594314575,4837.229665639809,11.121495723724365
26680,1,26680,0.5530360341072083,0.6306767598201103,0.0002,0.16860708594322205,4838.295723364949,11.121495723724365
26700,1,26700,0.6221149563789368,0.630669567542581,0.0002,0.11912945657968521,4839.385805627628,11.121495723724365
26720,1,26720,0.6308143138885498,0.6306507018518696,0.0002,0.12094170600175858,4840.482474507853,11.121495723724365
26740,1,26740,0.6402250528335571,0.6306481075501232,0.0002,0.12476275116205215,4840.088693673523,11.121495723724365
26760,1,26760,0.6456323862075806,0.6306504227474417,0.0002,0.18258967995643616,4838.392424433161,11.121495723724365
26780,1,26780,0.6762444376945496,0.6306492210524041,0.0002,0.14439617097377777,4835.2590042583915,11.121495723724365
26800,1,26800,0.5474931001663208,0.6306330433769584,0.0002,0.12643173336982727,4836.343574274925,11.121495723724365
26820,1,26820,0.6404163241386414,0.6306299868434855,0.0002,0.1293097883462906,4837.414430086142,11.121495723724365
26840,1,26840,0.5810790657997131,0.6306161174891652,0.0002,0.15429149568080902,4838.518752559971,11.121495723724365
26860,1,26860,0.5716708898544312,0.6305964626806787,0.0002,0.1603366732597351,4839.510267148515,11.121495723724365
26880,1,26880,0.6190674304962158,0.6305936504083735,0.0002,0.14095944166183472,4835.7403846234665,11.121495723724365
26900,1,26900,0.6515008807182312,0.6305977538695454,0.0002,0.11617610603570938,4836.847118469304,11.121495723724365
26920,1,26920,0.6631616950035095,0.6305982946714822,0.0002,0.16302372515201569,4837.890860250914,11.121495723724365
26940,1,26940,0.6208043098449707,0.6305966745215148,0.0002,0.2206377238035202,4833.8150035446015,11.121495723724365
26960,1,26960,0.587142288684845,0.6305914491608285,0.0002,0.13729096949100494,4834.8786047701715,11.121495723724365
26980,1,26980,0.5616650581359863,0.6305782058494532,0.0002,0.09284134209156036,4835.928214414257,11.121495723724365
27000,1,27000,0.6747477054595947,0.6305789434140168,0.0002,0.2304845005273819,4836.9513677313125,11.121495723724365
27020,1,27020,0.7194226980209351,0.6305782520738829,0.0002,0.20400704443454742,4837.302873504571,11.121495723724365
27040,1,27040,0.6286564469337463,0.6305774899948627,0.0002,0.12705974280834198,4833.944778341125,11.121495723724365
27060,1,27060,0.6159857511520386,0.6305657891368043,0.0002,0.13440661132335663,4835.0638199210325,11.121495723724365
27080,1,27080,0.6203505992889404,0.6305689340481108,0.0002,0.15390898287296295,4836.036507008392,11.121495723724365
27100,1,27100,0.6532681584358215,0.6305637214415536,0.0002,0.16422626376152039,4837.109155180766,11.121495723724365
27120,1,27120,0.5872768759727478,0.630552352811046,0.0002,0.12522181868553162,4838.118575303814,11.121495723724365
27140,1,27140,0.6434289813041687,0.6305379823825019,0.0002,0.11140613257884979,4839.209094051876,11.121495723724365
27160,1,27160,0.6478956341743469,0.6305299262628825,0.0002,0.1270444691181183,4835.541871481104,11.121495723724365
27180,1,27180,0.5883765816688538,0.6305278999159566,0.0002,0.12230649590492249,4836.634168097463,11.121495723724365
27200,1,27200,0.6236302852630615,0.6305185386142245,0.0002,0.17278924584388733,4833.365778848388,11.121495723724365
27220,1,27220,0.6984898447990417,0.630513463461426,0.0002,0.14387257397174835,4834.434602653798,11.121495723724365
27240,1,27240,0.6803645491600037,0.6305177331087236,0.0002,0.11844193935394287,4835.420564676141,11.121495723724365
27260,1,27260,0.663924515247345,0.6305093288600501,0.0002,0.11936751008033752,4832.536164064265,11.121495723724365
27280,1,27280,0.6625044941902161,0.6305013202864342,0.0002,0.12253227829933167,4832.592019471952,11.121495723724365
27300,1,27300,0.6523274183273315,0.6305076106465078,0.0002,0.14145353436470032,4830.365492246038,11.121495723724365
27320,1,27320,0.614870011806488,0.6304974546036589,0.0002,0.13089728355407715,4831.438171674254,11.121495723724365
27340,1,27340,0.7038729786872864,0.630498871368616,0.0002,0.16573908925056458,4828.056636836906,11.121495723724365
27360,1,27360,0.5843837857246399,0.6304837731599163,0.0002,0.11336436867713928,4827.524792269549,11.121495723724365
27380,1,27380,0.6967096924781799,0.6304858946120578,0.0002,0.1369357407093048,4828.528224283903,11.121495723724365
27400,1,27400,0.5499168634414673,0.6304631803688251,0.0002,0.1430162489414215,4829.576835513668,11.121495723724365
27420,1,27420,0.6312793493270874,0.630454681806811,0.0002,0.12113998830318451,4830.623075881358,11.121495723724365
27440,1,27440,0.6279746890068054,0.6304488485125588,0.0002,0.12124786525964737,4831.670190709487,11.121495723724365
27460,1,27460,0.5493949055671692,0.6304483862683525,0.0002,0.12699361145496368,4829.366214156516,11.121495723724365
27480,1,27480,0.5866917967796326,0.6304316872186847,0.0002,0.1216602474451065,4830.43425941693,11.121495723724365
27500,1,27500,0.6835395693778992,0.6304260340208178,0.0002,0.11272761225700378,4831.445284729489,11.121495723724365
27520,1,27520,0.5594472885131836,0.6304096769375005,0.0002,0.10981710255146027,4832.4810574114545,11.121495723724365
27540,1,27540,0.676326334476471,0.6304055161071402,0.0002,0.19639037549495697,4833.536055504541,11.121495723724365
27560,1,27560,0.6010947823524475,0.6303947330320783,0.0002,0.12800069153308868,4834.590724840968,11.121495723724365
27580,1,27580,0.6287060379981995,0.6303737837420579,0.0002,0.12765254080295563,4835.585586240958,11.121495723724365
27600,1,27600,0.5712262392044067,0.630369608368125,0.0002,0.12866273522377014,4832.090662954314,11.121495723724365
27620,1,27620,0.6714994311332703,0.6303676268602081,0.0002,0.14734120666980743,4828.909422159472,11.121495723724365
27640,1,27640,0.6564282178878784,0.6303586436995361,0.0002,0.17341820895671844,4829.908307353456,11.121495723724365
27660,1,27660,0.7106367945671082,0.6303556501426132,0.0002,0.15085387229919434,4827.075717454541,11.121495723724365
27680,1,27680,0.6466857194900513,0.6303462881167272,0.0002,0.1374216228723526,4828.161867183746,11.121495723724365
27700,1,27700,0.6255720257759094,0.6303336863039614,0.0002,0.1365126669406891,4829.2019620895535,11.121495723724365
27720,1,27720,0.7155632972717285,0.6303342304464452,0.0002,0.11692041903734207,4826.501156439102,11.121495723724365
27740,1,27740,0.6316302418708801,0.6303309084454444,0.0002,0.16545817255973816,4823.0361782517275,11.121495723724365
27760,1,27760,0.5928583145141602,0.6303209973199442,0.0002,0.15103594958782196,4822.743907870552,11.121495723724365
27780,1,27780,0.6223487854003906,0.630316953200695,0.0002,0.08897857367992401,4821.183183338457,11.121495723724365
27800,1,27800,0.6115396618843079,0.6303043712940384,0.0002,0.1083298921585083,4822.238770232326,11.121495723724365
27820,1,27820,0.6633610725402832,0.6302927612855678,0.0002,0.12402622401714325,4823.244476228497,11.121495723724365
27840,1,27840,0.5857270359992981,0.630281558131054,0.0002,0.13476777076721191,4819.9683108472145,11.121495723724365
27860,1,27860,0.6684772372245789,0.6302868014312599,0.0002,0.1533394753932953,4821.017190068265,11.121495723724365
27880,1,27880,0.5509434342384338,0.6302831799389546,0.0002,0.14219938218593597,4822.026701099468,11.121495723724365
27900,1,27900,0.7142463326454163,0.630277961989895,0.0002,0.13490475714206696,4822.999228688426,11.121495723724365
27920,1,27920,0.5568495392799377,0.6302685152475228,0.0002,0.10454899072647095,4824.023864972219,11.121495723724365
27940,1,27940,0.683871865272522,0.6302631485058406,0.0002,0.13882051408290863,4824.974736542722,11.121495723724365
27960,1,27960,0.5472763180732727,0.630273118300939,0.0002,0.11668836325407028,4825.967910995414,11.121495723724365
27980,1,27980,0.6696361303329468,0.6302681636290796,0.0002,0.09620533138513565,4826.985567686343,11.121495723724365
28000,1,28000,0.5850162506103516,0.6302620541007493,0.0002,0.0928070992231369,4823.433461191359,11.121495723724365
28020,1,28020,0.5431987047195435,0.6302541357492042,0.0002,0.14458690583705902,4819.7729889430575,11.121495723724365
28040,1,28040,0.6326571702957153,0.6302422639434028,0.0002,0.1512773185968399,4820.181421148433,11.121495723724365
28060,1,28060,0.6264010071754456,0.6302507515287985,0.0002,0.12976272404193878,4821.197564208252,11.121495723724365
28080,1,28080,0.5788779854774475,0.6302374656583607,0.0002,0.11563752591609955,4818.519414851629,11.121495723724365
28100,1,28100,0.599573016166687,0.6302229076000007,0.0002,0.0949164554476738,4819.532667222126,11.121495723724365
28120,1,28120,0.636019766330719,0.6302103247007068,0.0002,0.11256260424852371,4820.49675004541,11.121495723724365
28140,1,28140,0.6142640709877014,0.630204888786903,0.0002,0.14039058983325958,4821.403076280105,11.121495723724365
28160,1,28160,0.6372458934783936,0.6301960810619052,0.0002,0.11217501759529114,4818.168862792663,11.121495723724365
28180,1,28180,0.6899718642234802,0.6301863037850456,0.0002,0.15289188921451569,4814.923561401307,11.121495723724365
28200,1,28200,0.5879967212677002,0.6301773371394717,0.0002,0.14005382359027863,4815.9351780891175,11.121495723724365
28220,1,28220,0.60272216796875,0.6301709102806797,0.0002,0.11383049935102463,4816.9623379859295,11.121495723724365
28240,1,28240,0.6245152354240417,0.6301691941887568,0.0002,0.1303066611289978,4817.091272691982,11.121495723724365
28260,1,28260,0.6353220343589783,0.6301619321569396,0.0002,0.12044721096754074,4815.555661762243,11.121495723724365
28280,1,28280,0.6687043905258179,0.6301454172831349,0.0002,0.18912187218666077,4816.524587938171,11.121495723724365
28300,1,28300,0.5963107347488403,0.6301353881142908,0.0002,0.11218217015266418,4817.574597540544,11.121495723724365
28320,1,28320,0.6389920711517334,0.630127217191635,0.0002,0.11953356862068176,4818.529214563331,11.121495723724365
28340,1,28340,0.6763200759887695,0.6301122704829938,0.0002,0.10281608998775482,4819.551008284309,11.121495723724365
28360,1,28360,0.6828165054321289,0.6300872639050523,0.0002,0.20192156732082367,4820.539136172542,11.121495723724365
28380,1,28380,0.5771422982215881,0.6300704109645888,0.0002,0.10188645869493484,4821.557174539287,11.121495723724365
28400,1,28400,0.6177269816398621,0.6300584555616426,0.0002,0.14315441250801086,4822.55798957663,11.121495723724365
28420,1,28420,0.574181318283081,0.6300460565431376,0.0002,0.11019600927829742,4819.337739387241,11.121495723724365
28440,1,28440,0.5867816209793091,0.630041203690667,0.0002,0.13678371906280518,4816.227256361788,11.121495723724365
28460,1,28460,0.6675288677215576,0.6300337506092708,0.0002,0.1210927814245224,4813.077653613943,11.121495723724365
28480,1,28480,0.6334413886070251,0.6300215475104318,0.0002,0.18650881946086884,4814.126201180999,11.121495723724365
28500,1,28500,0.6166864037513733,0.6300170900588918,0.0002,0.17353156208992004,4815.149636879943,11.121495723724365
28520,1,28520,0.6304020881652832,0.6300090442635645,0.0002,0.10760638117790222,4816.109983643455,11.121495723724365
28540,1,28540,0.6032878756523132,0.6299954256014667,0.0002,0.14303387701511383,4817.138904480847,11.121495723724365
28560,1,28560,0.7172859311103821,0.6299884132782917,0.0002,0.15310686826705933,4813.764237907961,11.121495723724365
28580,1,28580,0.6187434196472168,0.6299885679525373,0.0002,0.21093712747097015,4810.1195809752835,11.121495723724365
28600,1,28600,0.6586652398109436,0.6299831856776753,0.0002,0.13545215129852295,4811.157379263311,11.121495723724365
28620,1,28620,0.6025481820106506,0.6299785489943718,0.0002,0.12637613713741302,4808.302490264006,11.121495723724365
28640,1,28640,0.6661393642425537,0.6299758325265625,0.0002,0.11447200924158096,4809.314906744072,11.121495723724365
28660,1,28660,0.6274213790893555,0.6299697098275079,0.0002,0.1116069108247757,4810.318261642157,11.121495723724365
28680,1,28680,0.623186469078064,0.6299740645089853,0.0002,0.11865876615047455,4811.235976314013,11.121495723724365
28700,1,28700,0.6210798025131226,0.6299651774109215,0.0002,0.1568107306957245,4812.23431694022,11.121495723724365
28720,1,28720,0.6231849789619446,0.6299725738352114,0.0002,0.1399305760860443,4813.196793879448,11.121495723724365
28740,1,28740,0.5855777263641357,0.6299662259428533,0.0002,0.1513255089521408,4814.19595179324,11.121495723724365
28760,1,28760,0.6104944348335266,0.6299643942831344,0.0002,0.12525905668735504,4815.178904739282,11.121495723724365
28780,1,28780,0.6304311752319336,0.6299596158850477,0.0002,0.11306671798229218,4816.173484092968,11.121495723724365
28800,1,28800,0.5914789438247681,0.6299562319473772,0.0002,0.11303174495697021,4817.165496015223,11.121495723724365
28820,1,28820,0.6091318726539612,0.6299557025379563,0.0002,0.1381211280822754,4817.1941379604805,11.121495723724365
28840,1,28840,0.6819645166397095,0.6299557971735473,0.0002,0.14237992465496063,4815.821509888628,11.121495723724365
28860,1,28860,0.6462646722793579,0.6299569954981946,0.0002,0.16966252028942108,4812.514913282884,11.121495723724365
28880,1,28880,0.5748264789581299,0.6299443202550499,0.0002,0.1121014878153801,4813.508748334447,11.121495723724365
28900,1,28900,0.62669837474823,0.6299400419028022,0.0002,0.11386138945817947,4814.489854374985,11.121495723724365
28920,1,28920,0.600176990032196,0.6299424361060301,0.0002,0.1523478776216507,4815.497417146507,11.121495723724365
28940,1,28940,0.6300520300865173,0.629932619220838,0.0002,0.11784476041793823,4816.491148370153,11.121495723724365
28960,1,28960,0.6299360990524292,0.6299341634227659,0.0002,0.13031189143657684,4817.388569979977,11.121495723724365
28980,1,28980,0.6070200204849243,0.6299308094610903,0.0002,0.1179829016327858,4814.098252660106,11.121495723724365
29000,1,29000,0.6114174127578735,0.629925187465583,0.0002,0.1290750503540039,4815.093432061754,11.121495723724365
29020,1,29020,0.6087411046028137,0.6299113860921408,0.0002,0.13938599824905396,4811.757436387346,11.121495723724365
29040,1,29040,0.6599077582359314,0.6299083636182028,0.0002,0.12179065495729446,4808.503907558549,11.121495723724365
29060,1,29060,0.6972365379333496,0.629902330951755,0.0002,0.13855552673339844,4809.512667395624,11.121495723724365
29080,1,29080,0.642871618270874,0.6298885179685265,0.0002,0.11571647226810455,4810.453763119302,11.121495723724365
29100,1,29100,0.6532890796661377,0.6298709921897518,0.0002,0.16481322050094604,4811.45151537134,11.121495723724365
29120,1,29120,0.6033660769462585,0.6298648558144647,0.0002,0.18383580446243286,4812.423602140514,11.121495723724365
29140,1,29140,0.6072097420692444,0.629848198163398,0.0002,0.12555421888828278,4813.421022429145,11.121495723724365
29160,1,29160,0.6448030471801758,0.6298370991533025,0.0002,0.17424516379833221,4814.39692456842,11.121495723724365
29180,1,29180,0.7270401120185852,0.629831935727955,0.0002,0.14818693697452545,4815.392783403697,11.121495723724365
29200,1,29200,0.5769039392471313,0.629820195554718,0.0002,0.2025652974843979,4812.446158850464,11.121495723724365
29220,1,29220,0.6533387899398804,0.6298164798200431,0.0002,0.1111566349864006,4813.471139351806,11.121495723724365
29240,1,29240,0.6260387301445007,0.6298136134771943,0.0002,0.1307283341884613,4810.112404010603,11.121495723724365
29260,1,29260,0.661558210849762,0.6298013673248634,0.0002,0.13739819824695587,4806.881800570577,11.121495723724365
29280,1,29280,0.5890907645225525,0.6297944858865693,0.0002,0.10592775046825409,4807.402775668758,11.121495723724365
29300,1,29300,0.6263502240180969,0.6297933575609815,0.0002,0.13402846455574036,4808.389076331561,11.121495723724365
29320,1,29320,0.5852051973342896,0.6297880493769309,0.0002,0.1010335311293602,4809.374884843037,11.121495723724365
29340,1,29340,0.6104211807250977,0.6297987732468411,0.0002,0.1460915207862854,4810.327386634403,11.121495723724365
29360,1,29360,0.6121446490287781,0.6298063719217002,0.0002,0.10852836072444916,4811.314762455259,11.121495723724365
29380,1,29380,0.6420572400093079,0.629802129755447,0.0002,0.12940457463264465,4807.1193754458845,11.121495723724365
29400,1,29400,0.6632583737373352,0.6298011455641744,0.0002,0.14594128727912903,4808.10734768366,11.121495723724365
29420,1,29420,0.6844596266746521,0.629795127260371,0.0002,0.13809390366077423,4805.263181120773,11.121495723724365
29440,1,29440,0.6102001667022705,0.629795798641367,0.0002,0.10356453061103821,4805.159960574201,11.121495723724365
29460,1,29460,0.5900511741638184,0.6297925680301845,0.0002,0.12315364927053452,4803.734849032893,11.121495723724365
29480,1,29480,0.5811319947242737,0.6297962493544098,0.0002,0.15528689324855804,4804.664150410527,11.121495723724365
29500,1,29500,0.6645155549049377,0.6297912238694476,0.0002,0.16531305015087128,4805.668108760881,11.121495723724365
29520,1,29520,0.6330028176307678,0.6297907627598347,0.0002,0.1585199385881424,4806.606110385721,11.121495723724365
29540,1,29540,0.6647070646286011,0.6297878681223141,0.0002,0.1324077844619751,4807.618702312227,11.121495723724365
29560,1,29560,0.6568688154220581,0.6297901309965444,0.0002,0.15948167443275452,4808.604413168423,11.121495723724365
29580,1,29580,0.580783486366272,0.6297694465283037,0.0002,0.1656879484653473,4809.601150204527,11.121495723724365
29600,1,29600,0.6174112558364868,0.6297552678411117,0.0002,0.12776313722133636,4810.5688128673055,11.121495723724365
29620,1,29620,0.6353510022163391,0.6297529160973456,0.0002,0.12742383778095245,4807.541216862096,11.121495723724365
29640,1,29640,0.6709685325622559,0.6297535651415663,0.0002,0.10387920588254929,4808.517485839045,11.121495723724365
29660,1,29660,0.6165111660957336,0.6297428196912528,0.0002,0.12918004393577576,4809.517013673909,11.121495723724365
29680,1,29680,0.5662766695022583,0.6297298138634903,0.0002,0.10431697219610214,4806.59573363895,11.121495723724365
29700,1,29700,0.5847834944725037,0.629720045605756,0.0002,0.14807742834091187,4803.422200682052,11.121495723724365
29720,1,29720,0.6303841471672058,0.629711228549265,0.0002,0.17986729741096497,4804.398344259126,11.121495723724365
29740,1,29740,0.6121258735656738,0.629708021883586,0.0002,0.13135568797588348,4805.35064909171,11.121495723724365
29760,1,29760,0.6076760292053223,0.6296985324981338,0.0002,0.14695896208286285,4806.28321211164,11.121495723724365
29780,1,29780,0.6955494284629822,0.6296967776070961,0.0002,0.13137151300907135,4802.99900165071,11.121495723724365
29800,1,29800,0.6622793674468994,0.6296926284966743,0.0002,0.11032812297344208,4804.008033530408,11.121495723724365
29820,1,29820,0.5867947936058044,0.6296853074361335,0.0002,0.1229698583483696,4804.96601723931,11.121495723724365
29840,1,29840,0.6368328928947449,0.6296798067719384,0.0002,0.14824777841567993,4805.937411140383,11.121495723724365
29860,1,29860,0.6277199983596802,0.6296811552340946,0.0002,0.10505544394254684,4802.787396014307,11.121495723724365
29880,1,29880,0.5915193557739258,0.6296755370843617,0.0002,0.1036154255270958,4803.720806583114,11.121495723724365
29900,1,29900,0.6561285257339478,0.6296803254164474,0.0002,0.11797191947698593,4804.689939150409,11.121495723724365
29920,1,29920,0.6235827207565308,0.6296698206123539,0.0002,0.10598109662532806,4805.636259359779,11.121495723724365
29940,1,29940,0.6211885809898376,0.6296661518616142,0.0002,0.15636201202869415,4806.578797855048,11.121495723724365
29960,1,29960,0.6121967434883118,0.6296534038329623,0.0002,0.10507118701934814,4807.530239949829,11.121495723724365
29980,1,29980,0.6563235521316528,0.629644055359693,0.0002,0.16488710045814514,4808.515676141595,11.121495723724365
30000,1,30000,0.5724602341651917,0.6296296278066678,0.0002,0.146721750497818,4809.460827188976,11.121495723724365
30020,1,30020,0.6915035247802734,0.6296310359695811,0.0002,0.17608430981636047,4809.823937671585,11.121495723724365
30040,1,30040,0.7207947969436646,0.6296196684334868,0.0002,0.1341012716293335,4806.24959557864,11.121495723724365
30060,1,30060,0.6024336218833923,0.6296103898018253,0.0002,0.12534308433532715,4803.3551039471295,11.121495723724365
30080,1,30080,0.626569390296936,0.6296040391160207,0.0002,0.1217610165476799,4800.335726312295,11.121495723724365
30100,1,30100,0.6405652761459351,0.6295892299804826,0.0002,0.19123798608779907,4797.271553422127,11.121495723724365
30120,1,30120,0.7130430936813354,0.6295928388209923,0.0002,0.11829256266355515,4798.229957374017,11.121495723724365
30140,1,30140,0.6583406925201416,0.6295806549162895,0.0002,0.12587933242321014,4799.183150014558,11.121495723724365
30160,1,30160,0.6469520926475525,0.6295708070117106,0.0002,0.12546870112419128,4800.1573858034035,11.121495723724365
30180,1,30180,0.6648187041282654,0.6295724408117834,0.0002,0.1612204760313034,4797.518399663009,11.121495723724365
30200,1,30200,0.6977668404579163,0.6295674886941075,0.0002,0.11011648178100586,4798.486145623669,11.121495723724365
30220,1,30220,0.6902076005935669,0.6295581418961218,0.0002,0.12931229174137115,4795.693435954456,11.121495723724365
30240,1,30240,0.6992380023002625,0.6295576419960928,0.0002,0.13706684112548828,4796.633536672815,11.121495723724365
30260,1,30260,0.6549449563026428,0.6295545021849374,0.0002,0.14999109506607056,4797.550471363511,11.121495723724365
30280,1,30280,0.5444278120994568,0.62955384020476,0.0002,0.16783829033374786,4794.795037035055,11.121495723724365
30300,1,30300,0.6935756206512451,0.6295441882100618,0.0002,0.11573591083288193,4795.713230974387,11.121495723724365
30320,1,30320,0.6330863237380981,0.6295393399907003,0.0002,0.17107316851615906,4796.66831833238,11.121495723724365
30340,1,30340,0.6366488337516785,0.6295410155379133,0.0002,0.16519688069820404,4797.653039510277,11.121495723724365
30360,1,30360,0.631374180316925,0.6295362588828172,0.0002,0.1178884282708168,4798.604331358755,11.121495723724365
30380,1,30380,0.688362181186676,0.6295420747729509,0.0002,0.10189470648765564,4799.577884889557,11.121495723724365
30400,1,30400,0.6106318831443787,0.6295354630193353,0.0002,0.2451641708612442,4800.48035514828,11.121495723724365
30420,1,30420,0.6639981865882874,0.6295237445854887,0.0002,0.19354674220085144,4801.443356325689,11.121495723724365
30440,1,30440,0.6653922200202942,0.6295273533697235,0.0002,0.1672486513853073,4802.39432848516,11.121495723724365
30460,1,30460,0.7529584765434265,0.6295291418331062,0.0002,0.11785534024238586,4799.574246463381,11.121495723724365
30480,1,30480,0.6225312948226929,0.6295332680217944,0.0002,0.15392498672008514,4796.377611940175,11.121495723724365
30500,1,30500,0.702090859413147,0.6295313945692338,0.0002,0.09527929872274399,4793.692805461609,11.121495723724365
30520,1,30520,0.726166844367981,0.6295314020475498,0.0002,0.12385153770446777,4790.93858296777,11.121495723724365
30540,1,30540,0.5979526042938232,0.6295239476875076,0.0002,0.15491312742233276,4791.913829996694,11.121495723724365
30560,1,30560,0.5900909304618835,0.6295108868433288,0.0002,0.13018499314785004,4792.879992518977,11.121495723724365
30580,1,30580,0.6246490478515625,0.6295152724956293,0.0002,0.1247822642326355,4789.787231676576,11.121495723724365
30600,1,30600,0.6551513671875,0.6295116999215132,0.0002,0.14694295823574066,4790.722391170927,11.121495723724365
30620,1,30620,0.623246967792511,0.6295191861222657,0.0002,0.14226113259792328,4791.642764827023,11.121495723724365
30640,1,30640,0.6393718719482422,0.6295221959136854,0.0002,0.1214565709233284,4792.601193274471,11.121495723724365
30660,1,30660,0.6443908214569092,0.6295172162871608,0.0002,0.12583765387535095,4793.515577915353,11.121495723724365
30680,1,30680,0.657623291015625,0.6295174033504826,0.0002,0.12069287151098251,4794.484873860305,11.121495723724365
30700,1,30700,0.5961571931838989,0.6295156839449209,0.0002,0.11594656109809875,4791.903721228864,11.121495723724365
30720,1,30720,0.6134116053581238,0.6295030934389363,0.0002,0.15884611010551453,4792.84463547569,11.121495723724365
30740,1,30740,0.6471221446990967,0.6295084572628731,0.0002,0.14437635242938995,4793.823564013128,11.121495723724365
30760,1,30760,0.5865008234977722,0.6295003310161165,0.0002,0.09857413172721863,4794.766613162357,11.121495723724365
30780,1,30780,0.5678378343582153,0.6295004922632819,0.0002,0.11041048914194107,4795.734280187505,11.121495723724365
30800,1,30800,0.6577256917953491,0.6294988410913339,0.0002,0.12344631552696228,4796.580165636825,11.121495723724365
30820,1,30820,0.7184761762619019,0.6294923663071201,0.0002,0.17492106556892395,4797.554402109566,11.121495723724365
30840,1,30840,0.6650676131248474,0.6294902963301958,0.0002,0.11619091778993607,4797.292095504661,11.121495723724365
30860,1,30860,0.5786939263343811,0.6294851432996832,0.0002,0.12322541326284409,4795.765694840636,11.121495723724365
30880,1,30880,0.7045485973358154,0.6294856227238224,0.0002,0.1793457567691803,4795.270188401446,11.121495723724365
30900,1,30900,0.6151694059371948,0.6294976501202377,0.0002,0.15714724361896515,4793.834101860856,11.121495723724365
30920,1,30920,0.709829568862915,0.6295005510936658,0.0002,0.09993825852870941,4791.045028682667,11.121495723724365
30940,1,30940,0.6532350182533264,0.6295124673037058,0.0002,0.1618872880935669,4792.015149540542,11.121495723724365
30960,1,30960,0.6176651120185852,0.6295164057309979,0.0002,0.14403659105300903,4792.985442144768,11.121495723724365
30980,1,30980,0.6450269818305969,0.6295150761482423,0.0002,0.16407477855682373,4793.9253223118885,11.121495723724365
31000,1,31000,0.5960057973861694,0.629506066073987,0.0002,0.13199643790721893,4791.40557462943,11.121495723724365
31020,1,31020,0.6070292592048645,0.6294904634655969,0.0002,0.09855272620916367,4791.755642790657,11.121495723724365
31040,1,31040,0.6507663726806641,0.6294867168735153,0.0002,0.11836425960063934,4792.666886867212,11.121495723724365
31060,1,31060,0.7123944759368896,0.629484096979062,0.0002,0.14702650904655457,4793.6201375290975,11.121495723724365
31080,1,31080,0.5808223485946655,0.6294693021414072,0.0002,0.2088993340730667,4793.639467025478,11.121495723724365
31100,1,31100,0.6782271265983582,0.6294658383855161,0.0002,0.18569554388523102,4792.502019370159,11.121495723724365
31120,1,31120,0.6689370274543762,0.6294657291172463,0.0002,0.13061712682247162,4793.443247201974,11.121495723724365
31140,1,31140,0.6544725894927979,0.6294649859936093,0.0002,0.15684868395328522,4794.391489077138,11.121495723724365
31160,1,31160,0.6059119701385498,0.6294589136021325,0.0002,0.15801545977592468,4795.304240250441,11.121495723724365
31180,1,31180,0.6146363019943237,0.6294388554377337,0.0002,0.16123907268047333,4796.2588682160085,11.121495723724365
31200,1,31200,0.6532278656959534,0.629432321104703,0.0002,0.09812452644109726,4797.2084981866565,11.121495723724365
31220,1,31220,0.652350127696991,0.6294240761526743,0.0002,0.1230771392583847,4798.156100985645,11.121495723724365
31240,1,31240,0.6138028502464294,0.6294110823771246,0.0002,0.09594926238059998,4799.0871217035665,11.121495723724365
31260,1,31260,0.7113157510757446,0.6294072492242868,0.0002,0.13061119616031647,4799.551243352044,11.121495723724365
31280,1,31280,0.610592782497406,0.6293999645099051,0.0002,0.11481921374797821,4797.3607503428575,11.121495723724365
31300,1,31300,0.6742355823516846,0.6293916643073028,0.0002,0.11701621115207672,4794.333295451552,11.121495723724365
31320,1,31320,0.6495038270950317,0.6293833257803099,0.0002,0.12261155992746353,4794.937059577085,11.121495723724365
31340,1,31340,0.6250686645507812,0.6293683803360457,0.0002,0.138869509100914,4792.310081953093,11.121495723724365
31360,1,31360,0.6894680857658386,0.6293523061370532,0.0002,0.1475304365158081,4793.262158115342,11.121495723724365
31380,1,31380,0.6340351104736328,0.6293518704541929,0.0002,0.1281513124704361,4790.613774023555,11.121495723724365
31400,1,31400,0.6911442875862122,0.6293507172622899,0.0002,0.14581014215946198,4787.072469985203,11.121495723724365
31420,1,31420,0.5798763036727905,0.6293463117208051,0.0002,0.11446607857942581,4788.024506264751,11.121495723724365
31440,1,31440,0.6711063385009766,0.6293465702991804,0.0002,0.11632705479860306,4788.936531234372,11.121495723724365
31460,1,31460,0.6662605404853821,0.6293379477255028,0.0002,0.14631952345371246,4788.702166958983,11.121495723724365
31480,1,31480,0.6477657556533813,0.6293350102949468,0.0002,0.166826069355011,4787.308797009094,11.121495723724365
31500,1,31500,0.5724581480026245,0.6293281583642236,0.0002,0.16393733024597168,4788.258347598727,11.121495723724365
31520,1,31520,0.6167311668395996,0.6293233642360835,0.0002,0.13239933550357819,4789.190361867897,11.121495723724365
31540,1,31540,0.5978094339370728,0.6293235213859697,0.0002,0.22663168609142303,4790.14425647209,11.121495723724365
31560,1,31560,0.6413220167160034,0.6293097334299588,0.0002,0.14847151935100555,4791.02871980126,11.121495723724365
31580,1,31580,0.6275895237922668,0.6292925678744001,0.0002,0.16841325163841248,4791.975036378202,11.121495723724365
31600,1,31600,0.6097807288169861,0.6292944864714158,0.0002,0.12325762957334518,4792.90119899734,11.121495723724365
31620,1,31620,0.6646062135696411,0.6292877496399922,0.0002,0.14484308660030365,4793.836056820247,11.121495723724365
31640,1,31640,0.6124264001846313,0.6292827956737945,0.0002,0.15887686610221863,4794.76141517924,11.121495723724365
31660,1,31660,0.5754526257514954,0.6292856874514077,0.0002,0.12364165484905243,4795.709520988107,11.121495723724365
31680,1,31680,0.6066939830780029,0.6292697782009845,0.0002,0.12474185973405838,4792.616030357092,11.121495723724365
31700,1,31700,0.612604558467865,0.6292629483008708,0.0002,0.1429072916507721,4793.5730723930565,11.121495723724365
31720,1,31720,0.6318797469139099,0.6292591941305363,0.0002,0.11334896832704544,4790.550493566422,11.121495723724365
31740,1,31740,0.6809909343719482,0.6292544764639167,0.0002,0.11407171189785004,4791.467811284352,11.121495723724365
31760,1,31760,0.6185190081596375,0.6292468755980386,0.0002,0.18381445109844208,4788.785374306599,11.121495723724365
31780,1,31780,0.614941418170929,0.6292295054119739,0.0002,0.11791959404945374,4785.898899491235,11.121495723724365
31800,1,31800,0.5758621692657471,0.6292233178190849,0.0002,0.11294204741716385,4786.822858246209,11.121495723724365
31820,1,31820,0.6240056157112122,0.6292168350466505,0.0002,0.11987762898206711,4784.345395779325,11.121495723724365
31840,1,31840,0.5862541794776917,0.6292164721551595,0.0002,0.10590502619743347,4785.289487855416,11.121495723724365
31860,1,31860,0.6595147848129272,0.6292182616800122,0.0002,0.12439968436956406,4786.212050223266,11.121495723724365
31880,1,31880,0.6460117101669312,0.6292104715923681,0.0002,0.13771899044513702,4782.763384366986,11.121495723724365
31900,1,31900,0.6266173124313354,0.629196223377336,0.0002,0.15689167380332947,4783.690443262978,11.121495723724365
31920,1,31920,0.5760719180107117,0.6291932608465145,0.0002,0.10140997171401978,4784.603499186334,11.121495723724365
31940,1,31940,0.6228914260864258,0.6291889310904657,0.0002,0.17190203070640564,4785.536056073419,11.121495723724365
31960,1,31960,0.6436499953269958,0.6291939014793709,0.0002,0.11292814463376999,4786.409117098371,11.121495723724365
31980,1,31980,0.623717725276947,0.6291960582608865,0.0002,0.10900723189115524,4787.344878538108,11.121495723724365
32000,1,32000,0.698423445224762,0.6291902588785405,0.0002,0.12485707551240921,4788.234338877355,11.121495723724365
32020,1,32020,0.6623705625534058,0.6291932399422707,0.0002,0.1518528014421463,4788.703923585293,11.121495723724365
32040,1,32040,0.5914409160614014,0.6291975919965205,0.0002,0.16273772716522217,4789.608645449314,11.121495723724365
32060,1,32060,0.702313244342804,0.6292017340637237,0.0002,0.16485591232776642,4790.5330742318865,11.121495723724365
32080,1,32080,0.6163414120674133,0.6291976846458125,0.0002,0.11506324261426926,4791.400657769153,11.121495723724365
32100,1,32100,0.6419984698295593,0.6291933248229952,0.0002,0.1840621829032898,4788.6993222286965,11.121495723724365
32120,1,32120,0.5975213050842285,0.6291977198497164,0.0002,0.1262449324131012,4789.638934832676,11.121495723724365
32140,1,32140,0.5693903565406799,0.6291995734644734,0.0002,0.10853791236877441,4786.970641353677,11.121495723724365
32160,1,32160,0.638286828994751,0.6291936794384447,0.0002,0.15067918598651886,4785.249395896785,11.121495723724365
32180,1,32180,0.5491594672203064,0.6291904319283412,0.0002,0.10012093931436539,4782.723462556957,11.121495723724365
32200,1,32200,0.5739846229553223,0.6291783819249426,0.0002,0.1059853807091713,4780.241981696263,11.121495723724365
32220,1,32220,0.6262166500091553,0.629172508186176,0.0002,0.0983644351363182,4780.709380064929,11.121495723724365
32240,1,32240,0.5979413390159607,0.6291646564988136,0.0002,0.13086232542991638,4778.708724266831,11.121495723724365
32260,1,32260,0.603634774684906,0.6291661984110989,0.0002,0.17246600985527039,4779.620958090914,11.121495723724365
32280,1,32280,0.6805931329727173,0.6291578806932031,0.0002,0.13333700597286224,4776.882489969174,11.121495723724365
32300,1,32300,0.6337275505065918,0.6291567703519836,0.0002,0.2276536524295807,4777.819042099477,11.121495723724365
32320,1,32320,0.6006656885147095,0.6291482321875935,0.0002,0.16548633575439453,4778.729505883094,11.121495723724365
32340,1,32340,0.5570891499519348,0.6291434711475664,0.0002,0.13374584913253784,4779.6282621181745,11.121495723724365
32360,1,32360,0.6492384672164917,0.6291368883541378,0.0002,0.097794309258461,4780.533261978963,11.121495723724365
32380,1,32380,0.6069785952568054,0.6291295080076822,0.0002,0.1185343861579895,4781.454244024613,11.121495723724365
32400,1,32400,0.6507560610771179,0.6291183681034697,0.0002,0.13156810402870178,4782.354723364677,11.121495723724365
32420,1,32420,0.6368666291236877,0.6291158569922494,0.0002,0.16175217926502228,4783.262293149695,11.121495723724365
32440,1,32440,0.62921541929245,0.6291074168270379,0.0002,0.12329860776662827,4784.168559436269,11.121495723724365
32460,1,32460,0.6305147409439087,0.6290972722923681,0.0002,0.13621611893177032,4785.081100775642,11.121495723724365
32480,1,32480,0.6641623377799988,0.6290952868034052,0.0002,0.12226641178131104,4785.93001775732,11.121495723724365
32500,1,32500,0.6596593260765076,0.6290905974666752,0.0002,0.12230871617794037,4785.754155588315,11.121495723724365
32520,1,32520,0.5708533525466919,0.6290802972232121,0.0002,0.13810522854328156,4782.520977343043,11.121495723724365
32540,1,32540,0.5956083536148071,0.6290644956355028,0.0002,0.16286113858222961,4783.443955721543,11.121495723724365
32560,1,32560,0.649865984916687,0.6290621251711648,0.0002,0.12063959240913391,4780.772567887213,11.121495723724365
32580,1,32580,0.5698729753494263,0.62905479500544,0.0002,0.1371249556541443,4777.810252752789,11.121495723724365
32600,1,32600,0.6674714684486389,0.6290561082558529,0.0002,0.17930452525615692,4778.757869392021,11.121495723724365
32620,1,32620,0.6138928532600403,0.629049254317107,0.0002,0.1416599452495575,4779.630532530872,11.121495723724365
32640,1,32640,0.66452556848526,0.6290347935232604,0.0002,0.11918800324201584,4779.4799135574085,11.121495723724365
32660,1,32660,0.667045533657074,0.6290264684829798,0.0002,0.1961653232574463,4778.01827421872,11.121495723724365
32680,1,32680,0.5442785024642944,0.6290106542427987,0.0002,0.08976580202579498,4777.775800358224,11.121495723724365
32700,1,32700,0.6423747539520264,0.6290057678173476,0.0002,0.11882279068231583,4776.453122189085,11.121495723724365
32720,1,32720,0.6964928507804871,0.6289916209874521,0.0002,0.14717163145542145,4777.364791072312,11.121495723724365
32740,1,32740,0.5763996839523315,0.6289896193235865,0.0002,0.12184376269578934,4778.241119554454,11.121495723724365
32760,1,32760,0.6114941239356995,0.628980418594917,0.0002,0.11732780188322067,4779.151799962046,11.121495723724365
32780,1,32780,0.6842082142829895,0.6289822463799043,0.0002,0.14580146968364716,4780.055836716964,11.121495723724365
32800,1,32800,0.6756176352500916,0.6289813372141656,0.0002,0.10614730417728424,4780.924953440514,11.121495723724365
32820,1,32820,0.650405764579773,0.6289944215709639,0.0002,0.12293817847967148,4781.83441330345,11.121495723724365
32840,1,32840,0.6039824485778809,0.628992303152769,0.0002,0.18960563838481903,4782.7323187644015,11.121495723724365
32860,1,32860,0.5263200402259827,0.6289858310685624,0.0002,0.1334822177886963,4783.638347571952,11.121495723724365
32880,1,32880,0.5581582188606262,0.6289655107908022,0.0002,0.09947609901428223,4780.9064208681175,11.121495723724365
32900,1,32900,0.5842300057411194,0.6289735046179786,0.0002,0.12813428044319153,4781.80056040224,11.121495723724365
32920,1,32920,0.5899622440338135,0.6289729949761148,0.0002,0.1396307349205017,4779.042121345587,11.121495723724365
32940,1,32940,0.6625921726226807,0.6289690340822827,0.0002,0.14000871777534485,4777.074941369644,11.121495723724365
32960,1,32960,0.6525084972381592,0.6289654185313907,0.0002,0.17602241039276123,4777.979847916191,11.121495723724365
32980,1,32980,0.6361495852470398,0.6289647233092751,0.0002,0.10768621414899826,4775.060711015473,11.121495723724365
33000,1,33000,0.6491192579269409,0.6289422451399268,0.0002,0.12491850554943085,4772.441898078196,11.121495723724365
33020,1,33020,0.6209700107574463,0.6289341155331079,0.0002,0.15007326006889343,4772.791725929712,11.121495723724365
33040,1,33040,0.6089363694190979,0.6289275242035499,0.0002,0.09845466166734695,4773.698831589463,11.121495723724365
33060,1,33060,0.5965169072151184,0.6289293930979799,0.0002,0.15983545780181885,4771.271901946915,11.121495723724365
33080,1,33080,0.667661726474762,0.6289268542544749,0.0002,0.1158214807510376,4772.1755797977285,11.121495723724365
33100,1,33100,0.6019214987754822,0.6289100850883108,0.0002,0.11139672994613647,4773.020647459753,11.121495723724365
33120,1,33120,0.6768786907196045,0.6288972446689408,0.0002,0.114836186170578,4770.043890733117,11.121495723724365
33140,1,33140,0.6898906826972961,0.6288923399050274,0.0002,0.1028246209025383,4770.889973308088,11.121495723724365
33160,1,33160,0.6801039576530457,0.6288903134846852,0.0002,0.15542417764663696,4771.76007969308,11.121495723724365
33180,1,33180,0.6024299263954163,0.6288768703979545,0.0002,0.09907276928424835,4772.669665918286,11.121495723724365
33200,1,33200,0.6392698287963867,0.628879643903748,0.0002,0.11902531236410141,4773.547145537989,11.121495723724365
33220,1,33220,0.6286040544509888,0.6288742653836829,0.0002,0.18058153986930847,4774.449003866252,11.121495723724365
33240,1,33240,0.6357977986335754,0.628870501335339,0.0002,0.12863418459892273,4775.3316361138895,11.121495723724365
33260,1,33260,0.5649545788764954,0.6288670505766397,0.0002,0.20459380745887756,4776.229971991651,11.121495723724365
33280,1,33280,0.5248115062713623,0.6288499076334627,0.0002,0.10031387209892273,4773.509458478762,11.121495723724365
33300,1,33300,0.6131383180618286,0.6288429085219128,0.0002,0.11101290583610535,4774.417471455829,11.121495723724365
33320,1,33320,0.681508481502533,0.628837358799942,0.0002,0.189544215798378,4771.793404154136,11.121495723724365
33340,1,33340,0.6943840980529785,0.6288368553426613,0.0002,0.1202298253774643,4772.69546042093,11.121495723724365
33360,1,33360,0.662338137626648,0.6288350532773086,0.0002,0.16964949667453766,4773.574766489954,11.121495723724365
33380,1,33380,0.5844350457191467,0.6288401150460902,0.0002,0.17389465868473053,4774.459671255569,11.121495723724365
33400,1,33400,0.5768867135047913,0.6288352327913167,0.0002,0.17961011826992035,4772.600445963641,11.121495723724365
33420,1,33420,0.6888759136199951,0.6288336596961319,0.0002,0.1404397338628769,4770.269546978805,11.121495723724365
33440,1,33440,0.5134748816490173,0.6288234288535091,0.0002,0.13500553369522095,4770.947265114298,11.121495723724365
33460,1,33460,0.6166407465934753,0.6288135671915329,0.0002,0.11464832723140717,4768.404460797357,11.121495723724365
33480,1,33480,0.5375939607620239,0.6288133258471067,0.0002,0.1349146068096161,4769.281069970112,11.121495723724365
33500,1,33500,0.6224793791770935,0.6288154900346791,0.0002,0.09912310540676117,4770.156168372355,11.121495723724365
33520,1,33520,0.5586181282997131,0.6288113833282768,0.0002,0.13999615609645844,4771.034223268596,11.121495723724365
33540,1,33540,0.6590368151664734,0.6288076276717619,0.0002,0.1329776495695114,4768.358065445864,11.121495723724365
33560,1,33560,0.5428559184074402,0.6287947420866408,0.0002,0.13732478022575378,4769.226045191518,11.121495723724365
33580,1,33580,0.5719757080078125,0.6287904052715375,0.0002,0.13545694947242737,4770.129440648418,11.121495723724365
33600,1,33600,0.6301006078720093,0.6287880496221163,0.0002,0.1270974725484848,4771.000639199847,11.121495723724365
33620,1,33620,0.5961773991584778,0.6287928467342905,0.0002,0.10938562452793121,4771.879739832575,11.121495723724365
33640,1,33640,0.5776280164718628,0.6287897846923713,0.0002,0.10527986288070679,4772.73039603948,11.121495723724365
33660,1,33660,0.626066267490387,0.6287897913568127,0.0002,0.11794263124465942,4773.603322695479,11.121495723724365
33680,1,33680,0.6498472690582275,0.6287885902841802,0.0002,0.12735913693904877,4773.4192005515115,11.121495723724365
33700,1,33700,0.6228430271148682,0.6287788435274128,0.0002,0.1299556940793991,4772.0831228737725,11.121495723724365
33720,1,33720,0.6395927667617798,0.6287672040996398,0.0002,0.11962661147117615,4770.095871935495,11.121495723724365
33740,1,33740,0.6375031471252441,0.6287652551498388,0.0002,0.17306585609912872,4770.965262590954,11.121495723724365
33760,1,33760,0.6212730407714844,0.6287519190846749,0.0002,0.09343603998422623,4768.419202992972,11.121495723724365
33780,1,33780,0.58084636926651,0.6287457953642704,0.0002,0.13884210586547852,4766.130254924462,11.121495723724365
33800,1,33800,0.585979163646698,0.6287374504198523,0.0002,0.13697291910648346,4766.9460664687585,11.121495723724365
33820,1,33820,0.6408063173294067,0.6287378895022377,0.0002,0.23901905119419098,4767.790032596182,11.121495723724365
33840,1,33840,0.7199641466140747,0.6287315988529552,0.0002,0.1411450356245041,4765.400385899755,11.121495723724365
33860,1,33860,0.6462435722351074,0.6287278022546828,0.0002,0.15873464941978455,4766.2266793151675,11.121495723724365
33880,1,33880,0.6414927840232849,0.62872608370545,0.0002,0.1479560136795044,4763.123281714351,11.121495723724365
33900,1,33900,0.6803840398788452,0.6287275932302478,0.0002,0.1439550817012787,4763.9930570165825,11.121495723724365
33920,1,33920,0.6382172107696533,0.628726240189696,0.0002,0.11799614131450653,4764.860547455562,11.121495723724365
33940,1,33940,0.6370082497596741,0.6287157112358638,0.0002,0.13051769137382507,4762.2482910344725,11.121495723724365
33960,1,33960,0.667757511138916,0.6287215779423266,0.0002,0.11107521504163742,4763.123044956711,11.121495723724365
33980,1,33980,0.7138770222663879,0.6287203735794057,0.0002,0.15219995379447937,4764.003183171485,11.121495723724365
34000,1,34000,0.6024709343910217,0.628708294484953,0.0002,0.09813195466995239,4764.853458304568,11.121495723724365
34020,1,34020,0.6443693041801453,0.6287103199677098,0.0002,0.11816341429948807,4764.909544375274,11.121495723724365
34040,1,34040,0.6716850996017456,0.6287090381132248,0.0002,0.12673644721508026,4765.703894959993,11.121495723724365
34060,1,34060,0.624807596206665,0.6287109354888636,0.0002,0.20402976870536804,4766.574682441187,11.121495723724365
34080,1,34080,0.6902670860290527,0.6287062812372545,0.0002,0.13492266833782196,4766.337358155705,11.121495723724365
34100,1,34100,0.5955701470375061,0.6287016510467315,0.0002,0.14102517068386078,4764.908968772837,11.121495723724365
34120,1,34120,0.5345497131347656,0.6286941931535147,0.0002,0.12218170613050461,4765.760493292705,11.121495723724365
34140,1,34140,0.6804125905036926,0.6287005186017399,0.0002,0.12864530086517334,4766.623881247909,11.121495723724365
34160,1,34160,0.6646185517311096,0.6287044940927883,0.0002,0.12490350008010864,4764.09732858824,11.121495723724365
34180,1,34180,0.6174163222312927,0.628689048247275,0.0002,0.13141198456287384,4761.680939419734,11.121495723724365
34200,1,34200,0.5037575960159302,0.6286806286497294,0.0002,0.0957653820514679,4762.546548943751,11.121495723724365
34220,1,34220,0.6581260561943054,0.6286813453064709,0.0002,0.1091216579079628,4763.354739259671,11.121495723724365
34240,1,34240,0.6059477925300598,0.6286807152919851,0.0002,0.1370943933725357,4764.195880144228,11.121495723724365
34260,1,34260,0.6476530432701111,0.6286787675654272,0.0002,0.12392384558916092,4761.416121572045,11.121495723724365
34280,1,34280,0.638861358165741,0.628686285974571,0.0002,0.15769359469413757,4762.261358215314,11.121495723724365
34300,1,34300,0.7089437246322632,0.6286959873902488,0.0002,0.1327499896287918,4759.838973168012,11.121495723724365
34320,1,34320,0.6295154690742493,0.6286978310302782,0.0002,0.11939443647861481,4760.647264058391,11.121495723724365
34340,1,34340,0.7270710468292236,0.6286951352691705,0.0002,0.1259559541940689,4761.492054090899,11.121495723724365
34360,1,34360,0.56397944688797,0.6287010204608905,0.0002,0.10841814428567886,4758.829229644084,11.121495723724365
34380,1,34380,0.6822898983955383,0.628704106739322,0.0002,0.12316420674324036,4759.671960880202,11.121495723724365
34400,1,34400,0.6232476830482483,0.6287001450303712,0.0002,0.12512169778347015,4760.44995763587,11.121495723724365
34420,1,34420,0.6530464291572571,0.628703123094389,0.0002,0.11442873626947403,4760.955872285337,11.121495723724365
34440,1,34440,0.647108256816864,0.6287058463338838,0.0002,0.16855810582637787,4761.7498034979335,11.121495723724365
34460,1,34460,0.6614886522293091,0.6287150655103906,0.0002,0.1061154305934906,4762.613559018325,11.121495723724365
34480,1,34480,0.716230571269989,0.6287213857653557,0.0002,0.13320428133010864,4763.4465350184755,11.121495723724365
34500,1,34500,0.6854822635650635,0.6287214494650974,0.0002,0.24762339890003204,4760.4994361029285,11.121495723724365
34520,1,34520,0.6139479279518127,0.6287213392560405,0.0002,0.11204320937395096,4761.349391990215,11.121495723724365
34540,1,34540,0.6595156192779541,0.6287175360811968,0.0002,0.09523038566112518,4762.190272092517,11.121495723724365
34560,1,34560,0.6070643067359924,0.6287226334169382,0.0002,0.10190519690513611,4763.009033501753,11.121495723724365
34580,1,34580,0.6513662934303284,0.628721364209748,0.0002,0.11289191991090775,4760.204378088473,11.121495723724365
34600,1,34600,0.5741137862205505,0.6287116827826625,0.0002,0.11079902201890945,4757.656570287313,11.121495723724365
34620,1,34620,0.56504887342453,0.628699820603963,0.0002,0.09013690799474716,4758.497789394821,11.121495723724365
34640,1,34640,0.6365160942077637,0.6286966045788184,0.0002,0.13255587220191956,4759.322515699059,11.121495723724365
34660,1,34660,0.6033579111099243,0.6286897529164901,0.0002,0.1382008194923401,4756.742226112643,11.121495723724365
34680,1,34680,0.6583956480026245,0.6286901197779385,0.0002,0.11250405013561249,4757.600596857979,11.121495723724365
34700,1,34700,0.5611111521720886,0.6286886184356316,0.0002,0.09953927248716354,4755.456332639437,11.121495723724365
34720,1,34720,0.6246134042739868,0.6286818446363466,0.0002,0.16530685126781464,4756.297693489628,11.121495723724365
34740,1,34740,0.570020854473114,0.628674059408418,0.0002,0.0935574546456337,4757.134883116105,11.121495723724365
34760,1,34760,0.607877790927887,0.6286732254868406,0.0002,0.18109138309955597,4757.9650655173145,11.121495723724365
34780,1,34780,0.7247666120529175,0.6286669575791489,0.0002,0.17289336025714874,4756.136642013769,11.121495723724365
34800,1,34800,0.6616730093955994,0.6286640473816062,0.0002,0.12140032649040222,4756.975241099003,11.121495723724365
34820,1,34820,0.6734552383422852,0.6286481243584111,0.0002,0.14934790134429932,4757.82344219033,11.121495723724365
34840,1,34840,0.5891047120094299,0.6286404991334791,0.0002,0.1223599761724472,4758.604569593179,11.121495723724365
34860,1,34860,0.6700499653816223,0.6286332843241103,0.0002,0.12286773324012756,4759.454509942497,11.121495723724365
34880,1,34880,0.5840639472007751,0.6286231562183567,0.0002,0.11372068524360657,4760.275118805404,11.121495723724365
34900,1,34900,0.6021245121955872,0.6286157380093873,0.0002,0.11407904326915741,4761.119451163619,11.121495723724365
34920,1,34920,0.5786829590797424,0.6286042760896177,0.0002,0.11548847705125809,4758.767183036906,11.121495723724365
34940,1,34940,0.6491003036499023,0.6285984585537254,0.0002,0.1431206464767456,4759.605124131885,11.121495723724365
34960,1,34960,0.576669454574585,0.6285818788389188,0.0002,0.11635365337133408,4760.414627533849,11.121495723724365
34980,1,34980,0.6397247910499573,0.6285801973013831,0.0002,0.10074038058519363,4761.18777856898,11.121495723724365
35000,1,35000,0.6724548935890198,0.6285732761891143,0.0002,0.11828165501356125,4758.757256581071,11.121495723724365
35020,1,35020,0.6420111656188965,0.6285641373287898,0.0002,0.14484474062919617,4755.99542368486,11.121495723724365
35040,1,35040,0.6318070888519287,0.6285645389344664,0.0002,0.12298125773668289,4756.822136374048,11.121495723724365
35060,1,35060,0.5629673600196838,0.6285550312788223,0.0002,0.20105880498886108,4757.654782579509,11.121495723724365
35080,1,35080,0.6004540324211121,0.628549533507029,0.0002,0.18370851874351501,4754.376753529174,11.121495723724365
35100,1,35100,0.5867772102355957,0.6285540752231628,0.0002,0.14585523307323456,4755.2273444781185,11.121495723724365
35120,1,35120,0.6222440600395203,0.6285462853904762,0.0002,0.11455655097961426,4756.07218453229,11.121495723724365
35140,1,35140,0.593044102191925,0.628544473842326,0.0002,0.08964162319898605,4756.908719311122,11.121495723724365
35160,1,35160,0.6136460304260254,0.6285467506344923,0.0002,0.15378010272979736,4754.747804764041,11.121495723724365
35180,1,35180,0.5541711449623108,0.6285450529983134,0.0002,0.11578620970249176,4755.584042730995,11.121495723724365
35200,1,35200,0.6726826429367065,0.6285456056915537,0.0002,0.15655016899108887,4756.409531656944,11.121495723724365
35220,1,35220,0.5826703310012817,0.6285455926573141,0.0002,0.09257157146930695,4757.195138595697,11.121495723724365
35240,1,35240,0.5933699607849121,0.6285433451711784,0.0002,0.11508899182081223,4757.996311030936,11.121495723724365
35260,1,35260,0.59209805727005,0.6285342776515865,0.0002,0.13051605224609375,4758.834896966237,11.121495723724365
35280,1,35280,0.6375032067298889,0.6285259574032973,0.0002,0.13401906192302704,4759.650830291208,11.121495723724365
35300,1,35300,0.5874927043914795,0.6285131459794873,0.0002,0.11340808868408203,4760.481896592353,11.121495723724365
35320,1,35320,0.6359474062919617,0.6285187642651248,0.0002,0.12882336974143982,4757.980068001584,11.121495723724365
35340,1,35340,0.5587717294692993,0.6285228563548826,0.0002,0.11663935333490372,4758.841608639704,11.121495723724365
35360,1,35360,0.5887067317962646,0.6285195516244338,0.0002,0.11566954106092453,4759.644244573473,11.121495723724365
35380,1,35380,0.5837324857711792,0.6285171114398477,0.0002,0.17256347835063934,4760.493516975687,11.121495723724365
35400,1,35400,0.59709233045578,0.6285081045444598,0.0002,0.10854585468769073,4761.3265102822215,11.121495723724365
35420,1,35420,0.6158592700958252,0.6285048051952055,0.0002,0.1331319808959961,4759.4915119552315,11.121495723724365
35440,1,35440,0.6001794934272766,0.6285116796957261,0.0002,0.11975793540477753,4759.976763694244,11.121495723724365
35460,1,35460,0.62139493227005,0.6285106823995906,0.0002,0.16882868111133575,4757.77460982392,11.121495723724365
35480,1,35480,0.6596036553382874,0.6285093058705267,0.0002,0.14583267271518707,4758.566861139289,11.121495723724365
35500,1,35500,0.6479604244232178,0.6285082873556432,0.0002,0.13934028148651123,4756.068021338389,11.121495723724365
35520,1,35520,0.5965349674224854,0.6284964679623356,0.0002,0.13401514291763306,4756.905442791814,11.121495723724365
35540,1,35540,0.610628068447113,0.6284919589550244,0.0002,0.11373631656169891,4757.395920352477,11.121495723724365
35560,1,35560,0.6574488878250122,0.6284897630988528,0.0002,0.15151256322860718,4755.253491411955,11.121495723724365
35580,1,35580,0.6111230254173279,0.6284855655084,0.0002,0.11678314954042435,4756.087598353427,11.121495723724365
35600,1,35600,0.5730389356613159,0.6284715098828518,0.0002,0.13995665311813354,4756.901615241222,11.121495723724365
35620,1,35620,0.6367992162704468,0.628464316808547,0.0002,0.11594824492931366,4757.668064701564,11.121495723724365
35640,1,35640,0.631015419960022,0.6284637741240205,0.0002,0.11709963530302048,4758.498014061523,11.121495723724365
35660,1,35660,0.5322763323783875,0.6284601676293434,0.0002,0.14663000404834747,4759.336859013522,11.121495723724365
35680,1,35680,0.6265095472335815,0.6284527372049062,0.0002,0.14615456759929657,4760.164984859751,11.121495723724365
35700,1,35700,0.5495656132698059,0.628441436055483,0.0002,0.09164022654294968,4760.996203654686,11.121495723724365
35720,1,35720,0.6688753366470337,0.6284408061151586,0.0002,0.17706581950187683,4761.808410856721,11.121495723724365
35740,1,35740,0.6216080784797668,0.628426815578581,0.0002,0.12553124129772186,4759.349111993468,11.121495723724365
35760,1,35760,0.6586446762084961,0.6284219797184273,0.0002,0.11567775160074234,4760.170482048956,11.121495723724365
35780,1,35780,0.7220736145973206,0.6284213268098809,0.0002,0.12363547086715698,4760.996136476048,11.121495723724365
35800,1,35800,0.6380940675735474,0.6284181947443236,0.0002,0.1290995478630066,4758.630425225612,11.121495723724365
35820,1,35820,0.6362810730934143,0.6284124004368308,0.0002,0.08648853003978729,4759.456316474762,11.121495723724365
35840,1,35840,0.6395812034606934,0.6284019900963799,0.0002,0.15126968920230865,4757.091654748412,11.121495723724365
35860,1,35860,0.6550260186195374,0.6284117410559213,0.0002,0.10466347634792328,4755.001315460213,11.121495723724365
35880,1,35880,0.6192353367805481,0.6284167657001952,0.0002,0.1431029587984085,4755.812769048134,11.121495723724365
35900,1,35900,0.648224413394928,0.6284092793866778,0.0002,0.12538611888885498,4753.314563145482,11.121495723724365
35920,1,35920,0.6316664218902588,0.6284047690227444,0.0002,0.13035359978675842,4754.167431754312,11.121495723724365
35940,1,35940,0.6328209638595581,0.6284000371733531,0.0002,0.18122336268424988,4754.990819315353,11.121495723724365
35960,1,35960,0.5859028697013855,0.6283906568637044,0.0002,0.1183755174279213,4752.706709820555,11.121495723724365
35980,1,35980,0.6774387359619141,0.6283901440734927,0.0002,0.11676391959190369,4753.531611268058,11.121495723724365
36000,1,36000,0.6780526638031006,0.6283954312316193,0.0002,0.1609431952238083,4754.331279540674,11.121495723724365
36020,1,36020,0.6438316106796265,0.6283898284307252,0.0002,0.1261044442653656,4754.663935082032,11.121495723724365
36040,1,36040,0.6391913890838623,0.6283815505219824,0.0002,0.09367209672927856,4755.445813169061,11.121495723724365
36060,1,36060,0.5817223787307739,0.628385288981676,0.0002,0.10716784745454788,4756.270913586496,11.121495723724365
36080,1,36080,0.5970842242240906,0.6283802582936318,0.0002,0.10697076469659805,4757.072529423423,11.121495723724365
36100,1,36100,0.6613141298294067,0.6283783629052694,0.0002,0.15584993362426758,4757.912251667236,11.121495723724365
36120,1,36120,0.6055362224578857,0.6283819703578037,0.0002,0.12907066941261292,4758.678660140121,11.121495723724365
36140,1,36140,0.6458835601806641,0.6283839173186332,0.0002,0.11604510247707367,4759.500170944174,11.121495723724365
36160,1,36160,0.6162410974502563,0.6283753607938988,0.0002,0.11879930645227432,4757.236837050858,11.121495723724365
36180,1,36180,0.6973125338554382,0.6283697681961983,0.0002,0.09565402567386627,4758.057342087861,11.121495723724365
36200,1,36200,0.5725257992744446,0.6283518315838157,0.0002,0.10903263837099075,4755.512480487391,11.121495723724365
36220,1,36220,0.66761714220047,0.6283471233841097,0.0002,0.13779185712337494,4756.329245683233,11.121495723724365
36240,1,36240,0.6260839104652405,0.6283364355027738,0.0002,0.11625552177429199,4757.125426820361,11.121495723724365
36260,1,36260,0.5722973346710205,0.6283329217339949,0.0002,0.11786196380853653,4754.63405709887,11.121495723724365
36280,1,36280,0.627498984336853,0.6283318378281822,0.0002,0.1894465535879135,4752.2819003683335,11.121495723724365
36300,1,36300,0.64391028881073,0.628325160901619,0.0002,0.14639204740524292,4753.084615357664,11.121495723724365
36320,1,36320,0.5986234545707703,0.6283253149989639,0.0002,0.12399102747440338,4753.884114476802,11.121495723724365
36340,1,36340,0.680413007736206,0.6283350889451561,0.0002,0.11137732863426208,4751.567776511528,11.121495723724365
36360,1,36360,0.5842225551605225,0.6283250829774021,0.0002,0.1266297549009323,4752.316902674812,11.121495723724365
36380,1,36380,0.6113036870956421,0.6283253335979311,0.0002,0.1066669300198555,4749.903048930401,11.121495723724365
36400,1,36400,0.584174394607544,0.628325126365773,0.0002,0.09679684787988663,4750.6923924332905,11.121495723724365
36420,1,36420,0.7104558348655701,0.6283202746441504,0.0002,0.16062307357788086,4751.481095470883,11.121495723724365
36440,1,36440,0.6147478222846985,0.6283234863667144,0.0002,0.11181257665157318,4752.2786484967155,11.121495723724365
36460,1,36460,0.6937002539634705,0.6283188713351803,0.0002,0.14191105961799622,4753.103026828175,11.121495723724365
36480,1,36480,0.6113368272781372,0.628314530645193,0.0002,0.17766688764095306,4753.905508236416,11.121495723724365
36500,1,36500,0.6567739844322205,0.6283157807229607,0.0002,0.14594373106956482,4754.7112753769925,11.121495723724365
36520,1,36520,0.595759391784668,0.628310141721282,0.0002,0.12135826796293259,4752.507454999676,11.121495723724365
36540,1,36540,0.6319942474365234,0.62831334831729,0.0002,0.0965171605348587,4753.331459045343,11.121495723724365
36560,1,36560,0.6182065010070801,0.6283045626214528,0.0002,0.13195203244686127,4751.296372544645,11.121495723724365
36580,1,36580,0.6794058680534363,0.628305607062045,0.0002,0.1254788041114807,4752.109590397826,11.121495723724365
36600,1,36600,0.5961158871650696,0.6283037853374418,0.0002,0.10776901245117188,4752.905644742859,11.121495723724365
36620,1,36620,0.6074862480163574,0.6283086451285469,0.0002,0.13201315701007843,4750.779143482421,11.121495723724365
36640,1,36640,0.5848835110664368,0.6283090172959772,0.0002,0.11551625281572342,4751.577654210522,11.121495723724365
36660,1,36660,0.5992666482925415,0.6283070269497789,0.0002,0.14426732063293457,4752.340194653069,11.121495723724365
36680,1,36680,0.6109523773193359,0.628308644905776,0.0002,0.14750586450099945,4750.051331953318,11.121495723724365
36700,1,36700,0.6165635585784912,0.6283083156424905,0.0002,0.11402752250432968,4750.847923027043,11.121495723724365
36720,1,36720,0.6136429309844971,0.6282996674868749,0.0002,0.19607135653495789,4751.65224710822,11.121495723724365
36740,1,36740,0.6732053756713867,0.6282932408816296,0.0002,0.10919889062643051,4749.135293658766,11.121495723724365
36760,1,36760,0.6239390969276428,0.6282951849340292,0.0002,0.10607869923114777,4749.9489534454,11.121495723724365
36780,1,36780,0.5703116655349731,0.6282848891137353,0.0002,0.14441658556461334,4750.752802082373,11.121495723724365
36800,1,36800,0.5731362700462341,0.6282801905151421,0.0002,0.11770129203796387,4749.0080844855875,11.121495723724365
36820,1,36820,0.6446496248245239,0.6282846381067398,0.0002,0.11358964443206787,4749.83108374715,11.121495723724365
36840,1,36840,0.6566799283027649,0.6282882769657825,0.0002,0.12365985661745071,4750.587332772911,11.121495723724365
36860,1,36860,0.6095377802848816,0.6282810640616852,0.0002,0.10264188796281815,4751.382631648057,11.121495723724365
36880,1,36880,0.6554169058799744,0.6282706329441254,0.0002,0.12355756759643555,4752.171191173042,11.121495723724365
36900,1,36900,0.5903931260108948,0.6282583697053187,0.0002,0.12008681893348694,4752.978239954301,11.121495723724365
36920,1,36920,0.6471139192581177,0.6282468651114004,0.0002,0.13776203989982605,4753.752063785696,11.121495723724365
36940,1,36940,0.6196536421775818,0.6282405915098692,0.0002,0.1298626959323883,4751.614520411332,11.121495723724365
36960,1,36960,0.6885875463485718,0.6282354484710533,0.0002,0.1550820767879486,4752.394294923492,11.121495723724365
36980,1,36980,0.5773203372955322,0.6282270215081979,0.0002,0.09508101642131805,4750.131393805002,11.121495723724365
37000,1,37000,0.553616464138031,0.6282271453908806,0.0002,0.09002252668142319,4750.929792083401,11.121495723724365
37020,1,37020,0.6683350801467896,0.6282225414344927,0.0002,0.10964144021272659,4751.285637269374,11.121495723724365
37040,1,37040,0.6142790913581848,0.6282166343680883,0.0002,0.12015988677740097,4749.033940085122,11.121495723724365
37060,1,37060,0.55197674036026,0.6282073813338996,0.0002,0.09057901799678802,4749.825496700345,11.121495723724365
37080,1,37080,0.6437966823577881,0.6282040406452414,0.0002,0.1027214527130127,4747.418673144782,11.121495723724365
37100,1,37100,0.6443608403205872,0.6282018591796431,0.0002,0.22128774225711823,4744.8175918692905,11.121495723724365
37120,1,37120,0.6904214024543762,0.6282001316490309,0.0002,0.12814433872699738,4745.619623161419,11.121495723724365
37140,1,37140,0.5933467745780945,0.628201367527315,0.0002,0.11242146790027618,4746.388513541264,11.121495723724365
37160,1,37160,0.7099924683570862,0.6281973356217546,0.0002,0.11712917685508728,4744.199960556106,11.121495723724365
37180,1,37180,0.5741708874702454,0.6281827226427824,0.0002,0.10562042891979218,4741.9760011073895,11.121495723724365
37200,1,37200,0.5667659640312195,0.6281761066435799,0.0002,0.1117905005812645,4742.74320699001,11.121495723724365
37220,1,37220,0.5562276244163513,0.628177039686656,0.0002,0.12476687878370285,4743.524732445428,11.121495723724365
37240,1,37240,0.5947389006614685,0.6281719968696668,0.0002,0.09058969467878342,4744.298740649034,11.121495723724365
37260,1,37260,0.6252232193946838,0.6281642657104889,0.0002,0.14497412741184235,4745.084803910848,11.121495723724365
37280,1,37280,0.6032721996307373,0.628161458721705,0.0002,0.12324056774377823,4745.83579810586,11.121495723724365
37300,1,37300,0.6490219235420227,0.6281522156192079,0.0002,0.11268215626478195,4746.5689524730815,11.121495723724365
37320,1,37320,0.6123051643371582,0.628145961288671,0.0002,0.1268051713705063,4747.324984585831,11.121495723724365
37340,1,37340,0.6765442490577698,0.6281516738814723,0.0002,0.15509933233261108,4747.024817226064,11.121495723724365
37360,1,37360,0.5978518724441528,0.6281457669229586,0.0002,0.12000101059675217,4745.580392937365,11.121495723724365
37380,1,37380,0.6725960373878479,0.6281443693828791,0.0002,0.10962449014186859,4743.1187132005225,11.121495723724365
37400,1,37400,0.5913951396942139,0.6281369970691772,0.0002,0.19726237654685974,4743.885222627384,11.121495723724365
37420,1,37420,0.6781103610992432,0.6281405548670151,0.0002,0.12118656933307648,4744.609516080676,11.121495723724365
37440,1,37440,0.6038107872009277,0.6281311395829257,0.0002,0.14082010090351105,4742.710841347211,11.121495723724365
37460,1,37460,0.6033026576042175,0.628132146351855,0.0002,0.11977627128362656,4743.502426630584,11.121495723724365
37480,1,37480,0.6581703424453735,0.6281327416116571,0.0002,0.11363457143306732,4744.251562388999,11.121495723724365
37500,1,37500,0.6199090480804443,0.6281266417851875,0.0002,0.12837357819080353,4742.535770965067,11.121495723724365
37520,1,37520,0.6020101308822632,0.628124369193971,0.0002,0.10994943231344223,4740.257982535364,11.121495723724365
37540,1,37540,0.5558971762657166,0.6281275895475271,0.0002,0.1285674273967743,4740.918185102197,11.121495723724365
37560,1,37560,0.5662440657615662,0.6281284327653441,0.0002,0.16891659796237946,4739.300055524585,11.121495723724365
37580,1,37580,0.6051397919654846,0.6281183537224219,0.0002,0.1281229704618454,4737.1912450518275,11.121495723724365
37600,1,37600,0.5713435411453247,0.6281180672080398,0.0002,0.16098745167255402,4737.9734761217,11.121495723724365
37620,1,37620,0.6571800708770752,0.6281062745952501,0.0002,0.1174483671784401,4738.757725591584,11.121495723724365
37640,1,37640,0.61320960521698,0.6281026906798379,0.0002,0.1153307631611824,4739.536272500601,11.121495723724365
37660,1,37660,0.6857810020446777,0.6280970610201896,0.0002,0.16203883290290833,4740.315788711286,11.121495723724365
37680,1,37680,0.6039011478424072,0.6280912324985757,0.0002,0.11942914128303528,4741.085617354396,11.121495723724365
37700,1,37700,0.6722279191017151,0.6280859106628808,0.0002,0.12705549597740173,4741.857968407323,11.121495723724365
37720,1,37720,0.5816490650177002,0.6280759270375292,0.0002,0.11346850544214249,4742.628815540735,11.121495723724365
37740,1,37740,0.5778136849403381,0.6280707987959229,0.0002,0.10857498645782471,4743.407615222768,11.121495723724365
37760,1,37760,0.6128683090209961,0.6280604835410227,0.0002,0.12455791234970093,4740.778551934071,11.121495723724365
37780,1,37780,0.6157788038253784,0.6280440359066681,0.0002,0.11478624492883682,4737.8060105092745,11.121495723724365
37800,1,37800,0.6087801456451416,0.6280322558965374,0.0002,0.16421841084957123,4738.608223457897,11.121495723724365
37820,1,37820,0.6313610672950745,0.6280224816582137,0.0002,0.12743377685546875,4739.39126789966,11.121495723724365
37840,1,37840,0.5120134353637695,0.6280151243052915,0.0002,0.10313264280557632,4737.32853185899,11.121495723724365
37860,1,37860,0.6489049196243286,0.6280097492988661,0.0002,0.11652370542287827,4738.1359164428095,11.121495723724365
37880,1,37880,0.65213543176651,0.6280034170050983,0.0002,0.10640586912631989,4735.627762184122,11.121495723724365
37900,1,37900,0.5719578862190247,0.6279914887527526,0.0002,0.09626630693674088,4736.424878729719,11.121495723724365
37920,1,37920,0.5852782130241394,0.6279790195244128,0.0002,0.1403476893901825,4736.089805794079,11.121495723724365
37940,1,37940,0.6127673983573914,0.6279749562645214,0.0002,0.140321284532547,4734.737288454059,11.121495723724365
37960,1,37960,0.6397839188575745,0.6279696023629018,0.0002,0.10233623534440994,4732.190084659715,11.121495723724365
37980,1,37980,0.5782275795936584,0.6279740834832963,0.0002,0.14149004220962524,4732.978617951103,11.121495723724365
38000,1,38000,0.6075111031532288,0.6279701373158779,0.0002,0.17247994244098663,4733.76128029703,11.121495723724365
38020,1,38020,0.7031529545783997,0.6279751337129063,0.0002,0.14122314751148224,4734.148653262631,11.121495723724365
38040,1,38040,0.575742244720459,0.6279731538614836,0.0002,0.10985711961984634,4734.920513342913,11.121495723724365
38060,1,38060,0.5698220729827881,0.6279705085935385,0.0002,0.139842689037323,4735.705405397694,11.121495723724365
38080,1,38080,0.6041464805603027,0.6279734218525227,0.0002,0.1525552123785019,4736.440710823149,11.121495723724365
38100,1,38100,0.6311897039413452,0.6279784335739345,0.0002,0.09949061274528503,4737.224007377003,11.121495723724365
38120,1,38120,0.6474235653877258,0.6279781498555522,0.0002,0.12407243251800537,4737.964960751319,11.121495723724365
38140,1,38140,0.625207781791687,0.6279770659191439,0.0002,0.10449780523777008,4738.746197852463,11.121495723724365
38160,1,38160,0.6026114821434021,0.6279688171773177,0.0002,0.12574276328086853,4739.509572271377,11.121495723724365
38180,1,38180,0.653270959854126,0.6279754140964098,0.0002,0.10143852978944778,4737.039275406315,11.121495723724365
38200,1,38200,0.5479070544242859,0.6279780401507694,0.0002,0.09891138225793839,4737.773861526353,11.121495723724365
38220,1,38220,0.5791198015213013,0.627972816023628,0.0002,0.1065758615732193,4738.5559665432465,11.121495723724365
38240,1,38240,0.5978803038597107,0.6279688536297682,0.0002,0.12292182445526123,4739.326158388447,11.121495723724365
38260,1,38260,0.6494179964065552,0.6279673541819124,0.0002,0.11118883639574051,4737.2437697055575,11.121495723724365
38280,1,38280,0.659258246421814,0.6279614804794077,0.0002,0.10579245537519455,4734.733810766293,11.121495723724365
38300,1,38300,0.6311967372894287,0.6279642844975594,0.0002,0.11403407156467438,4735.532399333229,11.121495723724365
38320,1,38320,0.5823603272438049,0.6279630721944346,0.0002,0.13173560798168182,4736.2978847879585,11.121495723724365
38340,1,38340,0.5772889852523804,0.6279682474712878,0.0002,0.11363133043050766,4733.822675573819,11.121495723724365
38360,1,38360,0.619502067565918,0.6279656288596107,0.0002,0.1174163892865181,4731.457909252879,11.121495723724365
38380,1,38380,0.6292822957038879,0.6279579956316423,0.0002,0.11846136301755905,4732.263407304937,11.121495723724365
38400,1,38400,0.627231240272522,0.6279541058883312,0.0002,0.11665059626102448,4733.027372982841,11.121495723724365
38420,1,38420,0.6096874475479126,0.6279477344846447,0.0002,0.128114253282547,4733.797868460902,11.121495723724365
38440,1,38440,0.6586918830871582,0.6279449396827889,0.0002,0.15729385614395142,4734.525081520785,11.121495723724365
38460,1,38460,0.6816704869270325,0.6279381937968547,0.0002,0.13544687628746033,4735.307245896813,11.121495723724365
38480,1,38480,0.6644405126571655,0.6279364850410495,0.0002,0.1313057243824005,4736.042526462139,11.121495723724365
38500,1,38500,0.6521473526954651,0.627937750089763,0.0002,0.12104740738868713,4736.821753952696,11.121495723724365
38520,1,38520,0.6478865146636963,0.6279315291787858,0.0002,0.14122289419174194,4737.580677541673,11.121495723724365
38540,1,38540,0.5811132788658142,0.6279209164766649,0.0002,0.11954236775636673,4738.347071975032,11.121495723724365
38560,1,38560,0.6053627133369446,0.6279185800098046,0.0002,0.1214381605386734,4739.106968874373,11.121495723724365
38580,1,38580,0.6377918720245361,0.6279049717591367,0.0002,0.10692659765481949,4737.536167463829,11.121495723724365
38600,1,38600,0.5997883081436157,0.6279002800083457,0.0002,0.13313952088356018,4734.778623739,11.121495723724365
38620,1,38620,0.5515923500061035,0.6278929481621917,0.0002,0.118426114320755,4735.554013362416,11.121495723724365
38640,1,38640,0.717106819152832,0.6278848701186609,0.0002,0.1533205211162567,4736.312525956913,11.121495723724365
38660,1,38660,0.5575729608535767,0.6278756739247378,0.0002,0.11994026601314545,4734.111119979308,11.121495723724365
38680,1,38680,0.5900389552116394,0.6278647199937076,0.0002,0.2031753957271576,4734.889888475415,11.121495723724365
38700,1,38700,0.6340353488922119,0.6278605006836688,0.0002,0.10508210957050323,4732.7684274115,11.121495723724365
38720,1,38720,0.6178256273269653,0.6278658383596698,0.0002,0.0925016775727272,4733.513995086405,11.121495723724365
38740,1,38740,0.6332005262374878,0.6278664009433697,0.0002,0.10831151157617569,4734.236978119135,11.121495723724365
38760,1,38760,0.6084004044532776,0.6278650421622869,0.0002,0.12529036402702332,4732.64748471331,11.121495723724365
38780,1,38780,0.6058441400527954,0.6278596868999569,0.0002,0.1072368323802948,4730.255832130828,11.121495723724365
38800,1,38800,0.5983408093452454,0.6278504941512837,0.0002,0.08810333907604218,4730.960285028215,11.121495723724365
38820,1,38820,0.6226157546043396,0.6278479662450852,0.0002,0.12988971173763275,4731.63792850802,11.121495723724365
38840,1,38840,0.5981969237327576,0.6278359039464345,0.0002,0.11676615476608276,4732.2436597413325,11.121495723724365
38860,1,38860,0.6342195868492126,0.6278328823790514,0.0002,0.13364601135253906,4732.861464466814,11.121495723724365
38880,1,38880,0.6806610226631165,0.6278320078656421,0.0002,0.12166546285152435,4733.489459626429,11.121495723724365
38900,1,38900,0.5493749976158142,0.6278152230486667,0.0002,0.133981853723526,4734.191967673143,11.121495723724365
38920,1,38920,0.5844053030014038,0.6278232303485306,0.0002,0.16175371408462524,4734.795475451322,11.121495723724365
38940,1,38940,0.6039074063301086,0.6278163463294775,0.0002,0.14586496353149414,4735.40479156682,11.121495723724365
38960,1,38960,0.5913217663764954,0.6278071112465471,0.0002,0.13428275287151337,4736.082859179293,11.121495723724365
38980,1,38980,0.6390246152877808,0.6278082659729355,0.0002,0.14328405261039734,4736.810046790066,11.121495723724365
39000,1,39000,0.6072912812232971,0.6278009484803648,0.0002,0.13492484390735626,4737.551903397803,11.121495723724365
39020,1,39020,0.6472212076187134,0.6278033276715413,0.0002,0.11606256663799286,4737.785011115587,11.121495723724365
39040,1,39040,0.6368260979652405,0.6277926025205767,0.0002,0.13517284393310547,4738.39648356507,11.121495723724365
39052,2,1,0.6227812170982361,0.6227812170982361,0.0002,0.108144111931324,84.24843153215986,11.11425495147705
39071,2,20,0.6092433333396912,0.6168007511500277,0.0002,0.13178303837776184,1325.1953247320741,11.115774154663086
39091,2,40,0.5436500310897827,0.6137756251081363,0.0002,0.2003611922264099,2223.5723362106087,11.11579179763794
39111,2,60,0.5735885500907898,0.6096508237637771,0.0002,0.2508520781993866,2872.3797186498828,11.117951393127441
39131,2,80,0.5495116710662842,0.6124992136753368,0.0002,0.10885107517242432,3347.902575049868,11.117951393127441
39151,2,100,0.576776385307312,0.611739760551044,0.0002,0.15623138844966888,3732.2223389381465,11.117951393127441
39171,2,120,0.5815315246582031,0.6129153854801148,0.0002,0.0962209701538086,4039.2664668729185,11.118779182434082
39191,2,140,0.7117586731910706,0.6143883623409544,0.0002,0.1332608014345169,4288.448799023321,11.118779182434082
39211,2,160,0.6169140338897705,0.6129103831792134,0.0002,0.12047800421714783,4501.063841616183,11.119351863861084
39231,2,180,0.5767790079116821,0.6109072247373173,0.0002,0.10084938257932663,4675.256002956424,11.119351863861084
39251,2,200,0.5740853548049927,0.610863378513155,0.0002,0.10410556197166443,4819.603384472275,11.119351863861084
39271,2,220,0.6279579997062683,0.6108792986417784,0.0002,0.12462513148784637,4956.055367571629,11.119351863861084
39291,2,240,0.5947152972221375,0.6104977285030531,0.0002,0.09282813221216202,5074.663296752052,11.119351863861084
39311,2,260,0.5705354809761047,0.6118348413279319,0.0002,0.12522904574871063,5180.745073523931,11.119351863861084
39331,2,280,0.5689541697502136,0.6122360390659058,0.0002,0.13278409838676453,5269.225550581398,11.119351863861084
39351,2,300,0.592860221862793,0.6129221494546304,0.0002,0.11223676800727844,5352.603829634475,11.119351863861084
39371,2,320,0.6250292658805847,0.6131572160291271,0.0002,0.11943850666284561,5427.908665074302,11.119359970092773
39391,2,340,0.6178553104400635,0.6132472836165027,0.0002,0.11517997831106186,5491.186583056943,11.119359970092773
39411,2,360,0.5774931907653809,0.6135450681284993,0.0002,0.18372149765491486,5553.434186091711,11.119359970092773
39431,2,380,0.579278290271759,0.6137131214642071,0.0002,0.13920174539089203,5205.947744564741,11.119359970092773
39451,2,400,0.6267765164375305,0.6136752440558682,0.0002,0.1169145405292511,5139.164596607936,11.119359970092773
39471,2,420,0.6129710674285889,0.6133731557217212,0.0002,0.11497929692268372,4788.950322912304,11.119359970092773
39491,2,440,0.5769811868667603,0.6139346286916896,0.0002,0.11151698976755142,4855.008464321091,11.119359970092773
39511,2,460,0.6085724234580994,0.6135206600180022,0.0002,0.10736272484064102,4918.965414304916,11.119359970092773
39531,2,480,0.5907729864120483,0.6139677274027472,0.0002,0.1009288877248764,4973.344035995792,11.119359970092773
39551,2,500,0.6107867956161499,0.6141400798463508,0.0002,0.11204150319099426,5028.736874471518,11.119359970092773
39571,2,520,0.6032613515853882,0.6143577194913468,0.0002,0.0979950949549675,5080.830311214191,11.119359970092773
39591,2,540,0.602420449256897,0.6145706875692933,0.0002,0.09857973456382751,5131.220935710205,11.119359970092773
39611,2,560,0.5176205039024353,0.6146331665271229,0.0002,0.14825575053691864,5177.5709532515575,11.119359970092773
39631,2,580,0.6691206097602844,0.6151667410966762,0.0002,0.13143692910671234,5220.5732978506685,11.119359970092773
39651,2,600,0.6651133298873901,0.6150111084019529,0.0002,0.2644374370574951,5258.291209411657,11.119359970092773
39671,2,620,0.6012351512908936,0.6148810079586016,0.0002,0.11083322763442993,5298.910077226239,11.119359970092773
39691,2,640,0.605033814907074,0.6152935723147511,0.0002,0.10367434471845627,5336.758958884001,11.119359970092773
39711,2,660,0.6348686218261719,0.6154763225872316,0.0002,0.14129498600959778,5374.1758235273,11.119359970092773
39731,2,680,0.5651777386665344,0.6154697036006073,0.0002,0.12424522638320923,5409.256529539631,11.119359970092773
39751,2,700,0.6645437479019165,0.615381758748892,0.0002,0.1603425145149231,5442.186832702295,11.119359970092773
39771,2,720,0.5759142637252808,0.6153165886188534,0.0002,0.11559699475765228,5474.068677158251,11.119359970092773
39791,2,740,0.6612284779548645,0.6151328159346814,0.0002,0.12556688487529755,5505.497147363173,11.119359970092773
39811,2,760,0.6041899919509888,0.6151466569250617,0.0002,0.111276775598526,5531.016750687239,11.119359970092773
39831,2,780,0.645630955696106,0.6151793458701648,0.0002,0.12727828323841095,5344.847635069566,11.119359970092773
39851,2,800,0.6103308200836182,0.6151762632044683,0.0002,0.12144947052001953,5169.300474755935,11.119359970092773
39871,2,820,0.590484082698822,0.615504783651633,0.0002,0.13472454249858856,5202.050349325315,11.119359970092773
39891,2,840,0.530316948890686,0.6158063931337515,0.0002,0.0896916314959526,5079.702438101535,11.119359970092773
39911,2,860,0.6066177487373352,0.615733348305854,0.0002,0.09431970119476318,5111.168991162907,11.119359970092773
39931,2,880,0.6306129693984985,0.6159497976088809,0.0002,0.13474087417125702,5137.876684139061,11.119359970092773
39951,2,900,0.6833778619766235,0.6161512549066087,0.0002,0.11693594604730606,5166.1670519729505,11.119359970092773
39971,2,920,0.6458355188369751,0.6160251036105502,0.0002,0.1286715716123581,5194.197727646941,11.119359970092773
39991,2,940,0.6066703796386719,0.6156070574318687,0.0002,0.14315007627010345,5220.63326353728,11.119359970092773
40011,2,960,0.6441554427146912,0.6155525378461852,0.0002,0.11869247257709503,5247.213106186787,11.119359970092773
40031,2,980,0.6006896495819092,0.6156355490548805,0.0002,0.12339965999126434,5271.481047247555,11.119359970092773
40051,2,1000,0.6054196953773499,0.6158879647767151,0.0002,0.11945229768753052,5296.451699361861,11.119359970092773
40071,2,1020,0.5595799088478088,0.615687784860276,0.0002,0.14438670873641968,5308.4470451271245,11.119359970092773
40091,2,1040,0.6584226489067078,0.6157343349854568,0.0002,0.15094876289367676,5331.769758761639,11.119359970092773
40111,2,1060,0.6425535678863525,0.6155649090145207,0.0002,0.13080129027366638,5354.2450164945285,11.119359970092773
40131,2,1080,0.5774273872375488,0.6154923081977633,0.0002,0.13699541985988617,5375.306192712567,11.119359970092773
40151,2,1100,0.6014180779457092,0.6155792825434174,0.0002,0.10369313508272171,5395.940269661876,11.119359970092773
40171,2,1120,0.6120764017105103,0.615496204294271,0.0002,0.11806311458349228,5417.173873665423,11.119359970092773
40191,2,1140,0.6663629412651062,0.6152703048560582,0.0002,0.11278393864631653,5435.79781810134,11.119359970092773
40211,2,1160,0.7011163830757141,0.615120397033825,0.0002,0.1322307586669922,5455.251259226658,11.119359970092773
40231,2,1180,0.5352978706359863,0.6151395555530766,0.0002,0.11892344057559967,5348.162087780217,11.119359970092773
40251,2,1200,0.6308033466339111,0.6151075528883694,0.0002,0.1791388988494873,5254.121045664584,11.119359970092773
40271,2,1220,0.6681233644485474,0.6151774193435685,0.0002,0.16647131741046906,5142.438085067607,11.119359970092773
40291,2,1240,0.5980309247970581,0.6152852358644149,0.0002,0.09969022870063782,5163.6510676348325,11.119359970092773
40311,2,1260,0.6218743920326233,0.6153412767431586,0.0002,0.09044384956359863,5085.046801097543,11.119359970092773
40331,2,1280,0.5381944179534912,0.6152388356980931,0.0002,0.10042517632246017,5106.385201475809,11.119359970092773
40351,2,1300,0.6523416638374329,0.6152684267700753,0.0002,0.12517371773719788,5125.9798914353505,11.119359970092773
40371,2,1320,0.6814538836479187,0.6155152124823681,0.0002,0.12559114396572113,5144.494793855476,11.119359970092773
40391,2,1340,0.6224449276924133,0.6155213807242762,0.0002,0.11327280104160309,5163.4438286854365,11.119359970092773
40411,2,1360,0.6080763936042786,0.615597964091251,0.0002,0.12538281083106995,5182.559208384198,11.119359970092773
40431,2,1380,0.6176536083221436,0.6157750738049144,0.0002,0.21665704250335693,5201.194509135237,11.119359970092773
40451,2,1400,0.5700141787528992,0.6158636823917963,0.0002,0.1002708226442337,5218.4634711017125,11.119359970092773
40471,2,1420,0.6123257875442505,0.6158428416768117,0.0002,0.10408421605825424,5236.078233978351,11.119359970092773
40491,2,1440,0.6078330278396606,0.6159586329095398,0.0002,0.11117731779813766,5253.575274880419,11.119359970092773
40511,2,1460,0.6287351846694946,0.6162847056814466,0.0002,0.14179527759552002,5270.432995271194,11.119359970092773
40531,2,1480,0.6578969359397888,0.6165230552071217,0.0002,0.21500948071479797,5287.487957570732,11.119359970092773
40551,2,1500,0.589352548122406,0.6164968813091609,0.0002,0.12010478973388672,5303.744303548198,11.119359970092773
40571,2,1520,0.6320106387138367,0.6164906023858439,0.0002,0.17611218988895416,5318.860087205209,11.119359970092773
40591,2,1540,0.6535167098045349,0.616795375342125,0.0002,0.1527358889579773,5333.470342405202,11.119359970092773
40611,2,1560,0.6597859859466553,0.6167522021086775,0.0002,0.1108127310872078,5349.273378670981,11.119359970092773
40631,2,1580,0.6419890522956848,0.61684243568435,0.0002,0.13408485054969788,5364.512680800417,11.119359970092773
40651,2,1600,0.6387333869934082,0.6169786238606455,0.0002,0.10603241622447968,5282.159790655975,11.119359970092773
40671,2,1620,0.5812655091285706,0.6169001286229062,0.0002,0.1094004362821579,5210.768540919262,11.119359970092773
40691,2,1640,0.6457876563072205,0.6169053988122482,0.0002,0.11632061004638672,5138.86170448351,11.119359970092773
40711,2,1660,0.5603731274604797,0.6167054991741585,0.0002,0.0842723399400711,5154.634648944455,11.119359970092773
40731,2,1680,0.5671400427818298,0.6166603739140802,0.0002,0.08084942400455475,5169.0351116557,11.119359970092773
40751,2,1700,0.5323004722595215,0.6165075382835475,0.0002,0.09086398035287857,5184.038969137001,11.119359970092773
40771,2,1720,0.5813961029052734,0.6164349545691453,0.0002,0.10587586462497711,5199.119355064432,11.119359970092773
40791,2,1740,0.5407491326332092,0.6163770386530184,0.0002,0.1009025052189827,5213.674786273636,11.119359970092773
40811,2,1760,0.6025330424308777,0.6161929384766381,0.0002,0.17670799791812897,5228.067392472521,11.119359970092773
40831,2,1780,0.5888801217079163,0.6160167203602559,0.0002,0.1097797155380249,5242.2375644888125,11.119359970092773
40851,2,1800,0.615117609500885,0.6160223490042963,0.0002,0.1351306438446045,5255.992332334202,11.119359970092773
40871,2,1820,0.5634407997131348,0.616034389653445,0.0002,0.13247136771678925,5267.89522258065,11.119359970092773
40891,2,1840,0.7009968757629395,0.6160383092496267,0.0002,0.14706988632678986,5281.422233215454,11.119359970092773
40911,2,1860,0.5331875085830688,0.616093535480789,0.0002,0.17817656695842743,5294.495495905498,11.119359970092773
40931,2,1880,0.5973395705223083,0.6160244432381834,0.0002,0.09946195781230927,5307.185666995122,11.119359970092773
40951,2,1900,0.5992921590805054,0.6160242643664305,0.0002,0.10490674525499344,5319.894036138475,11.119359970092773
40971,2,1920,0.5990014672279358,0.6159456494486947,0.0002,0.10995212197303772,5331.967672148268,11.119359970092773
40991,2,1940,0.5803613066673279,0.6159514337077363,0.0002,0.18046081066131592,5342.828727727966,11.119359970092773
41011,2,1960,0.6173717975616455,0.6157871315298322,0.0002,0.12250039726495743,5354.886530912455,11.119359970092773
41031,2,1980,0.5070525407791138,0.615700439126946,0.0002,0.10207981616258621,5366.819135872896,11.119359970092773
41051,2,2000,0.5863685607910156,0.6155995040839742,0.0002,0.1584562361240387,5312.8453388369735,11.119359970092773
41071,2,2020,0.5493475198745728,0.6155518315800245,0.0002,0.11786467581987381,5257.984288748633,11.119359970092773
41091,2,2040,0.6823190450668335,0.6154298535334193,0.0002,0.12740765511989594,5253.109805690939,11.119359970092773
41111,2,2060,0.6547320485115051,0.615499243631047,0.0002,0.11655879020690918,5194.271233746251,11.119359970092773
41131,2,2080,0.7073962688446045,0.6155148455897089,0.0002,0.13767044246196747,5206.493591428426,11.119359970092773
41151,2,2100,0.69614177942276,0.6156221392696168,0.0002,0.11481226980686188,5218.518823859666,11.119359970092773
41171,2,2120,0.6137018203735352,0.6156856904124348,0.0002,0.11359916627407074,5230.168499953133,11.119359970092773
41191,2,2140,0.5865045785903931,0.6156977842692711,0.0002,0.13695049285888672,5242.001445743656,11.119359970092773
41211,2,2160,0.6608062386512756,0.6158053618834092,0.0002,0.11700109392404556,5253.26529072622,11.119359970092773
41231,2,2180,0.627072274684906,0.6158408700494484,0.0002,0.15792420506477356,5263.951336703849,11.119359970092773
41251,2,2200,0.5736397504806519,0.6158043136393623,0.0002,0.0991460531949997,5275.097135598174,11.119359970092773
41271,2,2220,0.663863480091095,0.6157670258230832,0.0002,0.12656757235527039,5285.518076524443,11.119359970092773
41291,2,2240,0.6899083256721497,0.615860586548971,0.0002,0.11595851182937622,5296.395518696834,11.119359970092773
41311,2,2260,0.6131082773208618,0.6158317134742347,0.0002,0.1725255399942398,5307.384070434951,11.119359970092773
41331,2,2280,0.6104750633239746,0.6158794263841469,0.0002,0.09763294458389282,5317.850477787403,11.119359970092773
41351,2,2300,0.7021800875663757,0.6159735398531014,0.0002,0.18230825662612915,5328.489254134956,11.119359970092773
41371,2,2320,0.6510347723960876,0.6160352507074048,0.0002,0.13726723194122314,5337.480232984522,11.119359970092773
41391,2,2340,0.6391462683677673,0.6160153741092054,0.0002,0.1333799511194229,5347.859030703141,11.119359970092773
41411,2,2360,0.62623530626297,0.6161527071389544,0.0002,0.11624668538570404,5357.749757078595,11.119359970092773
41431,2,2380,0.6107053756713867,0.6161112562625142,0.0002,0.11351054906845093,5368.008480578175,11.119359970092773
41451,2,2400,0.6680546998977661,0.6161759268279389,0.0002,0.1768854260444641,5315.273615993174,11.119359970092773
41471,2,2420,0.6579005122184753,0.616299351880863,0.0002,0.16075047850608826,5267.44191625832,11.119359970092773
41491,2,2440,0.6473122239112854,0.6163294580939966,0.0002,0.13801999390125275,5222.857672946185,11.119359970092773
41511,2,2460,0.6411784887313843,0.6163437762679216,0.0002,0.10706270486116409,5179.862938165906,11.119359970092773
41531,2,2480,0.56108158826828,0.6162195330110871,0.0002,0.10032174736261368,5143.673553497708,11.119359970092773
41551,2,2500,0.6416259407997131,0.6162171552172303,0.0002,0.16585972905158997,5154.236364385623,11.119359970092773
41571,2,2520,0.5959705114364624,0.6161493558749974,0.0002,0.14100885391235352,5164.218644805711,11.119359970092773
41591,2,2540,0.6021578311920166,0.6161746421997457,0.0002,0.14835809171199799,5174.410310546232,11.119359970092773
41611,2,2560,0.656711995601654,0.6162798789723211,0.0002,0.11973923444747925,5184.288303771087,11.119359970092773
41631,2,2580,0.5613088607788086,0.6163166338451734,0.0002,0.11256393790245056,5193.6551626348855,11.119359970092773
41651,2,2600,0.5718564391136169,0.6163384057103143,0.0002,0.11076929420232773,5203.277108659726,11.119359970092773
41671,2,2620,0.6795423626899719,0.6162943326016885,0.0002,0.14110015332698822,5212.970509409034,11.119359970092773
41691,2,2640,0.5878954529762268,0.6163662732214097,0.0002,0.09733255207538605,5222.47242097611,11.119359970092773
41711,2,2660,0.5917017459869385,0.6163139154265204,0.0002,0.10113860666751862,5231.934307698659,11.119359970092773
41731,2,2680,0.5441054105758667,0.6161739593277532,0.0002,0.09097932279109955,5241.0728247182615,11.119359970092773
41751,2,2700,0.6023844480514526,0.6162913973286379,0.0002,0.13427244126796722,5250.332832445646,11.119359970092773
41771,2,2720,0.6027683615684509,0.6162742870569401,0.0002,0.09870295971632004,5259.421876008084,11.119359970092773
41791,2,2740,0.6405105590820312,0.6162710941021545,0.0002,0.1164531484246254,5268.4973872731625,11.119359970092773
41811,2,2760,0.5832114219665527,0.6162858486064199,0.0002,0.11361045390367508,5275.961157823351,11.119359970092773
41831,2,2780,0.5743917226791382,0.616275256052338,0.0002,0.13474424183368683,5284.947693783208,11.119359970092773
41851,2,2800,0.5921027064323425,0.6162144001955707,0.0002,0.10507366806268692,5249.69809975174,11.119359970092773
41871,2,2820,0.5705821514129639,0.6161001014702355,0.0002,0.19421733915805817,5248.031440656896,11.119359970092773
41891,2,2840,0.628255307674408,0.6161069098199197,0.0002,0.105007603764534,5216.01820170443,11.119359970092773
41911,2,2860,0.6643004417419434,0.6160380538506036,0.0002,0.13822314143180847,5168.788399680984,11.119359970092773
41931,2,2880,0.6506291031837463,0.6160574098960054,0.0002,0.13457690179347992,5177.964069415775,11.119359970092773
41951,2,2900,0.7006182670593262,0.6159955996395928,0.0002,0.11083712428808212,5185.977788482286,11.119359970092773
41971,2,2920,0.6026794910430908,0.616012861050658,0.0002,0.16605079174041748,5194.698997676783,11.119359970092773
41991,2,2940,0.6273966431617737,0.6160957225980547,0.0002,0.14900881052017212,5203.202208264266,11.119359970092773
42011,2,2960,0.5852735042572021,0.6160499626713497,0.0002,0.12565551698207855,5211.8850810122885,11.119359970092773
42031,2,2980,0.628908634185791,0.6161019776302182,0.0002,0.12905161082744598,5219.880625586111,11.119359970092773
42051,2,3000,0.5858760476112366,0.6160419296057554,0.0002,0.11541564762592316,5228.30733865568,11.119359970092773
42071,2,3020,0.58246248960495,0.616061522693814,0.0002,0.14859871566295624,5229.794087183953,11.119359970092773
42091,2,3040,0.6110619902610779,0.6160651426042042,0.0002,0.12170703709125519,5237.761761602864,11.119359970092773
42111,2,3060,0.560511589050293,0.6160268018355984,0.0002,0.09462113678455353,5245.887367845607,11.119359970092773
42131,2,3080,0.6062500476837158,0.6159850846328192,0.0002,0.14284972846508026,5254.036331706262,11.119359970092773
42151,2,3100,0.5773056149482727,0.6159504429579703,0.0002,0.10081584006547928,5261.923266743196,11.119359970092773
42171,2,3120,0.6074575781822205,0.615965884347342,0.0002,0.140524759888649,5269.936245333928,11.119359970092773
42191,2,3140,0.6506795287132263,0.615912879391555,0.0002,0.09751438349485397,5276.289610518324,11.119359970092773
42211,2,3160,0.6035754680633545,0.6158748177088692,0.0002,0.11238201707601547,5284.254972455919,11.119359970092773
42231,2,3180,0.5659778118133545,0.615925511381173,0.0002,0.12816795706748962,5253.775251930596,11.119359970092773
42251,2,3200,0.6121999621391296,0.6159164190643422,0.0002,0.13880854845046997,5261.545232356197,11.119359970092773
42271,2,3220,0.5731662511825562,0.6158908131233904,0.0002,0.11555896699428558,5228.2422420837165,11.119359970092773
42291,2,3240,0.5993177890777588,0.6158108680575376,0.0002,0.109101802110672,5190.1097027675105,11.119359970092773
42311,2,3260,0.5976223349571228,0.6159403694376633,0.0002,0.10399426519870758,5193.183415731416,11.119359970092773
42331,2,3280,0.6218812465667725,0.6160451447300299,0.0002,0.11665907502174377,5156.719236853494,11.119359970092773
42351,2,3300,0.6517472267150879,0.6160786568401385,0.0002,0.10936316847801208,5164.17855274796,11.119359970092773
42371,2,3320,0.5895354151725769,0.6161287432528879,0.0002,0.12886646389961243,5171.89537511538,11.119359970092773
42391,2,3340,0.6205365657806396,0.6161090151228186,0.0002,0.13192300498485565,5179.452438404976,11.119359970092773
42411,2,3360,0.6273221373558044,0.6161241619323844,0.0002,0.13714277744293213,5187.118030787461,11.119359970092773
42431,2,3380,0.5393330454826355,0.6161578378240953,0.0002,0.12051721662282944,5194.589488844014,11.119359970092773
42451,2,3400,0.5648581385612488,0.6160863710808228,0.0002,0.12282586097717285,5201.528358554424,11.119359970092773
42471,2,3420,0.5716692805290222,0.6161203238293593,0.0002,0.16356652975082397,5208.881263528557,11.119359970092773
42491,2,3440,0.5640926361083984,0.6161756351109112,0.0002,0.1181994080543518,5216.419574334657,11.119359970092773
42511,2,3460,0.6494914293289185,0.6163035939702955,0.0002,0.12385714799165726,5223.470592181378,11.119359970092773
42531,2,3480,0.5712339878082275,0.6163996481377441,0.0002,0.11410827934741974,5230.687006948677,11.119359970092773
42551,2,3500,0.5578626394271851,0.616407383463069,0.0002,0.10435538738965988,5237.664027984128,11.119359970092773
42571,2,3520,0.5657682418823242,0.6165124481922718,0.0002,0.11897231638431549,5244.914985954216,11.119359970092773
42591,2,3540,0.5988925695419312,0.6165115389789557,0.0002,0.10053202509880066,5251.185260758596,11.119359970092773
42611,2,3560,0.6093677282333374,0.6164704477144379,0.0002,0.13605546951293945,5220.527650211346,11.119359970092773
42631,2,3580,0.6775044798851013,0.6165760785189709,0.0002,0.11295623332262039,5227.647146406268,11.119359970092773
42651,2,3600,0.594777524471283,0.6166717059213045,0.0002,0.17610004544258118,5234.302753502769,11.119359970092773
42671,2,3620,0.5885542631149292,0.6167054494636683,0.0002,0.1141318753361702,5201.708493056979,11.119359970092773
42691,2,3640,0.6244810819625854,0.6167703978807519,0.0002,0.14578573405742645,5208.907595703146,11.119359970092773
42711,2,3660,0.6267116665840149,0.6167653470571746,0.0002,0.11657159775495529,5173.029867455908,11.119359970092773
42731,2,3680,0.6187465190887451,0.616805979793588,0.0002,0.10725636035203934,5144.781219586656,11.119359970092773
42751,2,3700,0.6215968132019043,0.6168929788677382,0.0002,0.11029095947742462,5150.923874699414,11.119359970092773
42771,2,3720,0.5790480971336365,0.6169355034641546,0.0002,0.12279840558767319,5157.6173607728115,11.119359970092773
42791,2,3740,0.6129274368286133,0.6170121962565951,0.0002,0.09761450439691544,5164.64078288515,11.119359970092773
42811,2,3760,0.5903114080429077,0.617028701315293,0.0002,0.16338664293289185,5171.279411874608,11.119359970092773
42831,2,3780,0.6640016436576843,0.6169638427159286,0.0002,0.11371207237243652,5178.0925441983745,11.119359970092773
42851,2,3800,0.6116116642951965,0.6170079197370452,0.0002,0.11026237159967422,5184.36421570384,11.119359970092773
42871,2,3820,0.5961863398551941,0.617122900989809,0.0002,0.1419401615858078,5191.17382611029,11.119359970092773
42891,2,3840,0.6678739190101624,0.6172136495731488,0.0002,0.13916149735450745,5197.800175051993,11.119359970092773
42911,2,3860,0.6168068647384644,0.6171963369049768,0.0002,0.09370002895593643,5203.973740166365,11.119359970092773
42931,2,3880,0.6163489818572998,0.617207814840548,0.0002,0.13655464351177216,5210.582048521212,11.119359970092773
42951,2,3900,0.6239284873008728,0.6172082707681624,0.0002,0.13299939036369324,5217.066522702258,11.119359970092773
42971,2,3920,0.6558700203895569,0.6172634837849214,0.0002,0.1135670468211174,5223.24502414501,11.119359970092773
42991,2,3940,0.6531678438186646,0.6173098785039071,0.0002,0.15473096072673798,5228.905607149084,11.119359970092773
43011,2,3960,0.5881601572036743,0.6173767165977178,0.0002,0.16616663336753845,5202.165899237231,11.119359970092773
43031,2,3980,0.6204872727394104,0.6173665301981219,0.0002,0.10115645825862885,5208.585698537209,11.119359970092773
43051,2,4000,0.616848349571228,0.6174241719364318,0.0002,0.14743703603744507,5214.842136360569,11.119359970092773
43071,2,4020,0.6494475603103638,0.6173951788547702,0.0002,0.14544369280338287,5217.051814366488,11.119359970092773
43091,2,4040,0.6266834735870361,0.6174438523009715,0.0002,0.16528525948524475,5187.445956772081,11.119359970092773
43111,2,4060,0.5675130486488342,0.6174603279467621,0.0002,0.14271098375320435,5160.041712795212,11.119359970092773
43131,2,4080,0.6252959370613098,0.6174666041667107,0.0002,0.13731428980827332,5166.08888332972,11.119359970092773
43151,2,4100,0.5760506987571716,0.6175469074920501,0.0002,0.14192642271518707,5144.354434748727,11.119359970092773
43171,2,4120,0.6155699491500854,0.6175495469711819,0.0002,0.139347642660141,5145.830779657365,11.119359970092773
43191,2,4140,0.5538045167922974,0.6175307839056513,0.0002,0.1020548865199089,5152.2168259622085,11.119359970092773
43211,2,4160,0.5946201086044312,0.6174867241626674,0.0002,0.10737064480781555,5158.407578734556,11.119359970092773
43231,2,4180,0.6168323755264282,0.6174733598795425,0.0002,0.11752182990312576,5164.039537352194,11.119359970092773
43251,2,4200,0.611300528049469,0.6174637325721505,0.0002,0.13556689023971558,5170.015954353864,11.119359970092773
43271,2,4220,0.6077730059623718,0.6174598557391138,0.0002,0.0980723574757576,5176.048291983694,11.119359970092773
43291,2,4240,0.6581665873527527,0.6174466433209364,0.0002,0.1525922566652298,5182.047650223904,11.119359970092773
43311,2,4260,0.5636762380599976,0.6174472540048053,0.0002,0.10583265125751495,5188.120773846488,11.119359970092773
43331,2,4280,0.6065089106559753,0.6174532272784068,0.0002,0.13815109431743622,5193.985214687769,11.119359970092773
43351,2,4300,0.5386067628860474,0.617293250995087,0.0002,0.10781998187303543,5199.915625537964,11.119359970092773
43371,2,4320,0.6205799579620361,0.6172228971860289,0.0002,0.10636338591575623,5205.615202173498,11.119359970092773
43391,2,4340,0.589238703250885,0.6172627538971873,0.0002,0.10610708594322205,5210.8991390144765,11.119359970092773
43411,2,4360,0.6289396286010742,0.6172537619653157,0.0002,0.10364610701799393,5185.453260324611,11.119359970092773
43431,2,4380,0.5973632335662842,0.6172162757971164,0.0002,0.12195097655057907,5191.483559465043,11.119359970092773
43451,2,4400,0.6232174634933472,0.6172182826584702,0.0002,0.11805763095617294,5197.167895068811,11.119359970092773
43471,2,4420,0.5875810384750366,0.6171971700459351,0.0002,0.12154918909072876,5202.874773243312,11.119359970092773
43491,2,4440,0.6645138263702393,0.617140154643534,0.0002,0.13851435482501984,5208.541848599579,11.119359970092773
43511,2,4460,0.5768575668334961,0.6170881403513034,0.0002,0.14081412553787231,5178.527434684482,11.119359970092773
43531,2,4480,0.5793547034263611,0.616984281951278,0.0002,0.1695185899734497,5162.041387963098,11.119359970092773
43551,2,4500,0.6144753098487854,0.6169566052321588,0.0002,0.11509599536657333,5167.580795283551,11.119359970092773
43571,2,4520,0.5905041098594666,0.6169256004975774,0.0002,0.13523027300834656,5146.044256037444,11.119359970092773
43591,2,4540,0.6227313876152039,0.6169241803472493,0.0002,0.14166003465652466,5151.90645123178,11.119359970092773
43611,2,4560,0.572293758392334,0.6169006158452813,0.0002,0.11820559203624725,5157.583850183299,11.119359970092773
43631,2,4580,0.6101922988891602,0.6168506157414405,0.0002,0.09199300408363342,5163.005925640227,11.119359970092773
43651,2,4600,0.5619869828224182,0.616783687093754,0.0002,0.10788531601428986,5168.141726988829,11.119359970092773
43671,2,4620,0.5889130234718323,0.6167532960405455,0.0002,0.1562933772802353,5173.746788228482,11.119359970092773
43691,2,4640,0.6967426538467407,0.6167503006927514,0.0002,0.13278168439865112,5179.268023965101,11.119359970092773
43711,2,4660,0.6284372210502625,0.6167514968137444,0.0002,0.1551378220319748,5184.8638810903785,11.119359970092773
43731,2,4680,0.6214023232460022,0.6166529954975086,0.0002,0.11942818015813828,5190.2623862689325,11.119359970092773
43751,2,4700,0.6305364966392517,0.6165820398974249,0.0002,0.10106191784143448,5195.597762778352,11.119359970092773
43771,2,4720,0.6921477317810059,0.6165495646762426,0.0002,0.10637335479259491,5200.716094489237,11.119359970092773
43791,2,4740,0.650718629360199,0.6165133613624246,0.0002,0.09863469749689102,5205.661237307136,11.119359970092773
43811,2,4760,0.6493817567825317,0.6165384293569158,0.0002,0.15767328441143036,5211.045864795129,11.119359970092773
43831,2,4780,0.6502026915550232,0.6164683941698863,0.0002,0.11283877491950989,5208.726882502952,11.119359970092773
43851,2,4800,0.6215340495109558,0.6163952369185147,0.0002,0.0987425372004509,5199.180263613318,11.119359970092773
43871,2,4820,0.676395833492279,0.6164072609414116,0.0002,0.20045319199562073,5204.44845052478,11.119359970092773
43891,2,4840,0.5715285539627075,0.6164271800571123,0.0002,0.11783711612224579,5181.131357032241,11.119359970092773
43911,2,4860,0.5858368873596191,0.6164181532420794,0.0002,0.10498934239149094,5185.779528799865,11.119359970092773
43931,2,4880,0.5495588183403015,0.6164765518823314,0.0002,0.1032828837633133,5157.471264632761,11.119359970092773
43951,2,4900,0.7171971201896667,0.616552947312491,0.0002,0.1584698110818863,5134.722858118325,11.119359970092773
43971,2,4920,0.6298106908798218,0.6165352195616292,0.0002,0.1082010567188263,5114.800124416635,11.119359970092773
43991,2,4940,0.6179388165473938,0.6165520945135182,0.0002,0.10978284478187561,5120.225794885452,11.119359970092773
44011,2,4960,0.6392778754234314,0.6165839535581696,0.0002,0.11205469816923141,5125.41383970679,11.119359970092773
44031,2,4980,0.6492326259613037,0.616618601379607,0.0002,0.14592774212360382,5130.477573419724,11.119359970092773
44051,2,5000,0.6665670871734619,0.6166173202070223,0.0002,0.14627161622047424,5135.31283376481,11.119359970092773
44071,2,5020,0.6789680123329163,0.6166604267998145,0.0002,0.11958160996437073,5134.894224577597,11.119359970092773
44091,2,5040,0.6070224046707153,0.6166395537313982,0.0002,0.11463789641857147,5140.033069405096,11.119359970092773
44111,2,5060,0.6152282953262329,0.6167157100645292,0.0002,0.12653598189353943,5145.23503723823,11.119359970092773
44131,2,5080,0.6145825386047363,0.6167437453572022,0.0002,0.202925905585289,5150.239774118923,11.119359970092773
44151,2,5100,0.6643741130828857,0.6167730258934998,0.0002,0.12145255506038666,5155.1221412505965,11.119359970092773
44171,2,5120,0.5582476854324341,0.6167419681674207,0.0002,0.14981220662593842,5159.9076524092525,11.119359970092773
44191,2,5140,0.6310241222381592,0.6167495363786062,0.0002,0.1586277335882187,5164.909426872428,11.119359970092773
44211,2,5160,0.7491373419761658,0.6167851963467016,0.0002,0.11017724871635437,5141.96964016458,11.120962619781494
44231,2,5180,0.6346679925918579,0.6167535708960007,0.0002,0.14071448147296906,5147.123866342184,11.120962619781494
44251,2,5200,0.5934558510780334,0.6167637368391071,0.0002,0.16694606840610504,5151.916707297201,11.120962619781494
44271,2,5220,0.5813999176025391,0.6168181654922891,0.0002,0.13046953082084656,5132.8325243646905,11.120962619781494
44291,2,5240,0.6184917092323303,0.6168677507528264,0.0002,0.11024612188339233,5137.217066600878,11.120962619781494
44311,2,5260,0.6533454656600952,0.6169019395081498,0.0002,0.09817551076412201,5117.002723297538,11.120962619781494
44331,2,5280,0.658807098865509,0.6169090461412715,0.0002,0.11588543653488159,5121.98949445241,11.120962619781494
44351,2,5300,0.6289045810699463,0.6169308481031734,0.0002,0.12563370168209076,5098.395049060208,11.120962619781494
44371,2,5320,0.6285895705223083,0.6169648374973463,0.0002,0.10877996683120728,5103.573395220547,11.120962619781494
44391,2,5340,0.6800720691680908,0.6169927201407366,0.0002,0.12506955862045288,5082.593052916308,11.120962619781494
44411,2,5360,0.6756390333175659,0.6170080845693369,0.0002,0.11805320531129837,5087.634658757984,11.120962619781494
44431,2,5380,0.5800512433052063,0.6169960347126957,0.0002,0.11764180660247803,5092.25995119193,11.120962619781494
44451,2,5400,0.675410807132721,0.6170242936613358,0.0002,0.09661272168159485,5097.184166154851,11.120962619781494
44471,2,5420,0.6801239252090454,0.6170558784279985,0.0002,0.11398717015981674,5102.034811118285,11.120962619781494
44491,2,5440,0.5720597505569458,0.6169902861740756,0.0002,0.127593994140625,5106.787932775523,11.120962619781494
44511,2,5460,0.6601181626319885,0.617024533165745,0.0002,0.12581878900527954,5111.677387688713,11.120962619781494
44531,2,5480,0.6223078370094299,0.6170010059937447,0.0002,0.2025272399187088,5116.444406021015,11.120962619781494
44551,2,5500,0.6018821597099304,0.6170018120061217,0.0002,0.1370534896850586,5121.320135831796,11.120962619781494
44571,2,5520,0.6252972483634949,0.6170281936781534,0.0002,0.1866319179534912,5125.289192070193,11.120962619781494
44591,2,5540,0.5862405896186829,0.6170390538596464,0.0002,0.10132328420877457,5129.9674515670495,11.120962619781494
44611,2,5560,0.6235684156417847,0.6169760956687523,0.0002,0.1155579686164856,5134.526333532746,11.120962619781494
44631,2,5580,0.6209694147109985,0.6169704433910629,0.0002,0.13967768847942352,5114.996316575773,11.120962619781494
44651,2,5600,0.6507051587104797,0.6169791459560023,0.0002,0.1357330083847046,5119.575573035918,11.120962619781494
44671,2,5620,0.5793484449386597,0.6169607512371386,0.0002,0.12184926122426987,5100.080185180041,11.120962619781494
44691,2,5640,0.7135952711105347,0.6170268644786762,0.0002,0.11132006347179413,5104.818281003726,11.120962619781494
44711,2,5660,0.6320579051971436,0.6170667772225248,0.0002,0.10485526919364929,5085.058572170865,11.120962619781494
44731,2,5680,0.6404348611831665,0.6170488966400767,0.0002,0.10643551498651505,5066.58539660763,11.120962619781494
44751,2,5700,0.6200926303863525,0.617076765155577,0.0002,0.0996875986456871,5071.134055449726,11.120962619781494
44771,2,5720,0.5646340847015381,0.6171204201338296,0.0002,0.15440404415130615,5050.0388043289995,11.120962619781494
44791,2,5740,0.632700502872467,0.6171977385033038,0.0002,0.12740176916122437,5054.28536358412,11.120962619781494
44811,2,5760,0.6120061278343201,0.6172251038092952,0.0002,0.11591953784227371,5036.97476493137,11.120962619781494
44831,2,5780,0.6324216723442078,0.617284933121689,0.0002,0.1329004317522049,5041.498250772469,11.120962619781494
44851,2,5800,0.6426374912261963,0.6173752522483652,0.0002,0.10662674158811569,5045.996091399523,11.120962619781494
44871,2,5820,0.6777440905570984,0.6174280916879924,0.0002,0.13797640800476074,5050.477041126143,11.120962619781494
44891,2,5840,0.6513621807098389,0.6174611032296845,0.0002,0.10104269534349442,5055.106375514202,11.120962619781494
44911,2,5860,0.6646040678024292,0.6174967322133242,0.0002,0.09561417996883392,5059.664073352508,11.120962619781494
44931,2,5880,0.6301785707473755,0.6175189226681396,0.0002,0.1336604207754135,5064.120902661703,11.120962619781494
44951,2,5900,0.6376808881759644,0.6175494173888881,0.0002,0.1098506972193718,5068.67163566105,11.120962619781494
44971,2,5920,0.5535697937011719,0.6175890761077854,0.0002,0.10912061482667923,5072.995992987168,11.120962619781494
44991,2,5940,0.563611626625061,0.6176590444965548,0.0002,0.1418350338935852,5077.383330980281,11.120962619781494
45011,2,5960,0.606078028678894,0.617724576932695,0.0002,0.09831741452217102,5081.478974813045,11.120962619781494
45031,2,5980,0.6245898604393005,0.6178108299663558,0.0002,0.12444193661212921,5085.963698384471,11.120962619781494
45051,2,6000,0.6094469428062439,0.617836978985039,0.0002,0.12793739140033722,5068.318870372481,11.120962619781494
45071,2,6020,0.6541178822517395,0.6178568816092272,0.0002,0.14692190289497375,5070.252106708539,11.120962619781494
45091,2,6040,0.5790222883224487,0.6178829942068359,0.0002,0.12860798835754395,5053.205003731996,11.120962619781494
45111,2,6060,0.6012508273124695,0.6178859488439338,0.0002,0.10432331264019012,5057.708809924536,11.120962619781494
45131,2,6080,0.5950514078140259,0.6179326169054906,0.0002,0.12395615875720978,5041.3859453329,11.120962619781494
45151,2,6100,0.6777178645133972,0.6178994718368866,0.0002,0.10835059732198715,5045.444570099844,11.120962619781494
45171,2,6120,0.6130260229110718,0.6179414756240038,0.0002,0.11804881691932678,5027.475309519913,11.120962619781494
45191,2,6140,0.6947730183601379,0.6179513218013888,0.0002,0.09938882291316986,5031.936461570007,11.120962619781494
45211,2,6160,0.5434991717338562,0.6179345797157373,0.0002,0.09754450619220734,5036.363203199075,11.120962619781494
45231,2,6180,0.689758837223053,0.6179795690202463,0.0002,0.11969055980443954,5019.683964517612,11.120962619781494
45251,2,6200,0.6292040944099426,0.6179474479211499,0.0002,0.19806082546710968,5023.7617923973685,11.120962619781494
45271,2,6220,0.7007689476013184,0.6179349752222266,0.0002,0.1407967507839203,5028.170910100615,11.120962619781494
45291,2,6240,0.592418372631073,0.6179160381695696,0.0002,0.09504063427448273,5032.0320668824115,11.120962619781494
45311,2,6260,0.729885458946228,0.6179177750542106,0.0002,0.12947909533977509,5036.30707205344,11.120962619781494
45331,2,6280,0.6196632981300354,0.6179266698077289,0.0002,0.1282687783241272,5040.588937174601,11.120962619781494
45351,2,6300,0.6315209865570068,0.6179158855065316,0.0002,0.10066953301429749,5044.900650932074,11.120962619781494
45371,2,6320,0.640801727771759,0.6178826092847297,0.0002,0.12162983417510986,5049.100550994516,11.120962619781494
45391,2,6340,0.6267750859260559,0.617884856645031,0.0002,0.1467961072921753,5052.837723293932,11.120962619781494
45411,2,6360,0.6218187212944031,0.6179043490845109,0.0002,0.1260409653186798,5056.983653149804,11.120962619781494
45431,2,6380,0.5632153153419495,0.6178554893354805,0.0002,0.11381744593381882,5061.126766863097,11.120962619781494
45451,2,6400,0.6536015868186951,0.6178369699872804,0.0002,0.1431705355644226,5065.193735216547,11.120962619781494
45471,2,6420,0.6320706009864807,0.6178254499540163,0.0002,0.10943867266178131,5050.491257463802,11.120962619781494
45491,2,6440,0.6244475245475769,0.6178233451976786,0.0002,0.10603220015764236,5034.54633954342,11.120962619781494
45511,2,6460,0.6726431846618652,0.6178604171148757,0.0002,0.11612363159656525,5037.695711236802,11.120962619781494
45531,2,6480,0.6470257639884949,0.6178731861732778,0.0002,0.1151314228773117,5022.335106493349,11.120962619781494
45551,2,6500,0.579279363155365,0.6179212673910773,0.0002,0.08467447012662888,5026.653590124847,11.120962619781494
45571,2,6520,0.6248244047164917,0.6178960515012759,0.0002,0.11439463496208191,5030.810061150901,11.120962619781494
45591,2,6540,0.5815013647079468,0.6179272315201829,0.0002,0.17829832434654236,5016.1942104847285,11.120962619781494
45611,2,6560,0.6155739426612854,0.6179554876156962,0.0002,0.10868369042873383,5001.359227869698,11.120962619781494
45631,2,6580,0.6308899521827698,0.6179872486575972,0.0002,0.1110491156578064,5005.6339814679795,11.120962619781494
45651,2,6600,0.6859883666038513,0.6180149391626535,0.0002,0.1458779126405716,5009.421361393309,11.120962619781494
45671,2,6620,0.57902991771698,0.6179944051833404,0.0002,0.15789316594600677,5013.6863459531305,11.120962619781494
45691,2,6640,0.6412737369537354,0.6180024115496323,0.0002,0.1607697457075119,5017.79869540562,11.120962619781494
45711,2,6660,0.5439977049827576,0.6180376017124117,0.0002,0.12366645783185959,5021.982832276076,11.120962619781494
45731,2,6680,0.6679955720901489,0.6180366983447934,0.0002,0.11812774091959,5026.038887174046,11.120962619781494
45751,2,6700,0.6016023755073547,0.6180211845677905,0.0002,0.10919640213251114,5030.207159738284,11.120962619781494
45771,2,6720,0.6641203761100769,0.6180391682468327,0.0002,0.11341917514801025,5034.287472062229,11.120962619781494
45791,2,6740,0.6906202435493469,0.6180525387166896,0.0002,0.11828292906284332,5038.392804704775,11.120962619781494
45811,2,6760,0.6022865772247314,0.6180720439004973,0.0002,0.1556948721408844,5042.189718957553,11.120962619781494
45831,2,6780,0.6230303645133972,0.618126774874712,0.0002,0.1518286019563675,5046.153857897873,11.120962619781494
45851,2,6800,0.6495142579078674,0.6181310934325108,0.0002,0.1427258998155594,5050.160478889847,11.120962619781494
45871,2,6820,0.6347997188568115,0.6181172768843355,0.0002,0.13419649004936218,5034.042724431128,11.120962619781494
45891,2,6840,0.6019784808158875,0.6181570827811623,0.0002,0.12149067223072052,5037.992330848315,11.120962619781494
45911,2,6860,0.5867357850074768,0.6181830979513194,0.0002,0.10183433443307877,5014.685355424364,11.120962619781494
45931,2,6880,0.6519856452941895,0.6181829646865824,0.0002,0.10902784019708633,5018.647472635051,11.120962619781494
45951,2,6900,0.7064228057861328,0.6182108475092598,0.0002,0.130840465426445,5003.403296709152,11.120962619781494
45971,2,6920,0.6149491667747498,0.618217160075914,0.0002,0.1194126307964325,5007.257039165684,11.120962619781494
45991,2,6940,0.571025013923645,0.6181719664557143,0.0002,0.11002916097640991,4993.035311874006,11.120962619781494
46011,2,6960,0.5701430439949036,0.6181719559276662,0.0002,0.10544499009847641,4979.899127767924,11.120962619781494
46031,2,6980,0.5805048942565918,0.6181796738736868,0.0002,0.129135400056839,4983.797271776784,11.120962619781494
46051,2,7000,0.5753147602081299,0.6181509881701082,0.0002,0.10373339056968689,4987.679481345067,11.120962619781494
46071,2,7020,0.6585531234741211,0.6181429085310087,0.0002,0.13464374840259552,4989.670468143041,11.120962619781494
46091,2,7040,0.6130706667900085,0.6181674952616821,0.0002,0.10312934964895248,4993.298254177854,11.120962619781494
46111,2,7060,0.6359569430351257,0.6182077812690725,0.0002,0.15542225539684296,4997.263060539587,11.120962619781494
46131,2,7080,0.6551289558410645,0.6182111237460884,0.0002,0.19724740087985992,5001.1400722841245,11.120962619781494
46151,2,7100,0.6758562326431274,0.6182226888876354,0.0002,0.1840103715658188,5005.112479955978,11.120962619781494
46171,2,7120,0.6495537161827087,0.6182409876474141,0.0002,0.09368062764406204,5008.765322692794,11.120962619781494
46191,2,7140,0.700763463973999,0.6182379496403426,0.0002,0.12771007418632507,5012.654431066771,11.120962619781494
46211,2,7160,0.6726827621459961,0.6182904967721446,0.0002,0.13065800070762634,5016.451637491658,11.120962619781494
46231,2,7180,0.570713460445404,0.6182865428462456,0.0002,0.09606063365936279,5020.253639285871,11.120962619781494
46251,2,7200,0.5947006940841675,0.6183015919884577,0.0002,0.11557483673095703,5024.001403633879,11.120962619781494
46271,2,7220,0.6505313515663147,0.618273523330955,0.0002,0.13617604970932007,5027.892376396754,11.120962619781494
46291,2,7240,0.6819261908531189,0.6183583262683242,0.0002,0.15202508866786957,5014.048440851578,11.120962619781494
46311,2,7260,0.6692953705787659,0.6184157695447761,0.0002,0.11134888976812363,5017.690590724028,11.120962619781494
46331,2,7280,0.623500645160675,0.6184138210478947,0.0002,0.11207344383001328,5006.430552248123,11.120962619781494
46351,2,7300,0.6156489849090576,0.618480508042536,0.0002,0.17445260286331177,4990.006232617142,11.120962619781494
46371,2,7320,0.6998738646507263,0.6184967634961152,0.0002,0.1415943056344986,4993.613718287794,11.120962619781494
46391,2,7340,0.6508432030677795,0.6185369733398073,0.0002,0.13945651054382324,4997.4468760403715,11.120962619781494
46411,2,7360,0.6402013897895813,0.6185137077307373,0.0002,0.15154549479484558,4984.108868334756,11.120962619781494
46431,2,7380,0.5897294878959656,0.6185139879852298,0.0002,0.08951497822999954,4969.894928423604,11.120962619781494
46451,2,7400,0.6002708077430725,0.6184608526869501,0.0002,0.11805355548858643,4973.409270205725,11.120962619781494
46471,2,7420,0.6110244989395142,0.6184806035436087,0.0002,0.11812116205692291,4977.1680190473235,11.120962619781494
46491,2,7440,0.6673663258552551,0.6184739586907199,0.0002,0.13918432593345642,4980.91365849782,11.120962619781494
46511,2,7460,0.6427479982376099,0.618492969811818,0.0002,0.12709428369998932,4984.726251204183,11.120962619781494
46531,2,7480,0.6180306077003479,0.6185010520727632,0.0002,0.11371728777885437,4988.317053350682,11.120962619781494
46551,2,7500,0.6126323342323303,0.6185053428010349,0.0002,0.12803752720355988,4992.069179650007,11.120962619781494
46571,2,7520,0.675190806388855,0.6185155506033647,0.0002,0.1584688276052475,4995.53303915952,11.120962619781494
46591,2,7540,0.619377851486206,0.6185235341919232,0.0002,0.12368413805961609,4999.276676375801,11.120962619781494
46611,2,7560,0.6075791120529175,0.6185203322315919,0.0002,0.129531592130661,5002.899494282301,11.120962619781494
46631,2,7580,0.6190526485443115,0.61851119564273,0.0002,0.11175628006458282,5006.571709801321,11.120962619781494
46651,2,7600,0.6610247492790222,0.618524638101475,0.0002,0.09875886142253876,5010.027150011479,11.120962619781494
46671,2,7620,0.6671773195266724,0.6185434823643833,0.0002,0.15267188847064972,5013.717172880381,11.120962619781494
46691,2,7640,0.5070622563362122,0.618513526671659,0.0002,0.10384540259838104,5000.837766654688,11.120962619781494
46711,2,7660,0.634121298789978,0.6185612544011809,0.0002,0.10160454362630844,5004.14825414862,11.120962619781494
46731,2,7680,0.6530761122703552,0.6185716862847859,0.0002,0.11903012543916702,5007.7357972797245,11.120962619781494
46751,2,7700,0.5833530426025391,0.6185643757953223,0.0002,0.12291253358125687,4994.621563794505,11.120962619781494
46771,2,7720,0.6163882613182068,0.618559914026126,0.0002,0.11159275472164154,4994.157001773108,11.120962619781494
46791,2,7740,0.5857906937599182,0.6185571971133258,0.0002,0.10996081680059433,4997.817095314228,11.120962619781494
46811,2,7760,0.6284593343734741,0.6185417264196429,0.0002,0.10090959817171097,4986.377484014401,11.120962619781494
46831,2,7780,0.6623615622520447,0.6185178419938017,0.0002,0.11043878644704819,4989.860969625633,11.120962619781494
46851,2,7800,0.5585362315177917,0.6184880105212255,0.0002,0.10537870973348618,4978.436362254452,11.120962619781494
46871,2,7820,0.6098529696464539,0.6184835933524386,0.0002,0.1337655782699585,4981.978744961212,11.120962619781494
46891,2,7840,0.655307412147522,0.6185011150419718,0.0002,0.09817080199718475,4985.589607635609,11.120962619781494
46911,2,7860,0.6463408470153809,0.6185031391631651,0.0002,0.1455761343240738,4988.984684009106,11.120962619781494
46931,2,7880,0.6686959862709045,0.618535471124051,0.0002,0.15685217082500458,4992.5083249243135,11.120962619781494
46951,2,7900,0.603138267993927,0.6185027653312379,0.0002,0.12139534950256348,4996.101649831591,11.120962619781494
46971,2,7920,0.7556441426277161,0.6185279452848803,0.0002,0.13412989675998688,4999.437581727593,11.120962619781494
46991,2,7940,0.6023555397987366,0.618524285249444,0.0002,0.15407195687294006,5002.984185164294,11.120962619781494
47011,2,7960,0.6568743586540222,0.6185268550902145,0.0002,0.14790931344032288,5006.437914085247,11.120962619781494
47031,2,7980,0.6022388935089111,0.6185267147661947,0.0002,0.1827673316001892,5009.987492640648,11.120962619781494
47051,2,8000,0.6315950155258179,0.6185035267344814,0.0002,0.17475950717926025,5013.445770860713,11.120962619781494
47071,2,8020,0.7153944969177246,0.618529293951768,0.0002,0.1141001433134079,5013.385163067237,11.120962619781494
47091,2,8040,0.6302568316459656,0.618538958209443,0.0002,0.15931986272335052,5016.623722359855,11.120962619781494
47111,2,8060,0.6200597882270813,0.6185675662086636,0.0002,0.14125989377498627,5004.702318879426,11.120962619781494
47131,2,8080,0.5547317862510681,0.6185737128384602,0.0002,0.1473086178302765,4994.719768085435,11.120962619781494
47151,2,8100,0.6066855788230896,0.618548716773289,0.0002,0.12752889096736908,4998.170629773558,11.120962619781494
47171,2,8120,0.5777614116668701,0.6185041630877123,0.0002,0.10483443737030029,4985.212778591143,11.120962619781494
47191,2,8140,0.6769105195999146,0.6184975929944901,0.0002,0.12661784887313843,4988.659717052436,11.120962619781494
47211,2,8160,0.649986207485199,0.6184984680011893,0.0002,0.1803264319896698,4991.828020041932,11.120962619781494
47231,2,8180,0.6546825766563416,0.6185136779345386,0.0002,0.1052175834774971,4981.374052591462,11.120962619781494
47251,2,8200,0.6737304925918579,0.6185151545725585,0.0002,0.12011606991291046,4969.675929761671,11.120962619781494
47271,2,8220,0.6746028065681458,0.6185138522034889,0.0002,0.11564377695322037,4973.1448988354805,11.120962619781494
47291,2,8240,0.5793485045433044,0.6185136551319713,0.0002,0.10357426851987839,4976.544993494946,11.120962619781494
47311,2,8260,0.6635313034057617,0.6185085583470425,0.0002,0.11736591905355453,4980.030127833304,11.120962619781494
47331,2,8280,0.6077110171318054,0.618516514868097,0.0002,0.13430991768836975,4983.317391494917,11.120962619781494
47351,2,8300,0.637356698513031,0.6185077087483283,0.0002,0.11579187214374542,4986.49581898096,11.120962619781494
47371,2,8320,0.6223564147949219,0.6184766306631849,0.0002,0.10795188695192337,4989.833587393717,11.120962619781494
47391,2,8340,0.5780932307243347,0.6184392201584061,0.0002,0.13002817332744598,4993.112479504946,11.120962619781494
47411,2,8360,0.612690269947052,0.6184404593167576,0.0002,0.15195366740226746,4996.446378396721,11.120962619781494
47431,2,8380,0.6198256611824036,0.618393012020614,0.0002,0.21326901018619537,4999.854291066919,11.120962619781494
47451,2,8400,0.5681170225143433,0.6183621637488287,0.0002,0.11756519228219986,5003.108846548462,11.120962619781494
47471,2,8420,0.594264805316925,0.6183612900611776,0.0002,0.12715129554271698,5006.467357432046,11.120962619781494
47491,2,8440,0.6514711380004883,0.6183284928755484,0.0002,0.11621899902820587,5009.698734441359,11.120962619781494
47511,2,8460,0.611298143863678,0.6183222590098062,0.0002,0.08226878941059113,4997.448404228403,11.120962619781494
47531,2,8480,0.6325088739395142,0.6183418148110206,0.0002,0.08241050690412521,5000.718155806072,11.120962619781494
47551,2,8500,0.6807894706726074,0.6183465532385374,0.0002,0.09767398983240128,4989.05454718559,11.120962619781494
47571,2,8520,0.5784480571746826,0.6183673952382467,0.0002,0.10969176888465881,4992.29355993983,11.120962619781494
47591,2,8540,0.5979991555213928,0.6183942082271124,0.0002,0.11258697509765625,4980.944068476123,11.120962619781494
47611,2,8560,0.5392827391624451,0.6183986618075873,0.0002,0.12144153565168381,4984.256010630316,11.120962619781494
47631,2,8580,0.5792496800422668,0.618371101166229,0.0002,0.09046225249767303,4971.446686877305,11.120962619781494
47651,2,8600,0.6593852639198303,0.6183731937838376,0.0002,0.152389794588089,4974.614164022754,11.120962619781494
47671,2,8620,0.5303090810775757,0.6183140295252861,0.0002,0.11075665801763535,4962.216103262613,11.120962619781494
47691,2,8640,0.6215020418167114,0.6182649350645842,0.0002,0.10256373137235641,4965.471781750942,11.120962619781494
47711,2,8660,0.6399886012077332,0.6182713174897916,0.0002,0.10505010932683945,4968.741744015234,11.120962619781494
47731,2,8680,0.580756425857544,0.6182836982963529,0.0002,0.10442091524600983,4971.982036559061,11.120962619781494
47751,2,8700,0.6263640522956848,0.6182894954448654,0.0002,0.10293812304735184,4975.251870106453,11.120962619781494
47771,2,8720,0.6449377536773682,0.6183336339552362,0.0002,0.09799008816480637,4978.425338008819,11.120962619781494
47791,2,8740,0.6421021223068237,0.61835269623602,0.0002,0.10659042745828629,4981.530451923242,11.120962619781494
47811,2,8760,0.6157440543174744,0.6183633585015945,0.0002,0.14667131006717682,4984.714550384153,11.120962619781494
47831,2,8780,0.634753406047821,0.618376127451578,0.0002,0.1089419573545456,4987.979043073889,11.120962619781494
47851,2,8800,0.6358183026313782,0.6183861195559659,0.0002,0.12326839566230774,4991.104760650201,11.120962619781494
47871,2,8820,0.6312045454978943,0.6184191185111476,0.0002,0.09635215997695923,4994.277613102308,11.120962619781494
47891,2,8840,0.5551546216011047,0.6183852094356959,0.0002,0.12307511270046234,4997.403704878815,11.120962619781494
47911,2,8860,0.6001808643341064,0.6183731618860725,0.0002,0.12276417016983032,4986.411958704036,11.120962619781494
47931,2,8880,0.6170612573623657,0.6183555969489988,0.0002,0.15651938319206238,4989.64723001797,11.120962619781494
47951,2,8900,0.6241307854652405,0.6183642017798983,0.0002,0.1316872388124466,4988.827871857717,11.120962619781494
47971,2,8920,0.637872040271759,0.6183221503351184,0.0002,0.12160864472389221,4983.2091588261355,11.120962619781494
47991,2,8940,0.6771953701972961,0.6183087471604084,0.0002,0.1208774596452713,4974.414818671205,11.120962619781494
48011,2,8960,0.5633700489997864,0.6182888848801723,0.0002,0.1242714673280716,4977.647924286848,11.120962619781494
48031,2,8980,0.7031359672546387,0.6182652617852521,0.0002,0.14272403717041016,4980.739324287008,11.120962619781494
48051,2,9000,0.573122501373291,0.6182296967010729,0.0002,0.1336071491241455,4967.906165234765,11.120962619781494
48071,2,9020,0.5612322688102722,0.6181907960949297,0.0002,0.11068219691514969,4969.048516915176,11.120962619781494
48091,2,9040,0.5766303539276123,0.6181403462004441,0.0002,0.1376865804195404,4958.004460437491,11.120962619781494
48111,2,9060,0.6185522079467773,0.6181041993183599,0.0002,0.1055636778473854,4961.052811565033,11.120962619781494
48131,2,9080,0.5950575470924377,0.6180718179313415,0.0002,0.1042603850364685,4964.106035654726,11.120962619781494
48151,2,9100,0.6669362187385559,0.6180207437654868,0.0002,0.1117023453116417,4967.066054867494,11.120962619781494
48171,2,9120,0.5716234445571899,0.6179840825613852,0.0002,0.10066912323236465,4970.095632543642,11.120962619781494
48191,2,9140,0.6025985479354858,0.6179563279609094,0.0002,0.10685522854328156,4973.159397421506,11.120962619781494
48211,2,9160,0.6240501403808594,0.6179298329127794,0.0002,0.14448636770248413,4976.195070840063,11.120962619781494
48231,2,9180,0.641730546951294,0.6178960544213653,0.0002,0.12420251220464706,4979.277087011312,11.120962619781494
48251,2,9200,0.609301745891571,0.6178683347123477,0.0002,0.1606041043996811,4982.311073186118,11.120962619781494
48271,2,9220,0.6456019282341003,0.6178456604481026,0.0002,0.11184247583150864,4985.397791637941,11.120962619781494
48291,2,9240,0.6396762728691101,0.6178299556239669,0.0002,0.1779315173625946,4974.761301262242,11.120962619781494
48311,2,9260,0.6179351806640625,0.6178122151219209,0.0002,0.0855366662144661,4977.818790240003,11.120962619781494
48331,2,9280,0.6231350898742676,0.6178028184811084,0.0002,0.10362198948860168,4967.68013270705,11.120962619781494
48351,2,9300,0.6175482869148254,0.6178044285993147,0.0002,0.11755964905023575,4970.638849506942,11.120962619781494
48371,2,9320,0.5928459763526917,0.6178338212773287,0.0002,0.10775472968816757,4961.513482024112,11.120962619781494
48391,2,9340,0.606331467628479,0.6178448847701042,0.0002,0.12399603426456451,4964.4724414158445,11.120962619781494
48411,2,9360,0.5862210392951965,0.6178067497866209,0.0002,0.13418641686439514,4967.419766387893,11.120962619781494
48431,2,9380,0.6157207489013672,0.6177879241575076,0.0002,0.1037747859954834,4970.174058043793,11.120962619781494
48451,2,9400,0.6320708990097046,0.617756634768573,0.0002,0.11837588995695114,4973.211832128225,11.120962619781494
48471,2,9420,0.6782387495040894,0.6177658053433981,0.0002,0.15196457505226135,4961.874796025345,11.120962619781494
48491,2,9440,0.5929716229438782,0.6177759258356691,0.0002,0.11988211423158646,4964.940461230218,11.120962619781494
48511,2,9460,0.572100818157196,0.6177902432238548,0.0002,0.09683427959680557,4954.602084337376,11.120962619781494
48531,2,9480,0.6417441368103027,0.6178046615111569,0.0002,0.1465497761964798,4957.477839084838,11.120962619781494
48551,2,9500,0.6223801970481873,0.617817204769294,0.0002,0.12087299674749374,4960.425285021186,11.120962619781494
48571,2,9520,0.6018709540367126,0.617820057889112,0.0002,0.10907723754644394,4963.0758856037155,11.120962619781494
48591,2,9540,0.6386374831199646,0.6178115483573748,0.0002,0.1245209351181984,4966.0319186176675,11.120962619781494
48611,2,9560,0.6692507266998291,0.6178168188510131,0.0002,0.13740073144435883,4968.934889017729,11.120962619781494
48631,2,9580,0.679258406162262,0.6178210521568794,0.0002,0.1510138362646103,4971.86655724049,11.120962619781494
48651,2,9600,0.5997939109802246,0.6178063388707866,0.0002,0.1068953424692154,4974.59702587548,11.120962619781494
48671,2,9620,0.6324450373649597,0.6178232418619629,0.0002,0.09242811799049377,4967.160869863914,11.120962619781494
48691,2,9640,0.6919209957122803,0.6178281073244805,0.0002,0.12525290250778198,4958.148490429143,11.120962619781494
48711,2,9660,0.6650988459587097,0.617806104360488,0.0002,0.09223107248544693,4961.132381978485,11.120962619781494
48731,2,9680,0.5784286856651306,0.617802791728831,0.0002,0.17678138613700867,4951.470278367869,11.120962619781494
48751,2,9700,0.6082754135131836,0.6178276783287178,0.0002,0.118495412170887,4952.867570418449,11.120962619781494
48771,2,9720,0.5918570756912231,0.6178450385350578,0.0002,0.08277473598718643,4955.759699244089,11.120962619781494
48791,2,9740,0.6739199757575989,0.6178411453533529,0.0002,0.12352242320775986,4945.183496080905,11.120962619781494
48811,2,9760,0.5457337498664856,0.6177963493083581,0.0002,0.11578968167304993,4948.103306766819,11.120962619781494
48831,2,9780,0.6806493401527405,0.6178226976878545,0.0002,0.12760166823863983,4950.835640823912,11.120962619781494
48851,2,9800,0.6125251650810242,0.6178478394392171,0.0002,0.11874397844076157,4953.69433923689,11.120962619781494
48871,2,9820,0.6981146335601807,0.6178636169791683,0.0002,0.08747602254152298,4956.5459249291225,11.120962619781494
48891,2,9840,0.5986080765724182,0.6178335342312528,0.0002,0.12432307749986649,4945.870077144335,11.120962619781494
48911,2,9860,0.5699792504310608,0.6178353220126507,0.0002,0.10335151106119156,4936.533936415867,11.120962619781494
48931,2,9880,0.5050079226493835,0.6178254912159851,0.0002,0.17412064969539642,4939.238069141657,11.120962619781494
48951,2,9900,0.6431325674057007,0.6178305631328864,0.0002,0.11177188903093338,4942.10785939628,11.120962619781494
48971,2,9920,0.6302467584609985,0.6178131181260892,0.0002,0.10069283097982407,4944.737079126739,11.120962619781494
48991,2,9940,0.6451993584632874,0.6178077632340613,0.0002,0.11490249633789062,4947.5967625887615,11.120962619781494
49011,2,9960,0.5608572363853455,0.6177699393135946,0.0002,0.1458040326833725,4950.419365546488,11.120962619781494
49031,2,9980,0.600663959980011,0.6177937882022162,0.0002,0.10935070365667343,4953.2068139430785,11.120962619781494
49051,2,10000,0.5875561237335205,0.617809162530484,0.0002,0.0972619503736496,4943.6231170649,11.120962619781494
49071,2,10020,0.6039003133773804,0.6178269966200786,0.0002,0.11333757638931274,4933.757556449057,11.120962619781494
49091,2,10040,0.613933265209198,0.617886834357056,0.0002,0.12207300961017609,4936.654328436303,11.120962619781494
49111,2,10060,0.5596481561660767,0.6179081890904826,0.0002,0.11538829654455185,4939.498052481721,11.120962619781494
49131,2,10080,0.6289646625518799,0.617918690947792,0.0002,0.17737390100955963,4938.480602445857,11.120962619781494
49151,2,10100,0.5610398650169373,0.6179268685593798,0.0002,0.12630806863307953,4933.644410033557,11.120962619781494
49171,2,10120,0.5937632322311401,0.617935686650897,0.0002,0.1391535848379135,4923.646587000737,11.120962619781494
49191,2,10140,0.6023957133293152,0.6179537273631208,0.0002,0.11883465200662613,4916.940206415809,11.120962619781494
49211,2,10160,0.6687759757041931,0.6179703838613056,0.0002,0.10293464362621307,4919.596771341843,11.120962619781494
49231,2,10180,0.6236845254898071,0.6179869665727176,0.0002,0.11561578512191772,4922.380614435786,11.120962619781494
49251,2,10200,0.6181714534759521,0.6179670766359913,0.0002,0.10164445638656616,4925.193403815915,11.120962619781494
49271,2,10220,0.6060674786567688,0.617999429732245,0.0002,0.10298486053943634,4927.898828446542,11.120962619781494
49291,2,10240,0.5496917963027954,0.6179748399678736,0.0002,0.11928363144397736,4930.556866874827,11.120962619781494
49311,2,10260,0.6663498878479004,0.6179581111106807,0.0002,0.14607678353786469,4921.242580394673,11.120962619781494
49331,2,10280,0.6639602184295654,0.6179605841310906,0.0002,0.09380146116018295,4912.273925140603,11.120962619781494
49351,2,10300,0.5102443099021912,0.6178998653352717,0.0002,0.08966171741485596,4915.031952271028,11.120962619781494
49371,2,10320,0.6102335453033447,0.6178738971555571,0.0002,0.11421103030443192,4917.672060161299,11.120962619781494
49391,2,10340,0.6250281929969788,0.6178584541216097,0.0002,0.11914639919996262,4920.39416308022,11.120962619781494
49411,2,10360,0.6222683191299438,0.6178110065424706,0.0002,0.1281822770833969,4923.118798666402,11.120962619781494
49431,2,10380,0.6626683473587036,0.6178255099455887,0.0002,0.12521204352378845,4925.871472499643,11.120962619781494
49451,2,10400,0.666347086429596,0.6178474125761981,0.0002,0.11356855183839798,4928.601287870969,11.120962619781494
49471,2,10420,0.69379723072052,0.6178733038743436,0.0002,0.13621285557746887,4918.795644403037,11.120962619781494
49491,2,10440,0.6834480166435242,0.6178665381271835,0.0002,0.1315840780735016,4910.003986293472,11.120962619781494
49511,2,10460,0.6198564767837524,0.617880164275883,0.0002,0.10935471206903458,4912.7480755799315,11.120962619781494
49531,2,10480,0.6491990685462952,0.617853151636367,0.0002,0.12160338461399078,4915.297272476373,11.120962619781494
49551,2,10500,0.5787709951400757,0.6178436605208467,0.0002,0.11093262583017349,4906.443328890689,11.120962619781494
49571,2,10520,0.5902581214904785,0.6178445342435036,0.0002,0.09490693360567093,4909.180323605484,11.120962619781494
49591,2,10540,0.6416318416595459,0.6178552655925479,0.0002,0.12584169209003448,4900.689471996408,11.120962619781494
49611,2,10560,0.5982174873352051,0.6178452311515706,0.0002,0.11789404600858688,4903.253093592673,11.120962619781494
49631,2,10580,0.6223943829536438,0.6178678856708679,0.0002,0.08648422360420227,4905.99480712314,11.120962619781494
49651,2,10600,0.6206362247467041,0.6178669533206179,0.0002,0.16920560598373413,4908.6950299709415,11.120962619781494
49671,2,10620,0.5820165872573853,0.6178871791585728,0.0002,0.10495558381080627,4911.268815699455,11.120962619781494
49691,2,10640,0.6605138778686523,0.6179060985095292,0.0002,0.125288188457489,4913.944677835264,11.120962619781494
49711,2,10660,0.7113779187202454,0.6179233686509708,0.0002,0.1317915916442871,4905.2230246848385,11.120962619781494
49731,2,10680,0.5678528547286987,0.617947998397928,0.0002,0.1281595528125763,4895.619078557346,11.120962619781494
49751,2,10700,0.6325937509536743,0.6179773686713439,0.0002,0.12451086938381195,4898.3968132134505,11.120962619781494
49771,2,10720,0.6319119930267334,0.6180254828679602,0.0002,0.1353074312210083,4900.967310486711,11.120962619781494
49791,2,10740,0.679134726524353,0.6180153639355906,0.0002,0.10255018621683121,4903.543926889312,11.120962619781494
49811,2,10760,0.6875302791595459,0.6180387676197852,0.0002,0.11465812474489212,4906.168996845962,11.120962619781494
49831,2,10780,0.591996431350708,0.6180363870715411,0.0002,0.1302562803030014,4908.805908300372,11.120962619781494
49851,2,10800,0.6059355139732361,0.6180400624432879,0.0002,0.16505132615566254,4911.397902898814,11.120962619781494
49871,2,10820,0.5806541442871094,0.6180433394982913,0.0002,0.09642831236124039,4913.937542497975,11.120962619781494
49891,2,10840,0.6300928592681885,0.6180720100493692,0.0002,0.12689708173274994,4893.652457480735,11.120962619781494
49911,2,10860,0.6249586343765259,0.6180777198708742,0.0002,0.12417362630367279,4896.420835872372,11.120962619781494
49931,2,10880,0.6276652812957764,0.6180972143156731,0.0002,0.09611206501722336,4899.080922266646,11.120962619781494
49951,2,10900,0.6588913202285767,0.6181238946038409,0.0002,0.12582586705684662,4891.429948808512,11.120962619781494
49971,2,10920,0.6063235998153687,0.6181322130548168,0.0002,0.10322514921426773,4894.013004773707,11.120962619781494
49991,2,10940,0.6637042164802551,0.6181394821801367,0.0002,0.15164035558700562,4887.517394386433,11.120962619781494
50011,2,10960,0.661778450012207,0.6181648826792556,0.0002,0.12835802137851715,4888.319817004032,11.120962619781494
50031,2,10980,0.6064677834510803,0.618160379731818,0.0002,0.14266465604305267,4890.982313141749,11.120962619781494
50051,2,11000,0.6166596412658691,0.6181417171456252,0.0002,0.11371643096208572,4893.55647668023,11.120962619781494
50071,2,11020,0.6681624054908752,0.6181164317154354,0.0002,0.1598631888628006,4894.777054473709,11.120962619781494
50091,2,11040,0.6003077626228333,0.618112135752449,0.0002,0.09572398662567139,4897.3941975137595,11.120962619781494
50111,2,11060,0.614197850227356,0.6181035966679607,0.0002,0.11254697293043137,4899.893886663875,11.120962619781494
50131,2,11080,0.6148285269737244,0.6180981813814899,0.0002,0.169273242354393,4891.768222160501,11.120998859405518
50151,2,11100,0.5744481682777405,0.6180698493382558,0.0002,0.0966210812330246,4894.319386156478,11.120998859405518
50171,2,11120,0.5959503650665283,0.6180397930250482,0.0002,0.09090007096529007,4896.841740723049,11.120998859405518
50191,2,11140,0.6081631183624268,0.6180210946068552,0.0002,0.21811886131763458,4899.447799574891,11.120998859405518
50211,2,11160,0.5845882296562195,0.6180156159630892,0.0002,0.11364990472793579,4901.990201883155,11.120998859405518
50231,2,11180,0.6226378679275513,0.6179918803745156,0.0002,0.12944379448890686,4904.571446465702,11.120998859405518
50251,2,11200,0.5925050377845764,0.617990682900337,0.0002,0.1719536930322647,4906.924335559067,11.120998859405518
50271,2,11220,0.6289424300193787,0.6179766518482955,0.0002,0.13082259893417358,4909.484472138599,11.120998859405518
50291,2,11240,0.5862014293670654,0.6179903595327121,0.0002,0.1333673596382141,4900.33732405437,11.120998859405518
50311,2,11260,0.6210649013519287,0.617986679866231,0.0002,0.11579139530658722,4902.963928470176,11.120998859405518
50331,2,11280,0.6501016616821289,0.6179808476703174,0.0002,0.14150658249855042,4894.976508640272,11.120998859405518
50351,2,11300,0.5830162763595581,0.6179695933112247,0.0002,0.09277038276195526,4897.5395599658295,11.120998859405518
50371,2,11320,0.6180364489555359,0.617971076305239,0.0002,0.11950412392616272,4888.485669508856,11.120998859405518
50391,2,11340,0.603018581867218,0.6179927435819041,0.0002,0.09218333661556244,4891.046281580882,11.120998859405518
50411,2,11360,0.6382547616958618,0.6179806755070143,0.0002,0.11286073923110962,4893.600333251812,11.120998859405518
50431,2,11380,0.5621253252029419,0.6179907052772121,0.0002,0.1195688545703888,4884.690113408675,11.120998859405518
50451,2,11400,0.6276903748512268,0.6180217071794416,0.0002,0.12637683749198914,4887.178872961692,11.120998859405518
50471,2,11420,0.6169204115867615,0.6180394765302851,0.0002,0.10896552354097366,4889.693329899218,11.120998859405518
50491,2,11440,0.5964368581771851,0.6180594728815652,0.0002,0.1350071132183075,4892.139094986201,11.120998859405518
50511,2,11460,0.6457905769348145,0.6180721031863784,0.0002,0.1271994560956955,4894.500422701059,11.120998859405518
50531,2,11480,0.5967141389846802,0.6180909195112803,0.0002,0.1575317084789276,4896.994248159119,11.120998859405518
50551,2,11500,0.6151589751243591,0.6180910012050329,0.0002,0.1603366881608963,4887.346217915332,11.120998859405518
50571,2,11520,0.5538545250892639,0.6181055862451995,0.0002,0.09346257150173187,4889.852768860798,11.120998859405518
50591,2,11540,0.6776689291000366,0.6181189728686691,0.0002,0.1251726746559143,4892.349324669494,11.120998859405518
50611,2,11560,0.5737363696098328,0.6180851220027226,0.0002,0.1391146183013916,4894.853822087124,11.120998859405518
50631,2,11580,0.6893185377120972,0.618070567221796,0.0002,0.11688254028558731,4897.348018083809,11.120998859405518
50651,2,11600,0.5616280436515808,0.6180437289934148,0.0002,0.08939102292060852,4899.60134057369,11.120998859405518
50671,2,11620,0.5879573225975037,0.6180463817323195,0.0002,0.1314041167497635,4902.081305631488,11.120998859405518
50691,2,11640,0.5931944847106934,0.618063425053974,0.0002,0.11825749278068542,4894.616797198335,11.120998859405518
50711,2,11660,0.6146697998046875,0.6180671922662826,0.0002,0.14604529738426208,4886.861413165061,11.120998859405518
50731,2,11680,0.5682832598686218,0.6180668612368587,0.0002,0.12619367241859436,4889.393071045192,11.120998859405518
50751,2,11700,0.6090371012687683,0.6180678406310528,0.0002,0.1114533394575119,4881.657564347961,11.120998859405518
50771,2,11720,0.6077067852020264,0.6180948773076679,0.0002,0.14310675859451294,4884.022832334555,11.120998859405518
50791,2,11740,0.6173570156097412,0.6180932299752956,0.0002,0.09564847499132156,4878.175434102721,11.120998859405518
50811,2,11760,0.6676439046859741,0.6180879106014343,0.0002,0.09300428628921509,4880.675255939275,11.120998859405518
50831,2,11780,0.6138235926628113,0.6180767919476197,0.0002,0.0916113406419754,4882.916719509356,11.120998859405518
50851,2,11800,0.6451531648635864,0.6180367692668044,0.0002,0.15061281621456146,4875.67117234397,11.120998859405518
50871,2,11820,0.6249478459358215,0.6180189349098889,0.0002,0.1374053657054901,4878.1514370224195,11.120998859405518
50891,2,11840,0.5840709805488586,0.6180343597248794,0.0002,0.09989004582166672,4880.558917914456,11.120998859405518
50911,2,11860,0.6231176257133484,0.6180181088906866,0.0002,0.1126023381948471,4882.918674358114,11.120998859405518
50931,2,11880,0.6032336354255676,0.6180263416550149,0.0002,0.1285717785358429,4885.361727297609,11.120998859405518
50951,2,11900,0.5857719779014587,0.6180107974547528,0.0002,0.1100810170173645,4878.245100361399,11.120998859405518
50971,2,11920,0.6184958219528198,0.6179996680673189,0.0002,0.0856446623802185,4880.263750951398,11.120998859405518
50991,2,11940,0.597010612487793,0.6180212599009773,0.0002,0.11734182387590408,4882.7266463811375,11.120998859405518
51011,2,11960,0.6874499917030334,0.6180301229555244,0.0002,0.11838822066783905,4885.175227077698,11.120998859405518
51031,2,11980,0.6771031022071838,0.6180494049501016,0.0002,0.13729551434516907,4887.5986454067215,11.120998859405518
51051,2,12000,0.6470655798912048,0.6180412567785398,0.0002,0.13365212082862854,4889.824623729215,11.120998859405518
51071,2,12020,0.595458984375,0.6180470706293132,0.0002,0.11720217019319534,4889.631855536501,11.120998859405518
51091,2,12040,0.5632216334342957,0.6180434512390502,0.0002,0.09465102851390839,4882.823620969839,11.120998859405518
51111,2,12060,0.5574610233306885,0.6180198920873681,0.0002,0.09872415661811829,4885.272001533646,11.120998859405518
51131,2,12080,0.6117006540298462,0.618018326740313,0.0002,0.14985854923725128,4876.65896181663,11.121187210083008
51151,2,12100,0.7100805640220642,0.6179988612798616,0.0002,0.1582678258419037,4869.27950095875,11.121187210083008
51171,2,12120,0.5849116444587708,0.6179898610254664,0.0002,0.1049601212143898,4871.616951894195,11.121187210083008
51191,2,12140,0.5515029430389404,0.6179794922664383,0.0002,0.09257199615240097,4873.960616908957,11.121187210083008
51211,2,12160,0.6176896691322327,0.617970010417132,0.0002,0.17976392805576324,4876.2908765658585,11.121187210083008
51231,2,12180,0.5977373719215393,0.6179612916716655,0.0002,0.12333947420120239,4878.654945851305,11.121187210083008
51251,2,12200,0.5811402201652527,0.6179638681452307,0.0002,0.12286949157714844,4881.000497626608,11.121187210083008
51271,2,12220,0.6030205488204956,0.6179469594090462,0.0002,0.08259810507297516,4874.357596472752,11.121187210083008
51291,2,12240,0.633328378200531,0.6179271735050007,0.0002,0.13811537623405457,4876.572711205535,11.121187210083008
51311,2,12260,0.5858453512191772,0.6179268986656926,0.0002,0.11237893253564835,4878.863500540903,11.121187210083008
51331,2,12280,0.5583663582801819,0.6179335073298893,0.0002,0.10198645293712616,4881.127465265571,11.121187210083008
51351,2,12300,0.583367645740509,0.6179292069921535,0.0002,0.11728842556476593,4883.4393484970815,11.121187210083008
51371,2,12320,0.5930547714233398,0.617915448336703,0.0002,0.10935476422309875,4875.45741712727,11.121187210083008
51391,2,12340,0.6191761493682861,0.6179371994570608,0.0002,0.1098431795835495,4867.813648485462,11.121187210083008
51411,2,12360,0.6253433227539062,0.6179409086516349,0.0002,0.09562385827302933,4869.953266590219,11.121187210083008
51431,2,12380,0.5784885287284851,0.6179640850930626,0.0002,0.08607985824346542,4872.3032177617015,11.121187210083008
51451,2,12400,0.6007984280586243,0.6179478372427551,0.0002,0.13710038363933563,4874.5630485733245,11.121187210083008
51471,2,12420,0.6049222946166992,0.6179727513474313,0.0002,0.12926986813545227,4876.899750878228,11.121187210083008
51491,2,12440,0.6433050036430359,0.6179874783384224,0.0002,0.10317376255989075,4869.158866866174,11.121187210083008
51511,2,12460,0.6231444478034973,0.6179873819870493,0.0002,0.1506238877773285,4871.430462938784,11.121187210083008
51531,2,12480,0.6039074659347534,0.6179961054822599,0.0002,0.11147607117891312,4863.645737144883,11.121187210083008
51551,2,12500,0.6575492024421692,0.6180062967285915,0.0002,0.11106278747320175,4855.485520088949,11.121187210083008
51571,2,12520,0.5854821801185608,0.618012451454235,0.0002,0.1159493625164032,4857.713515051636,11.121187210083008
51591,2,12540,0.6689821481704712,0.6180196185146765,0.0002,0.11040958017110825,4860.008724304963,11.121187210083008
51611,2,12560,0.622604489326477,0.6180212395112716,0.0002,0.11456101387739182,4862.351432782461,11.121187210083008
51631,2,12580,0.5881741046905518,0.6180654990942024,0.0002,0.1272951066493988,4864.517813683011,11.121187210083008
51651,2,12600,0.6196221709251404,0.6180917380362554,0.0002,0.11707424372434616,4866.84372515426,11.121187210083008
51671,2,12620,0.6526283621788025,0.6181142395253216,0.0002,0.13048811256885529,4858.365317159699,11.121187210083008
51691,2,12640,0.6606365442276001,0.6181238811509154,0.0002,0.10792233049869537,4860.667148412043,11.121187210083008
51711,2,12660,0.5987087488174438,0.6181180984490758,0.0002,0.13581404089927673,4862.935221077254,11.121187210083008
51731,2,12680,0.6238473653793335,0.6181309304912888,0.0002,0.10041757673025131,4865.224840975631,11.121187210083008
51751,2,12700,0.66187983751297,0.6181326280922387,0.0002,0.12621614336967468,4867.526712427296,11.121187210083008
51771,2,12720,0.6335691213607788,0.6181178961039208,0.0002,0.13086780905723572,4866.9163930868635,11.121187210083008
51791,2,12740,0.5406440496444702,0.6181601526744973,0.0002,0.10366114228963852,4863.07368988673,11.121187210083008
51811,2,12760,0.6312265396118164,0.6181964087831201,0.0002,0.10457518696784973,4855.446332074077,11.121187210083008
51831,2,12780,0.627152681350708,0.6182196007469106,0.0002,0.12435080111026764,4857.729444845426,11.121187210083008
51851,2,12800,0.6398693323135376,0.6182461183753019,0.0002,0.10696356743574142,4859.986791032325,11.121187210083008
51871,2,12820,0.5650192499160767,0.6182466329940403,0.0002,0.1112125962972641,4862.279072030859,11.121187210083008
51891,2,12840,0.6338487267494202,0.618262095832015,0.0002,0.12741515040397644,4864.575468820388,11.121187210083008
51911,2,12860,0.6646196842193604,0.6182689032646002,0.0002,0.13335461914539337,4856.479374169434,11.121187210083008
51931,2,12880,0.5959485173225403,0.6182423404977038,0.0002,0.15793468058109283,4858.789552426912,11.121187210083008
51951,2,12900,0.6112215518951416,0.6182430760666031,0.0002,0.11745691299438477,4850.872620643728,11.121187210083008
51971,2,12920,0.6018711924552917,0.6182186100172101,0.0002,0.12886552512645721,4845.597112392643,11.121187210083008
51991,2,12940,0.7033175826072693,0.6182391042382859,0.0002,0.1581883728504181,4846.986496364474,11.121187210083008
52011,2,12960,0.5748389363288879,0.6182353973563814,0.0002,0.11974428594112396,4849.250652923923,11.121187210083008
52031,2,12980,0.6734299063682556,0.6182525078143117,0.0002,0.11668768525123596,4851.442539448273,11.121187210083008
52051,2,13000,0.6050968766212463,0.6182557288711971,0.0002,0.11166775226593018,4853.678273003264,11.121187210083008
52071,2,13020,0.5954980850219727,0.6182487219272382,0.0002,0.11024679988622665,4854.155543247203,11.121187210083008
52091,2,13040,0.6019710898399353,0.6182376447543507,0.0002,0.15582124888896942,4847.793696067294,11.121187210083008
52111,2,13060,0.6801140308380127,0.6182473343230425,0.0002,0.12432501465082169,4850.04399738146,11.121187210083008
52131,2,13080,0.6141741871833801,0.6182761598664622,0.0002,0.13784198462963104,4852.257775568833,11.121187210083008
52151,2,13100,0.7484390735626221,0.6182778973346763,0.0002,0.12681135535240173,4854.465351525923,11.121187210083008
52171,2,13120,0.6342921257019043,0.618266801590012,0.0002,0.11680571734905243,4856.679400029294,11.121187210083008
52191,2,13140,0.6264634728431702,0.6182527878605035,0.0002,0.11956025660037994,4848.742142886392,11.121187210083008
52211,2,13160,0.6349371671676636,0.6182539517158206,0.0002,0.11135336011648178,4850.728044782827,11.121187210083008
52231,2,13180,0.649432897567749,0.6182471494464877,0.0002,0.1325526237487793,4852.975240062208,11.121187210083008
52251,2,13200,0.5715524554252625,0.6182554434423327,0.0002,0.10626204311847687,4855.092189852901,11.121187210083008
52271,2,13220,0.6852003335952759,0.6182634506440512,0.0002,0.1098320484161377,4857.307603469391,11.121187210083008
52291,2,13240,0.5837075710296631,0.6182601173392367,0.0002,0.09693262726068497,4859.470957929933,11.121187210083008
52311,2,13260,0.6212243437767029,0.6182540791921508,0.0002,0.15387213230133057,4861.667513038407,11.121187210083008
52331,2,13280,0.6521700620651245,0.6182654543830959,0.0002,0.10160069912672043,4854.468651888423,11.121187210083008
52351,2,13300,0.6764190793037415,0.6182652090343256,0.0002,0.11679384857416153,4848.578774188805,11.121187210083008
52371,2,13320,0.5926627516746521,0.6182719960507116,0.0002,0.12416613847017288,4841.731488857576,11.121187210083008
52391,2,13340,0.5918258428573608,0.6182685252270366,0.0002,0.10136273503303528,4835.18833446158,11.121187210083008
52411,2,13360,0.6175996661186218,0.6182682834592215,0.0002,0.1457400768995285,4837.396445751171,11.121187210083008
52431,2,13380,0.5905299186706543,0.6182727530975966,0.0002,0.11408886313438416,4839.572991119456,11.121187210083008
52451,2,13400,0.6630723476409912,0.6182490702639285,0.0002,0.099465511739254,4841.601726505501,11.121187210083008
52471,2,13420,0.706208348274231,0.6182401372338001,0.0002,0.13762612640857697,4843.733578857152,11.121187210083008
52491,2,13440,0.6323292255401611,0.6182425512903875,0.0002,0.10931473970413208,4837.365527367062,11.121187210083008
52511,2,13460,0.6324926614761353,0.6182297091661275,0.0002,0.1209026649594307,4839.581093987749,11.121187210083008
52531,2,13480,0.6558457612991333,0.6182474087811829,0.0002,0.12677054107189178,4841.757100633168,11.121187210083008
52551,2,13500,0.5966509580612183,0.6182285666856766,0.0002,0.10375279188156128,4843.910881831142,11.121187210083008
52571,2,13520,0.7136471271514893,0.6182429257657355,0.0002,0.13227255642414093,4846.071329661068,11.121187210083008
52591,2,13540,0.5821331739425659,0.6182230462991566,0.0002,0.1270911991596222,4848.090572813162,11.121187210083008
52611,2,13560,0.6309554576873779,0.6181963208129047,0.0002,0.1395956128835678,4841.031487695672,11.121187210083008
52631,2,13580,0.6170409321784973,0.6181995622934326,0.0002,0.10424298793077469,4842.162269124934,11.121187210083008
52651,2,13600,0.5843274593353271,0.618176453724946,0.0002,0.13401494920253754,4844.16633266454,11.121187210083008
52671,2,13620,0.6471972465515137,0.6181800219214229,0.0002,0.11641712486743927,4846.27763064187,11.121187210083008
52691,2,13640,0.6102199554443359,0.6181605883881623,0.0002,0.10365965217351913,4848.275002077516,11.121187210083008
52711,2,13660,0.694288969039917,0.6181492760842278,0.0002,0.14535307884216309,4841.639739195039,11.121187210083008
52731,2,13680,0.6231314539909363,0.6181661640186935,0.0002,0.12086151540279388,4834.0493318251365,11.121187210083008
52751,2,13700,0.6069012880325317,0.6181525120475527,0.0002,0.13474120199680328,4836.243024092816,11.121187210083008
52771,2,13720,0.6256941556930542,0.618155491960944,0.0002,0.0905078649520874,4838.3168879847735,11.121187210083008
52791,2,13740,0.609664797782898,0.6181647917061315,0.0002,0.11163078248500824,4830.824676746394,11.121187210083008
52811,2,13760,0.599552571773529,0.6181778749179921,0.0002,0.1272975206375122,4832.974597061741,11.121187210083008
52831,2,13780,0.6437632441520691,0.6181809237944207,0.0002,0.11377191543579102,4835.079892665849,11.121187210083008
52851,2,13800,0.6529325246810913,0.6181819897182265,0.0002,0.11759649217128754,4837.051126559146,11.121187210083008
52871,2,13820,0.5554942488670349,0.6181905962094012,0.0002,0.0963580533862114,4839.170548043195,11.121187210083008
52891,2,13840,0.5449564456939697,0.6181809312866624,0.0002,0.1279073804616928,4841.2654885180145,11.121187210083008
52911,2,13860,0.6438192129135132,0.6181821996636305,0.0002,0.12726761400699615,4834.759341470862,11.121187210083008
52931,2,13880,0.601479709148407,0.6182002390361429,0.0002,0.13347986340522766,4836.8509057157235,11.121187210083008
52951,2,13900,0.6395143866539001,0.6181978370385495,0.0002,0.11444035172462463,4838.942248496004,11.121187210083008
52971,2,13920,0.5547080039978027,0.6182120942462195,0.0002,0.11633247882127762,4841.054432014129,11.121187210083008
52991,2,13940,0.6555199027061462,0.618215769849959,0.0002,0.11201770603656769,4843.06760248522,11.121187210083008
53011,2,13960,0.5550851225852966,0.6182008990699359,0.0002,0.10004174709320068,4845.117497354955,11.121187210083008
53031,2,13980,0.6760430335998535,0.6181893818013842,0.0002,0.11486897617578506,4838.181420351051,11.121187210083008
53051,2,14000,0.6456754207611084,0.6181905312956979,0.0002,0.15070664882659912,4840.1875839150935,11.121187210083008
53071,2,14020,0.6750566959381104,0.6182036928419137,0.0002,0.11068695038557053,4841.026243622564,11.121187210083008
53091,2,14040,0.6393153667449951,0.6182076517582935,0.0002,0.1502576768398285,4842.949777761712,11.121187210083008
53111,2,14060,0.5792520642280579,0.6182157007052184,0.0002,0.10704246908426285,4836.586866703247,11.121187210083008
53131,2,14080,0.6757286787033081,0.6182101307062918,0.0002,0.11115772277116776,4830.061845777356,11.121187210083008
53151,2,14100,0.6195564270019531,0.6182223594984029,0.0002,0.08472923934459686,4832.095810077815,11.121187210083008
53171,2,14120,0.6091175079345703,0.618253006787888,0.0002,0.10194528102874756,4825.360555254183,11.121187210083008
53191,2,14140,0.6024084687232971,0.6182633541337641,0.0002,0.09025079011917114,4826.379116139009,11.121187210083008
53211,2,14160,0.6856910586357117,0.6182820207985644,0.0002,0.13538892567157745,4820.792184212102,11.121187210083008
53231,2,14180,0.6146030426025391,0.618284747910349,0.0002,0.10327809303998947,4822.7703070864745,11.121187210083008
53251,2,14200,0.5576852560043335,0.6182801833430465,0.0002,0.12873931229114532,4824.784081160854,11.121187210083008
53271,2,14220,0.6719526052474976,0.6182942857758615,0.0002,0.11407910287380219,4826.856983963708,11.121187210083008
53291,2,14240,0.5980437397956848,0.6183205571977664,0.0002,0.13039948046207428,4828.839766902357,11.121187210083008
53311,2,14260,0.6573078036308289,0.6183298928089799,0.0002,0.11299128085374832,4830.800696060316,11.121187210083008
53331,2,14280,0.7413434386253357,0.6183582071437325,0.0002,0.11757548153400421,4824.256960254287,11.121187210083008
53351,2,14300,0.6275661587715149,0.618394800737429,0.0002,0.1190083771944046,4826.254893231079,11.121187210083008
53371,2,14320,0.5961464643478394,0.6184108024559734,0.0002,0.11401891708374023,4828.1338604395405,11.121187210083008
53391,2,14340,0.5780344605445862,0.61842001513297,0.0002,0.1168026402592659,4830.054612631592,11.121187210083008
53411,2,14360,0.5650230050086975,0.6184427398675006,0.0002,0.1198073998093605,4832.012941768456,11.121187210083008
53431,2,14380,0.560336709022522,0.6184290156344701,0.0002,0.10862074047327042,4834.033047853988,11.121187210083008
53451,2,14400,0.5856972336769104,0.618417605902032,0.0002,0.09609615802764893,4827.913401942649,11.121187210083008
53471,2,14420,0.6609530448913574,0.6184110403205728,0.0002,0.13951201736927032,4829.931339832431,11.121187210083008
53491,2,14440,0.6398784518241882,0.6184119218219959,0.0002,0.10408487915992737,4831.832510256964,11.121187210083008
53511,2,14460,0.5483034253120422,0.6184325484853629,0.0002,0.10127783566713333,4831.3078658500835,11.121187210083008
53531,2,14480,0.5709831118583679,0.6184329653727159,0.0002,0.16480877995491028,4827.936211163206,11.121187210083008
53551,2,14500,0.6984056234359741,0.6184476062321109,0.0002,0.10426681488752365,4821.609466730717,11.121187210083008
53571,2,14520,0.5920478105545044,0.6184476886884148,0.0002,0.1334540992975235,4823.655697759514,11.121187210083008
53591,2,14540,0.583278238773346,0.6184690585006822,0.0002,0.1239728257060051,4817.889622199481,11.121187210083008
53611,2,14560,0.6465359926223755,0.618500540047069,0.0002,0.12273591011762619,4811.44354626057,11.121187210083008
53631,2,14580,0.6120357513427734,0.6184941662660617,0.0002,0.11409478634595871,4813.361004020451,11.121187210083008
53651,2,14600,0.6645715832710266,0.6184953854475896,0.0002,0.12014176696538925,4815.359520894772,11.121187210083008
53671,2,14620,0.515058696269989,0.6184993021819719,0.0002,0.13777516782283783,4817.370690049014,11.121187210083008
53691,2,14640,0.5442895293235779,0.6184996260511778,0.0002,0.11512160301208496,4819.312883489231,11.121187210083008
53711,2,14660,0.5805697441101074,0.6185124315857832,0.0002,0.1293870508670807,4821.289694784606,11.121187210083008
53731,2,14680,0.6132439374923706,0.6185327835773233,0.0002,0.09022948145866394,4820.640157725567,11.121187210083008
53751,2,14700,0.6480823159217834,0.6185392013731524,0.0002,0.15886403620243073,4817.2650008399905,11.121187210083008
53771,2,14720,0.6148794889450073,0.6185592715586365,0.0002,0.12891748547554016,4819.1412368014835,11.121187210083008
53791,2,14740,0.6171615719795227,0.6185778629733336,0.0002,0.1002158597111702,4821.125105080039,11.121187210083008
53811,2,14760,0.5697018504142761,0.6185839391425199,0.0002,0.11710513383150101,4823.091893315002,11.121187210083008
53831,2,14780,0.603011429309845,0.618595522397037,0.0002,0.11077505350112915,4825.094432647684,11.121187210083008
53851,2,14800,0.6487876772880554,0.6185982857098182,0.0002,0.12133827805519104,4818.253791329168,11.121187210083008
53871,2,14820,0.6531967520713806,0.6185893648069085,0.0002,0.13686513900756836,4811.025412316172,11.121187210083008
53891,2,14840,0.6001214981079102,0.6185944643497776,0.0002,0.10003913193941116,4813.022065701702,11.121187210083008
53911,2,14860,0.6461585760116577,0.6186020086026461,0.0002,0.12599781155586243,4814.7995409902505,11.121187210083008
53931,2,14880,0.5894892811775208,0.6186034437484563,0.0002,0.11897773295640945,4814.588893927255,11.121187210083008
53951,2,14900,0.6434486508369446,0.6186198228415761,0.0002,0.131535142660141,4811.662800250039,11.121187210083008
53971,2,14920,0.6289989352226257,0.6186160449887723,0.0002,0.13006074726581573,4805.62692790565,11.121187210083008
53991,2,14940,0.5568177103996277,0.6186301678975862,0.0002,0.1296306848526001,4800.069630576267,11.121187210083008
54011,2,14960,0.5544306039810181,0.6186258579552348,0.0002,0.1297500729560852,4799.657216062648,11.121187210083008
54031,2,14980,0.6153802871704102,0.6186426949038072,0.0002,0.11631930619478226,4796.265961017585,11.121187210083008
54051,2,15000,0.610477864742279,0.6186412631287579,0.0002,0.11827006191015244,4798.1828069370695,11.121187210083008
54071,2,15020,0.5482608675956726,0.6186577858644311,0.0002,0.12240784615278244,4798.999478410048,11.121187210083008
54091,2,15040,0.6215623021125793,0.6186503895813503,0.0002,0.14496366679668427,4800.880219156618,11.121187210083008
54111,2,15060,0.6349215507507324,0.6186513117720768,0.0002,0.11953553557395935,4802.814090807802,11.121187210083008
54131,2,15080,0.6249133944511414,0.6186804648846188,0.0002,0.14549316465854645,4804.61428965553,11.121187210083008
54151,2,15100,0.6372085213661194,0.618686503159729,0.0002,0.12185074388980865,4803.744917361126,11.121187210083008
54171,2,15120,0.578394889831543,0.6186845230897101,0.0002,0.0951337218284607,4800.383802451214,11.121187210083008
54191,2,15140,0.5808240175247192,0.6186839839786077,0.0002,0.14097239077091217,4802.282469234322,11.121187210083008
54211,2,15160,0.6653590202331543,0.6186802034760501,0.0002,0.10967203229665756,4804.1746974718435,11.121187210083008
54231,2,15180,0.6376331448554993,0.6186921502290513,0.0002,0.12306057661771774,4805.975038787152,11.121187210083008
54251,2,15200,0.6280339360237122,0.6187054334364065,0.0002,0.16454680263996124,4807.869979191011,11.121187210083008
54271,2,15220,0.6150922775268555,0.6187121148383246,0.0002,0.09405731409788132,4807.22357693966,11.121187210083008
54291,2,15240,0.5898634791374207,0.6187236058320494,0.0002,0.14617526531219482,4800.412597679169,11.121187210083008
54311,2,15260,0.6297207474708557,0.6186956457777391,0.0002,0.11741626262664795,4802.309886548359,11.121187210083008
54331,2,15280,0.6493546366691589,0.6187131530840477,0.0002,0.13634413480758667,4804.210020403492,11.121187210083008
54351,2,15300,0.686111569404602,0.6187182414627128,0.0002,0.1354401856660843,4798.781422721134,11.121187210083008
54371,2,15320,0.5975565910339355,0.6186996127444903,0.0002,0.09897586703300476,4798.631050920285,11.121187210083008
54391,2,15340,0.6150474548339844,0.6187055616448826,0.0002,0.1111784279346466,4793.042149272769,11.121187210083008
54411,2,15360,0.650972306728363,0.6186998750660321,0.0002,0.11965914815664291,4794.947190637181,11.121187210083008
54431,2,15380,0.6077706813812256,0.6186919405818744,0.0002,0.16240480542182922,4788.861707257383,11.121187210083008
54451,2,15400,0.555793046951294,0.6186794212806932,0.0002,0.13239820301532745,4790.795231175326,11.121187210083008
54471,2,15420,0.6694374084472656,0.618680809865105,0.0002,0.10226741433143616,4792.63759434758,11.121187210083008
54491,2,15440,0.604883074760437,0.6186785146348562,0.0002,0.17262384295463562,4794.517335432292,11.121187210083008
54511,2,15460,0.5978257060050964,0.6186674870273466,0.0002,0.11260879039764404,4796.350314829681,11.121187210083008
54531,2,15480,0.6266959309577942,0.618666763772341,0.0002,0.11587604880332947,4798.091170730298,11.121187210083008
54551,2,15500,0.6701423525810242,0.6186560605393522,0.0002,0.11073184013366699,4799.967861237358,11.12139081954956
54571,2,15520,0.6073520183563232,0.6186585418978744,0.0002,0.12633806467056274,4801.8409024379,11.12139081954956
54591,2,15540,0.5921714305877686,0.6186536839972057,0.0002,0.1413436084985733,4797.408223013879,11.12139081954956
54611,2,15560,0.6086544394493103,0.6186725775048455,0.0002,0.10904815047979355,4799.268958581983,11.12139081954956
54631,2,15580,0.6598566174507141,0.6186652563525865,0.0002,0.20228902995586395,4801.160541419249,11.12139081954956
54651,2,15600,0.6974246501922607,0.6186769340727711,0.0002,0.12119609117507935,4802.9493372849165,11.12139081954956
54671,2,15620,0.6035899519920349,0.6186787891252566,0.0002,0.08166269212961197,4804.669835008962,11.12139081954956
54691,2,15640,0.6162187457084656,0.6186704447024141,0.0002,0.1337396502494812,4799.333092394363,11.12139081954956
54711,2,15660,0.6570909023284912,0.6186665958564316,0.0002,0.15317657589912415,4793.658538238048,11.12139081954956
54731,2,15680,0.5967103838920593,0.6186774643927409,0.0002,0.11415523290634155,4795.590239577749,11.12139081954956
54751,2,15700,0.5906606912612915,0.6186794488456667,0.0002,0.10716676712036133,4790.287498183454,11.12139081954956
54771,2,15720,0.7278580665588379,0.6186906727918311,0.0002,0.13328757882118225,4792.142248214877,11.12139081954956
54791,2,15740,0.5854422450065613,0.6186774304467665,0.0002,0.14970870316028595,4786.168151593599,11.12139081954956
54811,2,15760,0.6785421371459961,0.6186614327276866,0.0002,0.18691405653953552,4779.780786337193,11.12139081954956
54831,2,15780,0.5813332200050354,0.6186662576394404,0.0002,0.10296428948640823,4781.6114762622765,11.12139081954956
54851,2,15800,0.6690787076950073,0.6186781817306634,0.0002,0.08939993381500244,4776.330180058305,11.121430397033691
54871,2,15820,0.5902719497680664,0.6186811731669899,0.0002,0.09759429842233658,4778.181163761308,11.121430397033691
54891,2,15840,0.6267867684364319,0.6186903123315705,0.0002,0.13956886529922485,4779.945619735734,11.121430397033691
54911,2,15860,0.5507321953773499,0.6186612820292126,0.0002,0.125136598944664,4781.815734805726,11.121430397033691
54931,2,15880,0.6948760747909546,0.6186541113790996,0.0002,0.10952715575695038,4783.539691559057,11.121430397033691
54951,2,15900,0.6240682601928711,0.6186392528590307,0.0002,0.11036806553602219,4778.529971536825,11.121430397033691
54971,2,15920,0.6476192474365234,0.6186186245345799,0.0002,0.10649675130844116,4780.378744733779,11.121430397033691
54991,2,15940,0.6940456628799438,0.6185950330806284,0.0002,0.10213129967451096,4782.171386854941,11.121430397033691
55011,2,15960,0.6644274592399597,0.6186094141789964,0.0002,0.1271125078201294,4783.970210846904,11.121430397033691
55031,2,15980,0.6307615041732788,0.6186121674297941,0.0002,0.10815154016017914,4785.783444995463,11.121430397033691
55051,2,16000,0.620206892490387,0.6185902529315541,0.0002,0.11969476193189621,4787.5702671506815,11.121430397033691
55071,2,16020,0.6249539852142334,0.6185868489968991,0.0002,0.10753164440393448,4788.427671254253,11.121430397033691
55091,2,16040,0.5850411057472229,0.6185777057454825,0.0002,0.1114177405834198,4790.203743225504,11.121430397033691
55111,2,16060,0.5726731419563293,0.6185736941724902,0.0002,0.11182451248168945,4782.272067061115,11.121430397033691
55131,2,16080,0.6269374489784241,0.6185719398493386,0.0002,0.09741228073835373,4777.589823815241,11.121430397033691
55151,2,16100,0.6372076869010925,0.6185710237054308,0.0002,0.08586735278367996,4777.032095806179,11.121430397033691
55171,2,16120,0.6370344161987305,0.6185449118113981,0.0002,0.13814444839954376,4774.172857359081,11.121430397033691
55191,2,16140,0.5968672633171082,0.6185437526448052,0.0002,0.13156776130199432,4768.3612650701625,11.121430397033691
55211,2,16160,0.6158331632614136,0.618533075502045,0.0002,0.15128619968891144,4770.198277144334,11.121430397033691
55231,2,16180,0.5984590649604797,0.6185345729183084,0.0002,0.09549329429864883,4763.932739265914,11.121430397033691
55251,2,16200,0.6617255806922913,0.618521854723026,0.0002,0.16811037063598633,4758.208113095547,11.121430397033691
55271,2,16220,0.6142260432243347,0.6185206740052003,0.0002,0.09425375610589981,4759.976410581619,11.121430397033691
55291,2,16240,0.5930392742156982,0.6184934786869397,0.0002,0.13179290294647217,4761.6446309630255,11.121430397033691
55311,2,16260,0.655139148235321,0.6185142762573711,0.0002,0.13065244257450104,4763.464180554273,11.121430397033691
55331,2,16280,0.6105435490608215,0.6184929400196646,0.0002,0.09552174806594849,4759.6746794343735,11.121430397033691
55351,2,16300,0.6840204000473022,0.6184853297592533,0.0002,0.10179446637630463,4761.389895347461,11.121430397033691
55371,2,16320,0.667838454246521,0.6184832243568251,0.0002,0.11415211856365204,4763.167614540329,11.121430397033691
55391,2,16340,0.6274331212043762,0.6184776603559272,0.0002,0.1821887493133545,4764.90957321381,11.121430397033691
55411,2,16360,0.6378082036972046,0.6184673941822358,0.0002,0.12421754002571106,4766.653390042429,11.121430397033691
55431,2,16380,0.5978093147277832,0.618474018195796,0.0002,0.13401451706886292,4768.2470182694815,11.121430397033691
55451,2,16400,0.5728582143783569,0.6184587508795966,0.0002,0.10331016778945923,4770.013548083024,11.121430397033691
55471,2,16420,0.661685049533844,0.6184463316743605,0.0002,0.1097894236445427,4769.97569994633,11.121430397033691
55491,2,16440,0.5981300473213196,0.6184509424008925,0.0002,0.11229081451892853,4767.850499107124,11.121430397033691
55511,2,16460,0.6660669445991516,0.6184360735933024,0.0002,0.12975114583969116,4769.577112866388,11.121430397033691
55531,2,16480,0.6531400680541992,0.6184403544779571,0.0002,0.1009470745921135,4764.242535685613,11.121430397033691
55551,2,16500,0.6672042608261108,0.6184500341742066,0.0002,0.11570151895284653,4765.9777044047905,11.121430397033691
55571,2,16520,0.6445983648300171,0.6184526340922807,0.0002,0.14247925579547882,4767.524162567268,11.121430397033691
55591,2,16540,0.6713905930519104,0.6184612863160587,0.0002,0.12927675247192383,4761.005140691539,11.121430397033691
55611,2,16560,0.6439406871795654,0.6184682045467124,0.0002,0.10799065977334976,4755.62660726628,11.121430397033691
55631,2,16580,0.5779039263725281,0.618457200369194,0.0002,0.10964924097061157,4757.415335069936,11.121430397033691
55651,2,16600,0.6538478136062622,0.6184445631297051,0.0002,0.12014025449752808,4752.7304555502515,11.121430397033691
55671,2,16620,0.5830832123756409,0.6184345276145634,0.0002,0.11314163357019424,4752.025540117281,11.121430397033691
55691,2,16640,0.5879094004631042,0.6184202827361347,0.0002,0.10117188841104507,4749.086614381668,11.121430397033691
55711,2,16660,0.6542149186134338,0.6184067594343111,0.0002,0.09622159600257874,4744.2527356976,11.121430397033691
55731,2,16680,0.6802753806114197,0.6184029727147746,0.0002,0.11977597326040268,4745.992435229066,11.121430397033691
55751,2,16700,0.6540659666061401,0.6184053637871966,0.0002,0.12240948528051376,4747.75115971884,11.121430397033691
55771,2,16720,0.670579731464386,0.6184037129525278,0.0002,0.10995757579803467,4749.482090698148,11.121430397033691
55791,2,16740,0.620618462562561,0.618410158614489,0.0002,0.09215845912694931,4751.206462016749,11.121430397033691
55811,2,16760,0.6558529734611511,0.6184256451667459,0.0002,0.12066354602575302,4752.93447738198,11.121430397033691
55831,2,16780,0.5966016054153442,0.6184358439383895,0.0002,0.134264275431633,4754.59134306358,11.121430397033691
55851,2,16800,0.6237621903419495,0.6184352809153939,0.0002,0.17173920571804047,4749.462373702308,11.121430397033691
55871,2,16820,0.6011314988136292,0.6184358665911197,0.0002,0.11622430384159088,4751.215195365416,11.121430397033691
55891,2,16840,0.6056293249130249,0.618414854437941,0.0002,0.12154677510261536,4752.949452312162,11.121430397033691
55911,2,16860,0.6324620842933655,0.6184229748771656,0.0002,0.12360145151615143,4754.70362402925,11.121430397033691
55931,2,16880,0.633317768573761,0.6184376601871706,0.0002,0.12558050453662872,4755.448677353058,11.121430397033691
55951,2,16900,0.5982704162597656,0.6184355515331932,0.0002,0.13031579554080963,4750.494416838434,11.121430397033691
55971,2,16920,0.6021360158920288,0.618433189037291,0.0002,0.10565969347953796,4752.282515200133,11.121430397033691
55991,2,16940,0.6314288377761841,0.6184350348540789,0.0002,0.16552086174488068,4754.018415400915,11.121430397033691
56011,2,16960,0.6471461057662964,0.6184373851057837,0.0002,0.10855624824762344,4755.780147845215,11.121430397033691
56031,2,16980,0.6171198487281799,0.6184311192123058,0.0002,0.09811019152402878,4750.514409433902,11.121430397033691
56051,2,17000,0.6419367790222168,0.6184401444500975,0.0002,0.10797537118196487,4752.245410049778,11.121430397033691
56071,2,17020,0.6503294110298157,0.6184346637015447,0.0002,0.10340110957622528,4748.493429064552,11.121430397033691
56091,2,17040,0.5851775407791138,0.6184367426408292,0.0002,0.1012692078948021,4742.848376218181,11.121430397033691
56111,2,17060,0.596915066242218,0.6184354815817823,0.0002,0.1145506501197815,4744.621813000834,11.121430397033691
56131,2,17080,0.6375457048416138,0.6184280244343636,0.0002,0.11045002192258835,4740.399517272446,11.121430397033691
56151,2,17100,0.5107048153877258,0.6184133321463442,0.0002,0.08327994495630264,4742.154686381084,11.121430397033691
56171,2,17120,0.5624791979789734,0.6184293051566526,0.0002,0.12293018400669098,4743.8960001314435,11.121430397033691
56191,2,17140,0.6257780194282532,0.6184505843117889,0.0002,0.0997927114367485,4745.583371436805,11.121430397033691
56211,2,17160,0.5662329792976379,0.6184502210764623,0.0002,0.12719708681106567,4747.238012914223,11.121430397033691
56231,2,17180,0.6642312407493591,0.6184764645365558,0.0002,0.10556259751319885,4748.9744912886845,11.121430397033691
56251,2,17200,0.5884074568748474,0.6184731620164832,0.0002,0.12041235715150833,4749.717477216242,11.121430397033691
56271,2,17220,0.6007440090179443,0.6184838983319257,0.0002,0.11848074942827225,4745.7981908908405,11.121430397033691
56291,2,17240,0.5748226046562195,0.618491428637812,0.0002,0.11938705295324326,4747.519307766629,11.121430397033691
56311,2,17260,0.5518624186515808,0.618497383806166,0.0002,0.08824082463979721,4749.250177330957,11.121430397033691
56331,2,17280,0.6696276664733887,0.6184873986422532,0.0002,0.1086229607462883,4750.873227897723,11.121430397033691
56351,2,17300,0.5498021245002747,0.618469774300534,0.0002,0.1091034859418869,4746.307713541692,11.121430397033691
56371,2,17320,0.5567027926445007,0.6184585819715679,0.0002,0.10987410694360733,4745.739238718678,11.121430397033691
56391,2,17340,0.6013333797454834,0.618470119631026,0.0002,0.11258862912654877,4747.465173295445,11.121430397033691
56411,2,17360,0.5560696721076965,0.6184612195855639,0.0002,0.1224571242928505,4749.131454346309,11.121430397033691
56431,2,17380,0.5617234110832214,0.6184442178541759,0.0002,0.10214448720216751,4744.955551793484,11.121430397033691
56451,2,17400,0.5516397953033447,0.6184237613195513,0.0002,0.11294852197170258,4739.739314981438,11.121430397033691
56471,2,17420,0.5762854814529419,0.6184167946926127,0.0002,0.1320563107728958,4741.408288325817,11.121430397033691
56491,2,17440,0.5264614820480347,0.6183982842633554,0.0002,0.0962531641125679,4736.669374961334,11.121430397033691
56511,2,17460,0.5368188619613647,0.6184016264402254,0.0002,0.1056065559387207,4733.257995022145,11.121430397033691
56531,2,17480,0.5916833281517029,0.6183816142446814,0.0002,0.11368262022733688,4735.041377292677,11.121430397033691
56551,2,17500,0.5809280872344971,0.6183659792963444,0.0002,0.10692521184682846,4736.7314325370835,11.121430397033691
56571,2,17520,0.6299957036972046,0.6183508155404334,0.0002,0.13856379687786102,4738.449563299557,11.121430397033691
56591,2,17540,0.6215755939483643,0.6183475094753145,0.0002,0.1076669842004776,4740.135147878484,11.121430397033691
56611,2,17560,0.5490438342094421,0.6183386181550069,0.0002,0.1299997866153717,4741.7589687999325,11.121430397033691
56631,2,17580,0.6623362898826599,0.6183283933282523,0.0002,0.12550882995128632,4743.458423547261,11.121430397033691
56651,2,17600,0.5906345248222351,0.6183230396639572,0.0002,0.09685218334197998,4745.164186903774,11.121430397033691
56671,2,17620,0.651164710521698,0.6183152908138578,0.0002,0.11202189326286316,4746.867105133689,11.121430397033691
56691,2,17640,0.5759458541870117,0.6183076948041433,0.0002,0.10986889153718948,4743.353737980799,11.121430397033691
56711,2,17660,0.615054726600647,0.61829922286668,0.0002,0.12592658400535583,4745.051837501793,11.121430397033691
56731,2,17680,0.5367845296859741,0.6182660933754938,0.0002,0.1848878562450409,4746.632962285288,11.121430397033691
56751,2,17700,0.7100059390068054,0.6182572851084714,0.0002,0.1163218542933464,4747.5989840374505,11.121430397033691
56771,2,17720,0.5597630739212036,0.618254438177064,0.0002,0.1218581572175026,4743.73257242408,11.121430397033691
56791,2,17740,0.6282016634941101,0.6182462394972662,0.0002,0.12578557431697845,4744.440257458223,11.121430397033691
56811,2,17760,0.6055670380592346,0.618243489079106,0.0002,0.11203597486019135,4739.789298276776,11.121430397033691
56831,2,17780,0.688047468662262,0.6182305200281051,0.0002,0.11292187869548798,4741.46289668405,11.121430397033691
56851,2,17800,0.6535101532936096,0.6182446776642463,0.0002,0.13759391009807587,4736.593895854134,11.121430397033691
56871,2,17820,0.6449945569038391,0.6182629235272196,0.0002,0.13368262350559235,4736.316530908612,11.121430397033691
56891,2,17840,0.5917273759841919,0.6182682429642159,0.0002,0.10279715061187744,4733.226361242554,11.121430397033691
56911,2,17860,0.5504804849624634,0.6182662069547745,0.0002,0.10154929757118225,4728.122402212965,11.121430397033691
56931,2,17880,0.6333895921707153,0.6182742987016245,0.0002,0.10297394543886185,4729.819546182778,11.121430397033691
56951,2,17900,0.5955307483673096,0.6182851832484063,0.0002,0.0950937494635582,4731.510279959382,11.121430397033691
56971,2,17920,0.5750343203544617,0.6182874202845817,0.0002,0.08305864781141281,4733.177691699095,11.121430397033691
56991,2,17940,0.6344712376594543,0.618278824685838,0.0002,0.09960966557264328,4734.788269808191,11.121430397033691
57011,2,17960,0.6673473715782166,0.6182672361573658,0.0002,0.1423342525959015,4736.377491752468,11.121430397033691
57031,2,17980,0.6205410957336426,0.6182713768934012,0.0002,0.08693791925907135,4738.056313076191,11.121430397033691
57051,2,18000,0.6949251294136047,0.6182667287221826,0.0002,0.1410343497991562,4734.884632881397,11.121430397033691
57071,2,18020,0.6061992645263672,0.6182498501146007,0.0002,0.09328258037567139,4735.373826441719,11.121430397033691
57091,2,18040,0.6148353815078735,0.6182425487620181,0.0002,0.1067715436220169,4736.996639859312,11.121430397033691
57111,2,18060,0.6350241899490356,0.6182560749915464,0.0002,0.13745784759521484,4738.591773952532,11.121430397033691
57131,2,18080,0.5848469734191895,0.6182629780539087,0.0002,0.10640714317560196,4740.262122900625,11.121430397033691
57151,2,18100,0.6067452430725098,0.6182785708198685,0.0002,0.1413116753101349,4741.923206102344,11.121430397033691
57171,2,18120,0.6765623092651367,0.6182809303691904,0.0002,0.1103334128856659,4743.568960962674,11.121430397033691
57191,2,18140,0.6039687395095825,0.61826333982568,0.0002,0.11811353266239166,4738.529222487467,11.121430397033691
57211,2,18160,0.5948405265808105,0.6182544722046588,0.0002,0.10936238616704941,4740.191635138017,11.121430397033691
57231,2,18180,0.5368157625198364,0.6182402046284848,0.0002,0.13795948028564453,4735.2604102743335,11.121430397033691
57251,2,18200,0.5946803092956543,0.6182279052078781,0.0002,0.1044040322303772,4736.820575393053,11.121430397033691
57271,2,18220,0.6357997059822083,0.6182298709081421,0.0002,0.11180682480335236,4731.1117667520175,11.121430397033691
57291,2,18240,0.6544851064682007,0.6182290384576257,0.0002,0.13236774504184723,4726.427813047536,11.121430397033691
57311,2,18260,0.5892597436904907,0.618245419721359,0.0002,0.1300942599773407,4728.124370606032,11.121430397033691
57331,2,18280,0.5530454516410828,0.6182289374359223,0.0002,0.11381108313798904,4723.883469373163,11.121430397033691
57351,2,18300,0.6331552267074585,0.6182414266863321,0.0002,0.10889972746372223,4725.559820583849,11.121430397033691
57371,2,18320,0.656852662563324,0.6182438373096736,0.0002,0.10239148139953613,4726.992920850785,11.121430397033691
57391,2,18340,0.6441647410392761,0.6182533098179742,0.0002,0.1117824912071228,4728.645080549769,11.121430397033691
57411,2,18360,0.5952039361000061,0.6182463545337816,0.0002,0.15751391649246216,4730.251473287004,11.121430397033691
57431,2,18380,0.541106104850769,0.6182585681882513,0.0002,0.15420407056808472,4726.299357130461,11.121430397033691
57451,2,18400,0.5889413952827454,0.6182586710637155,0.0002,0.10094625502824783,4727.935825887831,11.121430397033691
57471,2,18420,0.6167116761207581,0.6182746192438349,0.0002,0.10082153230905533,4729.57808903588,11.121430397033691
57491,2,18440,0.6512754559516907,0.6182697414944933,0.0002,0.19512760639190674,4731.186448781623,11.121430397033691
57511,2,18460,0.5990147590637207,0.6182701902058519,0.0002,0.12416302412748337,4732.740218122637,11.121430397033691
57531,2,18480,0.6365566849708557,0.6182846666245224,0.0002,0.09686032682657242,4734.361934292799,11.121430397033691
57551,2,18500,0.5785053968429565,0.6182792626137271,0.0002,0.10564406961202621,4736.003837058479,11.121430397033691
57571,2,18520,0.613741934299469,0.6182797254038421,0.0002,0.14055779576301575,4737.618992437789,11.121430397033691
57591,2,18540,0.6116561889648438,0.6182903439133552,0.0002,0.10122314840555191,4732.011968501779,11.121430397033691
57611,2,18560,0.6235353946685791,0.6182837993524101,0.0002,0.0942019522190094,4733.581647163764,11.121430397033691
57631,2,18580,0.5858258008956909,0.6182964472776328,0.0002,0.10930383950471878,4735.056519251725,11.121430397033691
57651,2,18600,0.6248489022254944,0.6183019546598842,0.0002,0.09880856424570084,4729.665448050597,11.121430397033691
57671,2,18620,0.6665463447570801,0.6182963789284374,0.0002,0.113428495824337,4724.414520277549,11.121430397033691
57691,2,18640,0.6959308385848999,0.6183017347124733,0.0002,0.09703487902879715,4726.086518748092,11.121430397033691
57711,2,18660,0.615958034992218,0.6183052218209998,0.0002,0.11382922530174255,4721.073143290988,11.121430397033691
57731,2,18680,0.6099411249160767,0.6182938814440938,0.0002,0.11860341578722,4722.6965357933095,11.121430397033691
57751,2,18700,0.5677810311317444,0.6183047422342041,0.0002,0.12826694548130035,4717.602845426225,11.121430397033691
57771,2,18720,0.6998754143714905,0.6183130144245959,0.0002,0.1162925586104393,4719.120851101412,11.121430397033691
57791,2,18740,0.6133976578712463,0.6183132232733676,0.0002,0.09316036105155945,4720.725182265012,11.121430397033691
57811,2,18760,0.6040939688682556,0.6183103648147141,0.0002,0.08173616230487823,4722.311864584397,11.121430397033691
57831,2,18780,0.649598240852356,0.6183080403696484,0.0002,0.1184198409318924,4717.922396665077,11.121430397033691
57851,2,18800,0.6160483956336975,0.6183272228042088,0.0002,0.09766269475221634,4719.522552511187,11.121430397033691
57871,2,18820,0.6132813692092896,0.6183384542267435,0.0002,0.1067887395620346,4721.135534993417,11.121430397033691
57891,2,18840,0.5991454124450684,0.6183282176344498,0.0002,0.08169151842594147,4722.718612380789,11.121430397033691
57911,2,18860,0.5918322801589966,0.6183274567193673,0.0002,0.1322292685508728,4724.206734657245,11.121430397033691
57931,2,18880,0.6287582516670227,0.6183322674452805,0.0002,0.11671648174524307,4725.773167771871,11.121430397033691
57951,2,18900,0.5840198993682861,0.6183411713177497,0.0002,0.13984709978103638,4727.3976421934585,11.121430397033691
57971,2,18920,0.5859299898147583,0.6183594663830717,0.0002,0.10275373607873917,4728.996502429531,11.121430397033691
57991,2,18940,0.6288000345230103,0.618352528916074,0.0002,0.11115910112857819,4730.583606923946,11.121430397033691
58011,2,18960,0.6089583039283752,0.6183508903800076,0.0002,0.10693001747131348,4725.972982015697,11.121430397033691
58031,2,18980,0.7066271901130676,0.6183803591904234,0.0002,0.15965689718723297,4727.449952819348,11.121430397033691
58051,2,19000,0.6308917999267578,0.618381681132109,0.0002,0.12306122481822968,4729.052915861834,11.121430397033691
58071,2,19020,0.6138437390327454,0.6183945913291764,0.0002,0.11622951924800873,4722.899572245778,11.121430397033691
58091,2,19040,0.6894218325614929,0.618396589801317,0.0002,0.10033432394266129,4717.836976001759,11.121430397033691
58111,2,19060,0.6559427976608276,0.6184017690638401,0.0002,0.15634481608867645,4713.571274582655,11.121430397033691
58131,2,19080,0.7175426483154297,0.6184103245941812,0.0002,0.11593518406152725,4708.496086307132,11.121430397033691
58151,2,19100,0.5427117943763733,0.6184004279474612,0.0002,0.08633262664079666,4710.097781551794,11.121430397033691
58171,2,19120,0.5893261432647705,0.6183908014006959,0.0002,0.08127472549676895,4705.886939064694,11.121430397033691
58191,2,19140,0.5919622182846069,0.6183911690195294,0.0002,0.1029655784368515,4707.43900512625,11.121430397033691
58211,2,19160,0.60362708568573,0.6183898748177526,0.0002,0.12438520044088364,4709.004442136271,11.121430397033691
58231,2,19180,0.572548508644104,0.6183846525610249,0.0002,0.14759710431098938,4710.559766914156,11.121430397033691
58251,2,19200,0.5494129061698914,0.6183899826068542,0.0002,0.1322409063577652,4706.341918043346,11.121430397033691
58271,2,19220,0.6655648350715637,0.6183866467902225,0.0002,0.12967371940612793,4707.895486973301,11.121430397033691
58291,2,19240,0.5990715622901917,0.6183855882799687,0.0002,0.0966394692659378,4709.362127282885,11.121430397033691
58311,2,19260,0.574213445186615,0.6183787194296133,0.0002,0.1445576548576355,4710.907036319308,11.121430397033691
58331,2,19280,0.5768691301345825,0.6183901993056637,0.0002,0.09247331321239471,4712.458346047025,11.121430397033691
58351,2,19300,0.7120398879051208,0.6183884866930641,0.0002,0.11744049191474915,4713.999236731557,11.121430397033691
58371,2,19320,0.6286699175834656,0.6183900951236418,0.0002,0.16315171122550964,4715.52282094962,11.121430397033691
58391,2,19340,0.626106858253479,0.6184056436432382,0.0002,0.12343396246433258,4717.0820739907695,11.121430397033691
58411,2,19360,0.5336335301399231,0.6184028289057384,0.0002,0.1009201928973198,4712.624201211023,11.121430397033691
58431,2,19380,0.6216475963592529,0.6184079222472344,0.0002,0.1167413741350174,4708.170709192444,11.121430397033691
58451,2,19400,0.5892392992973328,0.6184136360449405,0.0002,0.12493074685335159,4709.719480169635,11.121430397033691
58471,2,19420,0.6539078950881958,0.6184138260387163,0.0002,0.1268499791622162,4709.822420054191,11.121430397033691
58491,2,19440,0.6101027131080627,0.6184141702178463,0.0002,0.13463014364242554,4705.774124370033,11.121430397033691
58511,2,19460,0.5565807819366455,0.6184198656891028,0.0002,0.1023515835404396,4704.34208254204,11.121430397033691
58531,2,19480,0.562187135219574,0.6184075507714812,0.0002,0.11880836635828018,4705.841705701397,11.121430397033691
58551,2,19500,0.6261793971061707,0.6184051279581168,0.0002,0.12405669689178467,4700.491608720528,11.121430397033691
58571,2,19520,0.6664615273475647,0.6184002953813132,0.0002,0.13559791445732117,4695.923719523129,11.121430397033691
58591,2,19540,0.6594893336296082,0.6184049635628,0.0002,0.13872574269771576,4697.4810867468195,11.121430397033691
58611,2,19560,0.59126216173172,0.6184093952891412,0.0002,0.14791403710842133,4699.0179289704565,11.121430397033691
58631,2,19580,0.595605194568634,0.6184105381358823,0.0002,0.11682954430580139,4700.565148528349,11.121430397033691
58651,2,19600,0.5851308703422546,0.6184119797445512,0.0002,0.1330261528491974,4702.0638331152995,11.121430397033691
58671,2,19620,0.5995482206344604,0.6184164399147476,0.0002,0.1082414761185646,4697.777969934226,11.121430397033691
58691,2,19640,0.5927554965019226,0.618413803160586,0.0002,0.10956848412752151,4699.277671682509,11.121430397033691
58711,2,19660,0.6013307571411133,0.6184122177444684,0.0002,0.10465868562459946,4700.822838167582,11.121430397033691
58731,2,19680,0.5906522870063782,0.6184057263173427,0.0002,0.10840577632188797,4702.357303104939,11.121430397033691
58751,2,19700,0.5708795785903931,0.6184042055683338,0.0002,0.1040508970618248,4703.883666609594,11.121430397033691
58771,2,19720,0.5565407872200012,0.6184026824328864,0.0002,0.10153236985206604,4705.403997572309,11.121430397033691
58791,2,19740,0.6014882922172546,0.6184110238893824,0.0002,0.11362771689891815,4706.928768471234,11.121430397033691
58811,2,19760,0.634371817111969,0.6184122231293547,0.0002,0.1119888573884964,4708.3884767449235,11.121430397033691
58831,2,19780,0.5853726863861084,0.618427610134425,0.0002,0.07829105854034424,4703.526757168708,11.121430397033691
58851,2,19800,0.5834940075874329,0.6184124417442577,0.0002,0.1307993084192276,4700.0796426884135,11.121430397033691
58871,2,19820,0.6218058466911316,0.6184076180867757,0.0002,0.11594823002815247,4695.03212465872,11.121430397033691
58891,2,19840,0.6391083598136902,0.6184158640730893,0.0002,0.17553091049194336,4696.587949228336,11.121430397033691
58911,2,19860,0.6308436393737793,0.6184138336609658,0.0002,0.09614875912666321,4691.868331289426,11.121430397033691
58931,2,19880,0.528138279914856,0.6184175762538006,0.0002,0.09234388172626495,4693.389387230186,11.121430397033691
58951,2,19900,0.6595360040664673,0.6184346819125479,0.0002,0.1124272570014,4694.810272781275,11.121430397033691
58971,2,19920,0.6068789958953857,0.6184213456310499,0.0002,0.10987960547208786,4689.812562019422,11.121430397033691
58991,2,19940,0.6285531520843506,0.6184176887995855,0.0002,0.137907013297081,4685.60130328408,11.121430397033691
59011,2,19960,0.5908600091934204,0.6184272214511397,0.0002,0.13474315404891968,4687.133412596229,11.121430397033691
59031,2,19980,0.6574581861495972,0.6184278885828918,0.0002,0.10940933227539062,4688.640342328844,11.121430397033691
59051,2,20000,0.604993999004364,0.6184272395770056,0.0002,0.11298087984323502,4690.087812967113,11.121430397033691
59071,2,20020,0.5860345363616943,0.6184018518228976,0.0002,0.10955007374286652,4690.641399922802,11.121430397033691
59091,2,20040,0.5924132466316223,0.6184073748018721,0.0002,0.11158586293458939,4686.55536505048,11.121430397033691
59111,2,20060,0.5848568081855774,0.618413906995516,0.0002,0.10167644917964935,4688.085448708654,11.121430397033691
59131,2,20080,0.5949981212615967,0.6184232333867381,0.0002,0.12375883758068085,4689.57344565684,11.121430397033691
59151,2,20100,0.5612781047821045,0.6184239417376173,0.0002,0.11503137648105621,4691.032661783754,11.121430397033691
59171,2,20120,0.6331658959388733,0.6184151345606571,0.0002,0.10737944394350052,4692.525317582752,11.121430397033691
59191,2,20140,0.6298462152481079,0.6184363365113942,0.0002,0.12889984250068665,4693.956515793505,11.121430397033691
59211,2,20160,0.6133780479431152,0.6184451828779924,0.0002,0.09090536832809448,4695.44083408855,11.121430397033691
59231,2,20180,0.7055847644805908,0.6184491931828991,0.0002,0.10394454747438431,4696.923807325971,11.121430397033691
59251,2,20200,0.6682371497154236,0.6184652117249774,0.0002,0.12494438141584396,4692.250428117355,11.121430397033691
59271,2,20220,0.670997679233551,0.6184844127402463,0.0002,0.11448957026004791,4693.4138244206015,11.121430397033691
59291,2,20240,0.6643702387809753,0.618490217999832,0.0002,0.12996846437454224,4688.919180435191,11.121430397033691
59311,2,20260,0.6294519901275635,0.618492613419984,0.0002,0.10845699906349182,4690.331466838119,11.121430397033691
59331,2,20280,0.6401239633560181,0.6185018526550357,0.0002,0.11664959788322449,4685.329537679321,11.121430397033691
59351,2,20300,0.627909243106842,0.6184961425719084,0.0002,0.08506069332361221,4686.801657967001,11.121430397033691
59371,2,20320,0.7132827043533325,0.6185116221900324,0.0002,0.14928285777568817,4682.5724621340905,11.121430397033691
59391,2,20340,0.584644079208374,0.6185124953786962,0.0002,0.09791644662618637,4684.10908860896,11.121430397033691
59411,2,20360,0.6027485132217407,0.6185082364319593,0.0002,0.21706020832061768,4680.352466087623,11.121430397033691
59431,2,20380,0.6340952515602112,0.6185074349540907,0.0002,0.09671171009540558,4681.821685013102,11.121430397033691
59451,2,20400,0.6858171820640564,0.6185262710040536,0.0002,0.1255948394536972,4683.217780177295,11.121430397033691
59471,2,20420,0.606715977191925,0.618529588499954,0.0002,0.1492430567741394,4684.694273964415,11.121430397033691
59491,2,20440,0.6121821403503418,0.6185169859850799,0.0002,0.1058897078037262,4680.545044837703,11.121430397033691
59511,2,20460,0.5690350532531738,0.6185175446280893,0.0002,0.11245717108249664,4682.049790367475,11.121430397033691
59531,2,20480,0.5790416598320007,0.6185291307555913,0.0002,0.11803518980741501,4683.534430390879,11.121430397033691
59551,2,20500,0.5710914134979248,0.6185365461724132,0.0002,0.09791679680347443,4685.01265244887,11.121430397033691
59571,2,20520,0.5032923817634583,0.6185355175921451,0.0002,0.08032645285129547,4686.468592209683,11.121430397033691
59591,2,20540,0.5978233218193054,0.6185398334664156,0.0002,0.10425528883934021,4687.877797966748,11.121430397033691
59611,2,20560,0.6712263226509094,0.618544675780548,0.0002,0.10983046144247055,4689.327902402972,11.121430397033691
59631,2,20580,0.6005158424377441,0.6185559683104161,0.0002,0.10867363959550858,4690.789306043748,11.121430397033691
59651,2,20600,0.6250931024551392,0.618554286164434,0.0002,0.09343688189983368,4692.254670321392,11.121430397033691
59671,2,20620,0.6254788041114807,0.6185620767202622,0.0002,0.10783467441797256,4687.601050549218,11.121430397033691
59691,2,20640,0.5922045111656189,0.6185902339439394,0.0002,0.11353763937950134,4689.090296817688,11.121430397033691
59711,2,20660,0.6027989387512207,0.6185948258483543,0.0002,0.12705539166927338,4684.235972763879,11.121430397033691
59731,2,20680,0.6352591514587402,0.6185977600203363,0.0002,0.11847138404846191,4685.724381639457,11.121430397033691
59751,2,20700,0.6436082720756531,0.618602697698097,0.0002,0.10163916647434235,4682.750779604083,11.121430397033691
59771,2,20720,0.5832482576370239,0.6186128964526305,0.0002,0.12777210772037506,4684.210151388529,11.121430397033691
59791,2,20740,0.5867168307304382,0.6186179348262778,0.0002,0.11791950464248657,4679.89332514459,11.121430397033691
59811,2,20760,0.6783854961395264,0.6186386058354506,0.0002,0.12601302564144135,4676.502090952056,11.121430397033691
59831,2,20780,0.6861172318458557,0.6186509619266052,0.0002,0.14087940752506256,4678.0012269749595,11.121430397033691
59851,2,20800,0.6343435645103455,0.6186446389431991,0.0002,0.16431784629821777,4679.391993145155,11.121430397033691
59871,2,20820,0.6056196689605713,0.6186259202822906,0.0002,0.10090579092502594,4680.832710053097,11.121430397033691
59891,2,20840,0.6091136932373047,0.6186154874748022,0.0002,0.08485288918018341,4682.233098765994,11.121430397033691
59911,2,20860,0.631847620010376,0.6186205268979579,0.0002,0.10544069856405258,4678.343680819393,11.121430397033691
59931,2,20880,0.6047260165214539,0.6186237160137427,0.0002,0.10760795325040817,4679.712171820213,11.121430397033691
59951,2,20900,0.5457868576049805,0.6186122881497331,0.0002,0.07924626767635345,4681.17641887335,11.121430397033691
59971,2,20920,0.5999702215194702,0.618604405879964,0.0002,0.09614302963018417,4682.612765159267,11.121430397033691
59991,2,20940,0.6350857615470886,0.6186117093124022,0.0002,0.12170986831188202,4683.996613351545,11.121430397033691
60011,2,20960,0.6178167462348938,0.618613959423649,0.0002,0.12736251950263977,4685.449004061736,11.121430397033691
60031,2,20980,0.6135377287864685,0.61860855310149,0.0002,0.1383400559425354,4686.841776145483,11.121430397033691
60051,2,21000,0.6353011727333069,0.6186162496318441,0.0002,0.12547458708286285,4688.2723035522995,11.121430397033691
60071,2,21020,0.6153758764266968,0.6186100900834347,0.0002,0.11219765990972519,4688.137086136147,11.121430397033691
60091,2,21040,0.6865706443786621,0.6186113623652973,0.0002,0.16984954476356506,4684.419879967398,11.121430397033691
60111,2,21060,0.5549477934837341,0.6186174894235313,0.0002,0.09988497197628021,4680.706237043555,11.121430397033691
60131,2,21080,0.7096011638641357,0.6186187018439928,0.0002,0.16717420518398285,4681.899544206573,11.121430397033691
60151,2,21100,0.6395953893661499,0.6186168808737655,0.0002,0.13779707252979279,4683.287450773863,11.121430397033691
60171,2,21120,0.6493860483169556,0.6186280452594971,0.0002,0.12871800363063812,4684.700836032806,11.121430397033691
60191,2,21140,0.604641854763031,0.618621617496078,0.0002,0.12186622619628906,4680.073213695819,11.121430397033691
60211,2,21160,0.5883322954177856,0.6186211778872132,0.0002,0.0989697277545929,4676.101864033284,11.121430397033691
60231,2,21180,0.623049795627594,0.618611506672109,0.0002,0.092195525765419,4677.495827273127,11.121430397033691
60251,2,21200,0.6417003273963928,0.6186138089217982,0.0002,0.12712396681308746,4678.878795842935,11.121430397033691
60271,2,21220,0.5763189792633057,0.6186076745064903,0.0002,0.10879620164632797,4680.334033110513,11.121430397033691
60291,2,21240,0.6504755020141602,0.6186242889717786,0.0002,0.12646450102329254,4681.7476591416535,11.121430397033691
60311,2,21260,0.5305845737457275,0.6186253784941811,0.0002,0.13241933286190033,4677.128146158694,11.121430397033691
60331,2,21280,0.7254483103752136,0.6186191011061389,0.0002,0.09668757766485214,4678.574811506918,11.121430397033691
60351,2,21300,0.6114187240600586,0.6186280010461482,0.0002,0.10600925981998444,4680.0193997432725,11.121430397033691
60371,2,21320,0.62127685546875,0.6186298498663715,0.0002,0.1397169828414917,4681.366751271942,11.121430397033691
60391,2,21340,0.6503443121910095,0.6186198997235306,0.0002,0.1278441995382309,4682.807131423371,11.121430397033691
60411,2,21360,0.6249452233314514,0.6186194948707151,0.0002,0.11038713157176971,4684.231081562655,11.121430397033691
60431,2,21380,0.5145432353019714,0.6186114007168407,0.0002,0.10126042366027832,4685.648049622752,11.121430397033691
60451,2,21400,0.6511306166648865,0.618606428553381,0.0002,0.15885277092456818,4687.038794564655,11.121430397033691
60471,2,21420,0.6070594787597656,0.618604541230402,0.0002,0.10724222660064697,4683.053649459049,11.121430397033691
60491,2,21440,0.622286856174469,0.6185990294002212,0.0002,0.1277596652507782,4684.425520400624,11.121430397033691
60511,2,21460,0.6182953119277954,0.6186126271962763,0.0002,0.10208521038293839,4680.635607754026,11.121430397033691
60531,2,21480,0.6296710968017578,0.6186112207557707,0.0002,0.10768623650074005,4676.856740696381,11.121430397033691
60551,2,21500,0.6173940300941467,0.6186056132529845,0.0002,0.13506191968917847,4672.776907609459,11.121430397033691
60571,2,21520,0.6256100535392761,0.6186082360483182,0.0002,0.1148047223687172,4674.196087245248,11.121430397033691
60591,2,21540,0.5018534660339355,0.6186208940375554,0.0002,0.1103854775428772,4669.368617673071,11.121430397033691
60611,2,21560,0.6013519167900085,0.618629483390468,0.0002,0.10865132510662079,4665.38617978034,11.121430397033691
60631,2,21580,0.6442593336105347,0.6186409518793676,0.0002,0.09747809171676636,4666.723845447731,11.121430397033691
60651,2,21600,0.6600598692893982,0.6186514619799044,0.0002,0.11752531677484512,4668.116611228308,11.121430397033691
60671,2,21620,0.6065685153007507,0.6186546366929895,0.0002,0.09462989866733551,4669.525231168822,11.121430397033691
60691,2,21640,0.6104668974876404,0.6186502127103656,0.0002,0.1154933050274849,4670.938455038883,11.121430397033691
60711,2,21660,0.6113206744194031,0.6186519462644232,0.0002,0.10593324154615402,4672.345881009982,11.121430397033691
60731,2,21680,0.5553430914878845,0.6186541888929195,0.0002,0.09972875565290451,4668.74957785157,11.121430397033691
60751,2,21700,0.5877882242202759,0.6186726789543338,0.0002,0.08592153340578079,4670.152697863721,11.121430397033691
60771,2,21720,0.5689884424209595,0.6186691766133527,0.0002,0.12474720925092697,4671.487600347724,11.121430397033691
60791,2,21740,0.6297348737716675,0.6186780382348934,0.0002,0.0873960480093956,4672.886794732198,11.121430397033691
60811,2,21760,0.6566246151924133,0.6186789013067305,0.0002,0.11634597927331924,4674.253180454849,11.121430397033691
60831,2,21780,0.6694770455360413,0.6186869473344832,0.0002,0.11274973303079605,4675.661993446966,11.121430397033691
60851,2,21800,0.6520742177963257,0.6186873610363823,0.0002,0.10536468774080276,4677.0149733608605,11.121430397033691
60871,2,21820,0.5679516196250916,0.6187002911641856,0.0002,0.09381506592035294,4678.363444111231,11.121430397033691
60891,2,21840,0.6116811037063599,0.6187003611498146,0.0002,0.10825561732053757,4674.848216767374,11.121430397033691
60911,2,21860,0.6240726113319397,0.6187054243540733,0.0002,0.11461050808429718,4670.802142087673,11.121430397033691
60931,2,21880,0.5988115072250366,0.6187093250169099,0.0002,0.12995682656764984,4670.3617099814155,11.121430397033691
60951,2,21900,0.6243969202041626,0.6187037906912943,0.0002,0.1379574090242386,4668.499881003992,11.121430397033691
60971,2,21920,0.6067640781402588,0.6186882758881129,0.0002,0.11244042217731476,4669.907624679133,11.121430397033691
60991,2,21940,0.6025345921516418,0.618688162679874,0.0002,0.09603957831859589,4665.418744681528,11.121430397033691
61011,2,21960,0.5988156199455261,0.6186794776783437,0.0002,0.10624659806489944,4666.802907415475,11.121430397033691
61031,2,21980,0.6495936512947083,0.6186836574246779,0.0002,0.09827800840139389,4662.953789258878,11.121430397033691
61051,2,22000,0.6251965165138245,0.6186853855172947,0.0002,0.10660990327596664,4664.344775665642,11.121430397033691
61071,2,22020,0.5734947919845581,0.6186704045455982,0.0002,0.11741136759519577,4664.982031720579,11.121430397033691
61091,2,22040,0.6470986008644104,0.6186706856259814,0.0002,0.11977514624595642,4666.351829280528,11.121430397033691
61111,2,22060,0.6809895038604736,0.6186643053131432,0.0002,0.1212693378329277,4667.729737679694,11.121430397033691
61131,2,22080,0.6783462762832642,0.6186717100406535,0.0002,0.11513876914978027,4664.471384203838,11.121430397033691
61151,2,22100,0.6947071552276611,0.6186626275712737,0.0002,0.1198977530002594,4665.879359792569,11.121430397033691
61171,2,22120,0.648585855960846,0.6186607037909164,0.0002,0.12624412775039673,4667.253152813602,11.121430397033691
61191,2,22140,0.549293577671051,0.618657378948032,0.0002,0.12366308271884918,4668.636526944728,11.121430397033691
61211,2,22160,0.6384595036506653,0.6186567123366098,0.0002,0.09423702210187912,4669.998477560049,11.121430397033691
61231,2,22180,0.6412872076034546,0.6186625711737112,0.0002,0.07623105496168137,4671.384214210728,11.121430397033691
61251,2,22200,0.6172996759414673,0.6186598689926847,0.0002,0.08299481123685837,4672.73630798847,11.121430397033691
61271,2,22220,0.6734909415245056,0.6186730353116495,0.0002,0.13076414167881012,4674.028707416699,11.121430397033691
61291,2,22240,0.5743148326873779,0.6186710914182636,0.0002,0.108929343521595,4675.375864371274,11.121430397033691
61311,2,22260,0.6172747611999512,0.6186776881659309,0.0002,0.09123923629522324,4671.423233723158,11.121430397033691
61331,2,22280,0.6603445410728455,0.6186783456145055,0.0002,0.11150916665792465,4666.376615789696,11.121430397033691
61351,2,22300,0.5820236206054688,0.6186685910382175,0.0002,0.12000316381454468,4666.352010723324,11.121430397033691
61371,2,22320,0.6093910336494446,0.6186812526693737,0.0002,0.09244639426469803,4664.635371382108,11.121430397033691
61391,2,22340,0.6401615142822266,0.6186999268582599,0.0002,0.11548242717981339,4665.990169388375,11.121430397033691
61411,2,22360,0.6357725858688354,0.6187077896592406,0.0002,0.1428106129169464,4662.592598575584,11.121430397033691
61431,2,22380,0.670076310634613,0.6187164133694143,0.0002,0.14537815749645233,4663.943520515604,11.121430397033691
61451,2,22400,0.6273823380470276,0.6187169799030718,0.0002,0.10697998851537704,4660.036039265158,11.121430397033691
61471,2,22420,0.5649641156196594,0.618713773018458,0.0002,0.08251389116048813,4661.440791735046,11.121430397033691
61491,2,22440,0.6712616086006165,0.6186997601954614,0.0002,0.1166074201464653,4662.723378808649,11.121430397033691
61511,2,22460,0.6085143089294434,0.6186839032915026,0.0002,0.11294032633304596,4664.060993727329,11.121430397033691
61531,2,22480,0.6150162816047668,0.6186866565315651,0.0002,0.09053394198417664,4665.353295285665,11.121430397033691
61551,2,22500,0.6815034747123718,0.6186720563339154,0.0002,0.11879033595323563,4662.022803654186,11.121430397033691
61571,2,22520,0.628596842288971,0.6186879935819005,0.0002,0.15435126423835754,4663.355160861948,11.121430397033691
61591,2,22540,0.5946680903434753,0.618690394731753,0.0002,0.09124606102705002,4664.69849388456,11.121430397033691
61611,2,22560,0.6959165930747986,0.6186981861711803,0.0002,0.11250389367341995,4666.043730650327,11.121430397033691
61631,2,22580,0.608208179473877,0.6187066223789173,0.0002,0.08571576327085495,4667.399586448517,11.121430397033691
61651,2,22600,0.6237961053848267,0.6187021065468203,0.0002,0.13362684845924377,4668.728500622734,11.121430397033691
61671,2,22620,0.6180126070976257,0.6186967475718957,0.0002,0.13208067417144775,4669.971743289393,11.121430397033691
61691,2,22640,0.5829104781150818,0.6187024645105744,0.0002,0.12370243668556213,4671.308526923552,11.121430397033691
61711,2,22660,0.6076825261116028,0.6186948600321021,0.0002,0.12375667691230774,4668.683228118662,11.121430397033691
61731,2,22680,0.7358139753341675,0.6186844598753419,0.0002,0.11615131795406342,4668.081488844572,11.121430397033691
61751,2,22700,0.5454057455062866,0.6186775731041563,0.0002,0.08562209457159042,4666.760296466529,11.121430397033691
61771,2,22720,0.6486843824386597,0.6186708492105144,0.0002,0.14354562759399414,4662.932787105944,11.121430397033691
61791,2,22740,0.5957140326499939,0.6186711107251506,0.0002,0.1247498020529747,4664.237560651529,11.121430397033691
61811,2,22760,0.6434713006019592,0.6186808813822188,0.0002,0.1405213177204132,4665.482051988613,11.121430397033691
61831,2,22780,0.5922062993049622,0.6186737998588636,0.0002,0.106695257127285,4666.832020791596,11.121430397033691
61851,2,22800,0.6036269068717957,0.6186634420969309,0.0002,0.10218651592731476,4668.1434310433315,11.121430397033691
61871,2,22820,0.5716791152954102,0.6186543691937887,0.0002,0.08587747067213058,4664.155496879095,11.121430397033691
61891,2,22840,0.5593497157096863,0.6186483032765798,0.0002,0.12171371281147003,4665.482364910592,11.121430397033691
61911,2,22860,0.5596678256988525,0.6186346087572415,0.0002,0.13357143104076385,4666.76091113178,11.121430397033691
61931,2,22880,0.6025471091270447,0.6186158603685664,0.0002,0.09615638107061386,4667.995202230818,11.121430397033691
61951,2,22900,0.6136412024497986,0.6186019991986659,0.0002,0.13301821053028107,4663.427814982817,11.121430397033691
61971,2,22920,0.6250238418579102,0.6185901485458493,0.0002,0.11262032389640808,4664.754674581914,11.121430397033691
61991,2,22940,0.609571635723114,0.6185848600342126,0.0002,0.1488281786441803,4666.067596886422,11.121430397033691
62011,2,22960,0.5851610898971558,0.6185745375546299,0.0002,0.12135003507137299,4667.3536180348565,11.121430397033691
62031,2,22980,0.5543097853660583,0.618563432640831,0.0002,0.13022752106189728,4668.678349494286,11.121430397033691
62051,2,23000,0.6332407593727112,0.6185598691470532,0.0002,0.13608908653259277,4669.973607818821,11.121430397033691
62071,2,23020,0.5853939056396484,0.6185545312773676,0.0002,0.16723573207855225,4670.486980314159,11.121430397033691
62091,2,23040,0.5848715305328369,0.6185455892449779,0.0002,0.11602330207824707,4666.362021157807,11.121430397033691
62111,2,23060,0.5811182856559753,0.6185381497485264,0.0002,0.12596701085567474,4667.698622427654,11.121430397033691
62131,2,23080,0.6344911456108093,0.6185400108301075,0.0002,0.11746212095022202,4669.0329968841115,11.121430397033691
62151,2,23100,0.6204161047935486,0.618530754796516,0.0002,0.12388695031404495,4664.9968569999955,11.121430397033691
62171,2,23120,0.5915609002113342,0.6185276149798377,0.0002,0.12135933339595795,4666.260805631377,11.121430397033691
62191,2,23140,0.6430729031562805,0.6185227802279673,0.0002,0.1046328991651535,4662.343697474808,11.121430397033691
62211,2,23160,0.6177647709846497,0.6185199226157255,0.0002,0.12210902571678162,4663.657190897791,11.121430397033691
62231,2,23180,0.575146496295929,0.6184977844097846,0.0002,0.10380493104457855,4664.971733576527,11.121430397033691
62251,2,23200,0.6044740676879883,0.6184909811865814,0.0002,0.1168547049164772,4666.233238064456,11.121430397033691
62271,2,23220,0.5407301187515259,0.6184854768831242,0.0002,0.1024969220161438,4667.492682310602,11.121430397033691
62291,2,23240,0.5580001473426819,0.6184856270005347,0.0002,0.11561790108680725,4663.649097874319,11.121430397033691
62311,2,23260,0.6272671222686768,0.6184817977214409,0.0002,0.14032679796218872,4664.874692420021,11.121430397033691
62331,2,23280,0.6211593151092529,0.618475290029683,0.0002,0.1162695586681366,4666.119142571798,11.121430397033691
62351,2,23300,0.6356515288352966,0.6184709108558055,0.0002,0.11612924188375473,4667.403224694623,11.121430397033691
62371,2,23320,0.5606479048728943,0.6184683786686477,0.0002,0.1128356084227562,4662.55396502886,11.121430397033691
62391,2,23340,0.6286233067512512,0.6184801752919894,0.0002,0.12159591168165207,4663.830710153709,11.121430397033691
62411,2,23360,0.5561423897743225,0.6184678932426059,0.0002,0.13515231013298035,4665.119880349522,11.121430397033691
62431,2,23380,0.5702766180038452,0.6184615792635565,0.0002,0.10564087331295013,4666.36051446104,11.121430397033691
62451,2,23400,0.5884477496147156,0.6184613069712906,0.0002,0.11666976660490036,4667.627572124653,11.121430397033691
62471,2,23420,0.5601959228515625,0.6184505199196001,0.0002,0.10452667623758316,4668.903873914531,11.121430397033691
62491,2,23440,0.5872707366943359,0.6184424736348891,0.0002,0.12891289591789246,4665.361562307365,11.121430397033691
62511,2,23460,0.6397708654403687,0.6184428759707471,0.0002,0.08572453260421753,4666.6688934561735,11.121430397033691
62531,2,23480,0.6263443827629089,0.6184448529083829,0.0002,0.11481322348117828,4667.946830508378,11.121430397033691
62551,2,23500,0.563830554485321,0.6184355638988412,0.0002,0.19462603330612183,4664.139846714933,11.121430397033691
62571,2,23520,0.6171923279762268,0.6184427423325372,0.0002,0.11867343634366989,4665.4674524520515,11.121430397033691
62591,2,23540,0.5611956119537354,0.6184352781721768,0.0002,0.1335659772157669,4662.189722922532,11.121430397033691
62611,2,23560,0.5997095704078674,0.6184208964370319,0.0002,0.09838704019784927,4663.464178725373,11.121430397033691
62631,2,23580,0.6153985857963562,0.6184128247283215,0.0002,0.15605998039245605,4664.774226987135,11.121430397033691
62651,2,23600,0.6205904483795166,0.618406545642187,0.0002,0.07984700053930283,4666.053257080077,11.121430397033691
62671,2,23620,0.6073475480079651,0.618399765808947,0.0002,0.09940915554761887,4667.359408179342,11.121430397033691
62691,2,23640,0.6109275221824646,0.6183924662507218,0.0002,0.12806354463100433,4668.55233065183,11.121430397033691
62711,2,23660,0.6313049793243408,0.6183845437421481,0.0002,0.1175890564918518,4664.907129292384,11.121430397033691
62731,2,23680,0.6313715577125549,0.6183720815547065,0.0002,0.08678567409515381,4666.159572847198,11.121430397033691
62751,2,23700,0.5744097232818604,0.6183606732882241,0.0002,0.10927147418260574,4667.416935901511,11.121430397033691
62771,2,23720,0.5391444563865662,0.6183485285029486,0.0002,0.10681208968162537,4667.216062615456,11.121430397033691
62791,2,23740,0.5924700498580933,0.6183348297397431,0.0002,0.11889097839593887,4665.448728629484,11.121430397033691
62811,2,23760,0.6654937863349915,0.6183350857092326,0.0002,0.14094717800617218,4666.670489247593,11.121430397033691
62831,2,23780,0.5648379921913147,0.6183247750081126,0.0002,0.09983449429273605,4667.948077797937,11.121430397033691
62851,2,23800,0.6334361433982849,0.6183213034777054,0.0002,0.11714393645524979,4669.133287893346,11.121430397033691
62871,2,23820,0.5963647365570068,0.6183114305364937,0.0002,0.11818189173936844,4670.385330438176,11.121430397033691
62891,2,23840,0.6268587708473206,0.6183067383583051,0.0002,0.11662425100803375,4671.637585247037,11.121430397033691
62911,2,23860,0.5817726254463196,0.6183115319942128,0.0002,0.09050852805376053,4668.833188713277,11.121430397033691
62931,2,23880,0.5746187567710876,0.6183092433687534,0.0002,0.11078138649463654,4669.590651116159,11.121430397033691
62951,2,23900,0.6125746369361877,0.6182915290839168,0.0002,0.1060766726732254,4666.194151320685,11.121430397033691
62971,2,23920,0.6360254883766174,0.618296910934651,0.0002,0.08922678977251053,4662.520372747248,11.121430397033691
62991,2,23940,0.626366913318634,0.6182913410966056,0.0002,0.0899551585316658,4659.23205641812,11.121430397033691
63011,2,23960,0.6090583205223083,0.6182976357318862,0.0002,0.09181410819292068,4660.502430549251,11.121430397033691
63031,2,23980,0.5606071949005127,0.6182846695005281,0.0002,0.12966465950012207,4661.773042699373,11.121430397033691
63051,2,24000,0.6278505921363831,0.6182814598579844,0.0002,0.14653924107551575,4663.014555873418,11.121430397033691
63071,2,24020,0.6064148545265198,0.6182826815728852,0.0002,0.07985217869281769,4663.486783405884,11.121430397033691
63091,2,24040,0.564826488494873,0.6182806191125599,0.0002,0.11915560066699982,4664.695246650101,11.121430397033691
63111,2,24060,0.6044362187385559,0.6182772206878514,0.0002,0.12395000457763672,4665.956317735519,11.121430397033691
63131,2,24080,0.6442069411277771,0.6182830538273525,0.0002,0.15035027265548706,4662.673682746253,11.121430397033691
63151,2,24100,0.5648900270462036,0.6182718867314957,0.0002,0.09622445702552795,4663.936258772845,11.121430397033691
63171,2,24120,0.5255173444747925,0.618271371073915,0.0002,0.09242552518844604,4665.201001870563,11.121430397033691
63191,2,24140,0.5451467037200928,0.6182734583624858,0.0002,0.10628228634595871,4662.153304962995,11.121430397033691
63211,2,24160,0.6423084735870361,0.6182739238743409,0.0002,0.13715477287769318,4663.327034309497,11.121430397033691
63231,2,24180,0.6073768734931946,0.6182604538199291,0.0002,0.11571289598941803,4664.611639182295,11.121430397033691
63251,2,24200,0.6626462936401367,0.6182538099730734,0.0002,0.10116654634475708,4665.855572757558,11.121430397033691
63271,2,24220,0.6008250117301941,0.618253313605044,0.0002,0.10104335099458694,4667.112457974711,11.121430397033691
63291,2,24240,0.7038331627845764,0.6182441898106529,0.0002,0.10150276869535446,4663.518260120569,11.121430397033691
63311,2,24260,0.6402574181556702,0.6182447119859623,0.0002,0.12409035116434097,4664.766433635658,11.121430397033691
63331,2,24280,0.6247912645339966,0.6182472367791934,0.0002,0.13507729768753052,4665.583296704266,11.121430397033691
63351,2,24300,0.6401298642158508,0.6182542370971128,0.0002,0.09220434725284576,4663.208965969057,11.121430397033691
63371,2,24320,0.6944753527641296,0.6182547599906814,0.0002,0.12333764880895615,4659.960751625537,11.121430397033691
63391,2,24340,0.6429649591445923,0.618250627964443,0.0002,0.14015083014965057,4655.958698050744,11.121430397033691
63411,2,24360,0.632310152053833,0.6182423354991335,0.0002,0.11079271137714386,4657.214853820906,11.121430397033691
63431,2,24380,0.6651500463485718,0.6182492176874211,0.0002,0.11941886693239212,4658.478378296059,11.121430397033691
63451,2,24400,0.671931266784668,0.618237800341561,0.0002,0.12378869950771332,4659.722177652122,11.121430397033691
63471,2,24420,0.6876344680786133,0.6182415750115244,0.0002,0.11503351479768753,4661.010343577602,11.121430397033691
63491,2,24440,0.6274335384368896,0.6182390420935043,0.0002,0.12415725737810135,4662.216698044539,11.121430397033691
63511,2,24460,0.6756387948989868,0.6182343906188791,0.0002,0.14829690754413605,4663.482076712372,11.121430397033691
63531,2,24480,0.6460487842559814,0.6182382887483635,0.0002,0.10884802788496017,4660.136504314816,11.121430397033691
63551,2,24500,0.632462203502655,0.6182420918480824,0.0002,0.1319480687379837,4661.390351093509,11.121430397033691
63571,2,24520,0.6267759799957275,0.6182395253789235,0.0002,0.10914870351552963,4662.629851228558,11.121430397033691
63591,2,24540,0.6322222352027893,0.618237210404186,0.0002,0.11584598571062088,4659.017877246983,11.121430397033691
63611,2,24560,0.5598112344741821,0.6182336294897779,0.0002,0.0797378420829773,4660.225608635026,11.121430397033691
63631,2,24580,0.6267038583755493,0.618238195741965,0.0002,0.09525178372859955,4661.485116824529,11.121430397033691
63651,2,24600,0.6400213837623596,0.6182569229129279,0.0002,0.10624448210000992,4662.710663435371,11.121430397033691
63671,2,24620,0.6177242398262024,0.6182591353650424,0.0002,0.12401898950338364,4663.964811623024,11.121430397033691
63691,2,24640,0.595963180065155,0.618271104653065,0.0002,0.11871311813592911,4660.471072114827,11.121430397033691
63711,2,24660,0.6294662952423096,0.618274404464182,0.0002,0.14775450527668,4661.730853467601,11.121430397033691
63731,2,24680,0.6607151627540588,0.6182861807069047,0.0002,0.1298823356628418,4662.968553063093,11.121430397033691
63751,2,24700,0.6221535205841064,0.6182945480796912,0.0002,0.10664501041173935,4658.6472257160885,11.121430397033691
63771,2,24720,0.6283107399940491,0.6182985711190441,0.0002,0.10543688386678696,4659.897015936651,11.121430397033691
63791,2,24740,0.6726965308189392,0.6183108556620206,0.0002,0.0916910395026207,4656.291443059483,11.121430397033691
63811,2,24760,0.6080495119094849,0.6183076592518558,0.0002,0.0869489535689354,4652.4752265719335,11.121430397033691
63831,2,24780,0.596770167350769,0.6183019511499032,0.0002,0.12092278897762299,4649.257300982587,11.121430397033691
63851,2,24800,0.6473297476768494,0.618298502978976,0.0002,0.12834911048412323,4650.47205507822,11.121430397033691
63871,2,24820,0.558354377746582,0.6182922462475464,0.0002,0.09681674838066101,4651.708992381407,11.121430397033691
63891,2,24840,0.7143943905830383,0.6182966430890023,0.0002,0.13244451582431793,4652.854046593122,11.121430397033691
63911,2,24860,0.6129621267318726,0.6182993726068677,0.0002,0.13529109954833984,4654.0679214936,11.121430397033691
63931,2,24880,0.6656056046485901,0.6183050282998123,0.0002,0.11177533119916916,4651.668644626202,11.121430397033691
63951,2,24900,0.6936911940574646,0.6183059085423823,0.0002,0.10558294504880905,4652.92189100701,11.121430397033691
63971,2,24920,0.7182523012161255,0.6183019390855832,0.0002,0.14554958045482635,4654.089693033306,11.121430397033691
63991,2,24940,0.6598867774009705,0.6183059701069861,0.0002,0.15374191105365753,4655.307568575191,11.121430397033691
64011,2,24960,0.6090732216835022,0.6183034565256057,0.0002,0.11608605086803436,4651.944511650405,11.121430397033691
64031,2,24980,0.641715943813324,0.6183055692197047,0.0002,0.10970055311918259,4653.171850271583,11.121430397033691
64051,2,25000,0.6256017684936523,0.6183017210769881,0.0002,0.09831978380680084,4654.369551619394,11.121430397033691
64071,2,25020,0.5319696068763733,0.6183041212995621,0.0002,0.10122980177402496,4654.817702464475,11.121430397033691
64091,2,25040,0.6370230317115784,0.6183159532171825,0.0002,0.11641010642051697,4654.579915212036,11.121430397033691
64111,2,25060,0.5862328410148621,0.6183086876724835,0.0002,0.09100694209337234,4652.787829290602,11.121430397033691
64131,2,25080,0.6174991726875305,0.6183067459517401,0.0002,0.09122905880212784,4654.016314497072,11.121430397033691
64151,2,25100,0.6587098836898804,0.618307207500848,0.0002,0.12181378155946732,4651.835291962391,11.121430397033691
64171,2,25120,0.6018099188804626,0.6182968374058253,0.0002,0.10215160995721817,4651.300596123021,11.121430397033691
64191,2,25140,0.6128219962120056,0.6182967882903099,0.0002,0.10232082009315491,4648.573331180232,11.121430397033691
64211,2,25160,0.5928450226783752,0.6182853270127557,0.0002,0.13350985944271088,4649.813844339092,11.121430397033691
64231,2,25180,0.6879777312278748,0.6182764979179757,0.0002,0.11022373288869858,4646.565197895113,11.121430397033691
64251,2,25200,0.6768659353256226,0.6182687546093528,0.0002,0.095652274787426,4647.72283425354,11.121430397033691
64271,2,25220,0.5851264595985413,0.6182608579833935,0.0002,0.12687084078788757,4648.91747221392,11.121430397033691
64291,2,25240,0.6073160171508789,0.6182450642500703,0.0002,0.10312768071889877,4650.068178481891,11.121430397033691
64311,2,25260,0.774603545665741,0.618256358512592,0.0002,0.11380726844072342,4647.029465909891,11.121430397033691
64331,2,25280,0.5997913479804993,0.6182422445142587,0.0002,0.11934397369623184,4648.238670210834,11.121430397033691
64351,2,25300,0.6632983088493347,0.6182376273128635,0.0002,0.10618314146995544,4649.442753373066,11.121430397033691
64371,2,25320,0.6229348182678223,0.6182259795052152,0.0002,0.1212252527475357,4650.135994280391,11.121430397033691
64391,2,25340,0.6994643211364746,0.6182126568843733,0.0002,0.11013193428516388,4648.430048242583,11.121430397033691
64411,2,25360,0.5741466283798218,0.6182088094262677,0.0002,0.1420014351606369,4649.594240310348,11.121430397033691
64431,2,25380,0.6190875172615051,0.6181869654696465,0.0002,0.10578294843435287,4650.793773080026,11.121430397033691
64451,2,25400,0.6155867576599121,0.6181864082068019,0.0002,0.11516544967889786,4651.972368371864,11.121430397033691
64471,2,25420,0.625190019607544,0.6181788604930407,0.0002,0.09866894781589508,4653.168505857962,11.121430397033691
64491,2,25440,0.5378226041793823,0.6181631737831987,0.0002,0.10426642745733261,4654.356232410994,11.121430397033691
64511,2,25460,0.5902387499809265,0.6181493229606344,0.0002,0.13863737881183624,4651.222321376793,11.121430397033691
64531,2,25480,0.5812927484512329,0.6181457386207622,0.0002,0.1091945543885231,4652.384040347879,11.121430397033691
64551,2,25500,0.6635048985481262,0.6181537404964673,0.0002,0.12369941920042038,4653.543692546013,11.121430397033691
64571,2,25520,0.6469515562057495,0.6181573865719995,0.0002,0.11986260116100311,4650.202328398256,11.121430397033691
64591,2,25540,0.5607801079750061,0.6181458523385669,0.0002,0.09563227742910385,4651.351722514792,11.121430397033691
64611,2,25560,0.6824919581413269,0.6181459999211375,0.0002,0.12019701302051544,4648.523781382403,11.121430397033691
64631,2,25580,0.6430923938751221,0.6181567116757147,0.0002,0.12690600752830505,4649.67599397853,11.121430397033691
64651,2,25600,0.6638709902763367,0.6181610966490695,0.0002,0.13736413419246674,4646.232236665608,11.121430397033691
64671,2,25620,0.6220648884773254,0.6181649282924873,0.0002,0.12308371812105179,4647.413352765954,11.121430397033691
64691,2,25640,0.5986848473548889,0.6181570378107559,0.0002,0.12973544001579285,4648.576579063138,11.121430397033691
64711,2,25660,0.6060194969177246,0.618168940810035,0.0002,0.1455651819705963,4649.7790849005805,11.121430397033691
64731,2,25680,0.6440544724464417,0.618169219981715,0.0002,0.11617615073919296,4647.348336097214,11.121430397033691
64751,2,25700,0.6611646413803101,0.6181786456305516,0.0002,0.1168256476521492,4648.553555527427,11.121430397033691
64771,2,25720,0.6705138087272644,0.6181722203602706,0.0002,0.12399579584598541,4645.299762224168,11.121430397033691
64791,2,25740,0.6579562425613403,0.618184454119734,0.0002,0.12150038033723831,4646.41827589491,11.121430397033691
64811,2,25760,0.6384962201118469,0.6181896462892226,0.0002,0.11883249133825302,4647.588713858534,11.121430397033691
64831,2,25780,0.617909848690033,0.6182008364102546,0.0002,0.13513611257076263,4648.723653022344,11.121430397033691
64851,2,25800,0.7227722406387329,0.6182122687931483,0.0002,0.09330452978610992,4649.877920802054,11.121430397033691
64871,2,25820,0.6414248943328857,0.618208340443043,0.0002,0.16888846457004547,4651.070400192074,11.121430397033691
64891,2,25840,0.6085774898529053,0.6182077809279906,0.0002,0.13891813158988953,4652.244672357047,11.121430397033691
64911,2,25860,0.6373690962791443,0.6182159791226894,0.0002,0.09018173813819885,4653.398997712257,11.121430397033691
64931,2,25880,0.7113592028617859,0.6182210818167369,0.0002,0.13134418427944183,4650.132474459696,11.121430397033691
64951,2,25900,0.5771872997283936,0.6182184575357961,0.0002,0.09600883722305298,4650.254465038427,11.121430397033691
64971,2,25920,0.644633412361145,0.6182186034359963,0.0002,0.1692773699760437,4650.810329858758,11.121430397033691
64991,2,25940,0.6517748236656189,0.6182330070599283,0.0002,0.14570991694927216,4648.4052754516815,11.121430397033691
65011,2,25960,0.7273513674736023,0.6182459722750352,0.0002,0.10907569527626038,4649.585226611947,11.121430397033691
65031,2,25980,0.6237474679946899,0.6182406728757105,0.0002,0.10532255470752716,4646.57395811435,11.121430397033691
65051,2,26000,0.6616389751434326,0.6182369253015593,0.0002,0.11030654609203339,4643.278820545427,11.121430397033691
65071,2,26020,0.6592345237731934,0.6182289965634101,0.0002,0.0929865762591362,4643.793584110363,11.121430397033691
65091,2,26040,0.6784476637840271,0.6182303264572259,0.0002,0.1096205860376358,4643.902606053027,11.121430397033691
65111,2,26060,0.6951636075973511,0.6182361216560079,0.0002,0.14770041406154633,4642.700344461422,11.121430397033691
65131,2,26080,0.5958498120307922,0.6182287244912922,0.0002,0.10054852068424225,4643.833630558967,11.121430397033691
65151,2,26100,0.5649200081825256,0.6182302949613904,0.0002,0.11167167127132416,4644.918736308612,11.121430397033691
65171,2,26120,0.5632362365722656,0.6182200075839238,0.0002,0.08700063079595566,4646.014626460114,11.121430397033691
65191,2,26140,0.6084532141685486,0.6182221653749617,0.0002,0.1356152892112732,4642.958658524578,11.121430397033691
65211,2,26160,0.5595842599868774,0.6182240501712487,0.0002,0.1079893484711647,4644.114067720223,11.121430397033691
65231,2,26180,0.5737613439559937,0.6182282848031856,0.0002,0.154119074344635,4645.286145625522,11.121430397033691
65251,2,26200,0.657903790473938,0.6182247184713552,0.0002,0.13358160853385925,4646.430319195468,11.121430397033691
65271,2,26220,0.6308671832084656,0.6182276910330937,0.0002,0.14244024455547333,4647.592496322559,11.121430397033691
65291,2,26240,0.6589222550392151,0.618229744101336,0.0002,0.08941366523504257,4648.655003855612,11.121430397033691
65311,2,26260,0.6639711260795593,0.618223811814851,0.0002,0.11303064972162247,4649.821701615413,11.121430397033691
65331,2,26280,0.6088049411773682,0.6182188517085361,0.0002,0.1158331036567688,4650.972235023727,11.121430397033691
65351,2,26300,0.5718122720718384,0.6182141693551454,0.0002,0.09873130917549133,4647.692324483051,11.121430397033691
65371,2,26320,0.6107763051986694,0.6182101391047798,0.0002,0.12071006000041962,4648.753694996773,11.121430397033691
65391,2,26340,0.6458775997161865,0.6182240617133516,0.0002,0.1475774496793747,4646.165230337481,11.121430397033691
65411,2,26360,0.6058240532875061,0.61822524258625,0.0002,0.10850726813077927,4647.317335185438,11.121430397033691
65431,2,26380,0.6374144554138184,0.6182291934409795,0.0002,0.10843013972043991,4644.149192987592,11.121430397033691
65451,2,26400,0.5568341612815857,0.6182264343343261,0.0002,0.09544380009174347,4645.305902103321,11.121430397033691
65471,2,26420,0.6490383744239807,0.6182324535141298,0.0002,0.11086809635162354,4642.320281524783,11.121430397033691
65491,2,26440,0.5696442723274231,0.6182324887620575,0.0002,0.13396264612674713,4643.3593893181915,11.121430397033691
65511,2,26460,0.5864366292953491,0.6182418817946393,0.0002,0.08688334375619888,4644.509695989333,11.121430397033691
65531,2,26480,0.5977022051811218,0.6182466595971462,0.0002,0.11197647452354431,4645.641903908969,11.121430397033691
65551,2,26500,0.6533568501472473,0.6182505329285002,0.0002,0.12095566093921661,4646.704530592014,11.121430397033691
65571,2,26520,0.5748907327651978,0.6182471117501145,0.0002,0.1211952418088913,4647.821524212585,11.121430397033691
65591,2,26540,0.5616186857223511,0.6182645629256098,0.0002,0.10423270612955093,4644.701255221341,11.121430397033691
65611,2,26560,0.6249176263809204,0.6182582799876731,0.0002,0.1190776601433754,4645.847975347212,11.121430397033691
65631,2,26580,0.650027871131897,0.6182630985568629,0.0002,0.09883968532085419,4647.009353003477,11.121430397033691
65651,2,26600,0.6596165299415588,0.6182773690428114,0.0002,0.10602062940597534,4648.1384475866425,11.121430397033691
65671,2,26620,0.6443920731544495,0.6182700851635755,0.0002,0.1197998970746994,4649.272466543988,11.121430397033691
65691,2,26640,0.5838921070098877,0.6182679936816458,0.0002,0.13585959374904633,4650.332085869151,11.121430397033691
65711,2,26660,0.5589889287948608,0.618265044966053,0.0002,0.09210097044706345,4651.468572209215,11.121430397033691
65731,2,26680,0.6140717267990112,0.6182666301162666,0.0002,0.14206865429878235,4652.602788504673,11.121430397033691
65751,2,26700,0.6743446588516235,0.6182692623285925,0.0002,0.10982870310544968,4653.719947146261,11.121430397033691
65771,2,26720,0.6208515763282776,0.6182638363240477,0.0002,0.12895280122756958,4651.433535455424,11.121430397033691
65791,2,26740,0.6358182430267334,0.6182651255341689,0.0002,0.13374382257461548,4651.621119656774,11.121430397033691
65811,2,26760,0.5671609044075012,0.6182552879104178,0.0002,0.09638554602861404,4648.91070924047,11.121430397033691
65831,2,26780,0.5979695320129395,0.6182613649300137,0.0002,0.10236883908510208,4649.984342874306,11.121430397033691
65851,2,26800,0.6452994346618652,0.6182608022044157,0.0002,0.11109865456819534,4647.089986894465,11.121430397033691
65871,2,26820,0.6232160925865173,0.6182584997221671,0.0002,0.10058730095624924,4648.244249269463,11.121430397033691
65891,2,26840,0.8082636594772339,0.6182677472261658,0.0002,0.1365753561258316,4644.861207975625,11.121430397033691
65911,2,26860,0.6416024565696716,0.6182629409642852,0.0002,0.11491946876049042,4645.901716317709,11.121430397033691
65931,2,26880,0.573786199092865,0.6182581187349531,0.0002,0.0948842391371727,4647.03236287762,11.121430397033691
65951,2,26900,0.5709980130195618,0.6182535971480341,0.0002,0.1330355852842331,4648.095399148645,11.121430397033691
65971,2,26920,0.5995258688926697,0.6182457491062195,0.0002,0.09801162779331207,4649.211668356529,11.121430397033691
65991,2,26940,0.5882319808006287,0.6182463820023952,0.0002,0.14388249814510345,4650.335745190388,11.121430397033691
66011,2,26960,0.6556653380393982,0.6182479875640019,0.0002,0.12360724061727524,4646.9277401055315,11.121430397033691
66031,2,26980,0.5608943104743958,0.6182482780088762,0.0002,0.11704228818416595,4648.060763001417,11.121430397033691
66051,2,27000,0.663139820098877,0.6182606513526683,0.0002,0.11261215060949326,4649.18898576162,11.121430397033691
66071,2,27020,0.5455073714256287,0.6182586908047139,0.0002,0.10431889444589615,4649.488904607733,11.121430397033691
66091,2,27040,0.6333336234092712,0.618257096694037,0.0002,0.09164520353078842,4650.600461230452,11.121430397033691
66111,2,27060,0.5875502228736877,0.6182507382050019,0.0002,0.1030801385641098,4651.7334250744525,11.121430397033691
66131,2,27080,0.6259060502052307,0.6182482477352861,0.0002,0.11339816451072693,4652.33620407611,11.121430397033691
66151,2,27100,0.601097047328949,0.6182403656055648,0.0002,0.1288580596446991,4649.370355737701,11.121430397033691
66171,2,27120,0.5889991521835327,0.6182361178582011,0.0002,0.1107889860868454,4650.48943335461,11.121430397033691
66191,2,27140,0.5850297808647156,0.6182433935787969,0.0002,0.09875207394361496,4647.471080539647,11.121430397033691
66211,2,27160,0.6476600766181946,0.6182414762601619,0.0002,0.14155255258083344,4647.189202110574,11.121430397033691
66231,2,27180,0.577556312084198,0.6182395193090214,0.0002,0.11517219245433807,4648.2864465890425,11.121430397033691
66251,2,27200,0.6564107537269592,0.6182427483518558,0.0002,0.10895975679159164,4648.337222838431,11.121430397033691
66271,2,27220,0.5863023400306702,0.6182323194138687,0.0002,0.10227067768573761,4646.982112441929,11.121430397033691
66291,2,27240,0.6022651195526123,0.6182424589088898,0.0002,0.202727809548378,4648.0776732261675,11.121430397033691
66311,2,27260,0.5788390636444092,0.6182309894436387,0.0002,0.11303731054067612,4645.799129034823,11.121430397033691
66331,2,27280,0.616683840751648,0.6182183796482761,0.0002,0.1460166573524475,4646.842284497957,11.121430397033691
66351,2,27300,0.6138688325881958,0.6182056818367992,0.0002,0.09807030856609344,4647.95855874515,11.121430397033691
66371,2,27320,0.6063160300254822,0.6181897945506352,0.0002,0.10432548075914383,4649.053459675244,11.121430397033691
66391,2,27340,0.6624783277511597,0.6181831345461185,0.0002,0.1355656087398529,4650.1671837559015,11.121430397033691
66411,2,27360,0.5968025326728821,0.6181700759349277,0.0002,0.12222589552402496,4650.770107403102,11.121430397033691
66431,2,27380,0.6012688279151917,0.6181606277955942,0.0002,0.15540674328804016,4648.68243694233,11.121430397033691
66451,2,27400,0.6266513466835022,0.6181597545719145,0.0002,0.10551609843969345,4649.698358296954,11.121430397033691
66471,2,27420,0.6373017430305481,0.6181563968048832,0.0002,0.12348448485136032,4650.796594744437,11.121430397033691
66491,2,27440,0.6521003842353821,0.618151312654055,0.0002,0.14796510338783264,4651.886649959019,11.121430397033691
66511,2,27460,0.639901876449585,0.6181503794205275,0.0002,0.11175098270177841,4652.99203178989,11.121430397033691
66531,2,27480,0.6338726282119751,0.6181391097031366,0.0002,0.08202812820672989,4654.054933848519,11.121430397033691
66551,2,27500,0.6095082759857178,0.6181286545372903,0.0002,0.14519008994102478,4650.621531480608,11.121430397033691
66571,2,27520,0.5428630113601685,0.6181284000234799,0.0002,0.10941150039434433,4651.718516794578,11.121430397033691
66591,2,27540,0.6356741786003113,0.6181273617909857,0.0002,0.11800230294466019,4648.515882628235,11.121430397033691
66611,2,27560,0.6367861032485962,0.618132204285982,0.0002,0.09227576106786728,4645.599042959405,11.121430397033691
66631,2,27580,0.6000033020973206,0.6181246677323735,0.0002,0.1298970729112625,4646.675353534695,11.121430397033691
66651,2,27600,0.6199187636375427,0.6181227539800636,0.0002,0.08898764103651047,4647.7740161519205,11.121430397033691
66671,2,27620,0.6215566992759705,0.6181252745331105,0.0002,0.1362399309873581,4644.70429020097,11.121430397033691
66691,2,27640,0.6472325921058655,0.618130333821382,0.0002,0.09570179879665375,4645.780010868333,11.121430397033691
66711,2,27660,0.6468939781188965,0.6181358386308452,0.0002,0.1040726900100708,4646.874791940021,11.121430397033691
66731,2,27680,0.5564283132553101,0.6181269020344125,0.0002,0.09077905863523483,4647.886535636109,11.121430397033691
66751,2,27700,0.5866506695747375,0.6181405830232618,0.0002,0.1018306165933609,4648.997871809387,11.121430397033691
66771,2,27720,0.6164655089378357,0.6181499655826415,0.0002,0.10777061432600021,4650.065767701261,11.121430397033691
66791,2,27740,0.6644991636276245,0.6181419134488185,0.0002,0.11699935793876648,4651.150346901273,11.121430397033691
66811,2,27760,0.6001766920089722,0.6181461236787176,0.0002,0.10008364915847778,4652.230028845386,11.121430397033691
66831,2,27780,0.5842522978782654,0.6181499865046539,0.0002,0.10204679518938065,4648.967589897088,11.121430397033691
66851,2,27800,0.6376232504844666,0.6181371643315695,0.0002,0.11592768132686615,4649.960332601872,11.121430397033691
66871,2,27820,0.5512499213218689,0.6181357688711399,0.0002,0.11937471479177475,4651.037315750722,11.121430397033691
66891,2,27840,0.6021988987922668,0.6181308494435742,0.0002,0.09746292978525162,4652.1086495738755,11.121430397033691
66911,2,27860,0.63199383020401,0.6181391719465084,0.0002,0.11110581457614899,4653.199610682176,11.121430397033691
66931,2,27880,0.6165879368782043,0.6181344881712175,0.0002,0.10501474887132645,4654.278427136433,11.121430397033691
66951,2,27900,0.6718646287918091,0.6181419698260124,0.0002,0.11964826285839081,4655.3579697302675,11.121430397033691
66971,2,27920,0.6106049418449402,0.6181367791231486,0.0002,0.14941971004009247,4652.498154878618,11.121430397033691
66991,2,27940,0.6168310046195984,0.6181265963318731,0.0002,0.09038238972425461,4653.502342330913,11.121430397033691
67011,2,27960,0.6376471519470215,0.6181136506342787,0.0002,0.08979051560163498,4654.579654719648,11.121430397033691
67031,2,27980,0.5926008224487305,0.6181071534299205,0.0002,0.10489664226770401,4651.141570975852,11.121430397033691
67051,2,28000,0.6132605075836182,0.618098748368814,0.0002,0.1309373676776886,4647.642196909619,11.12148904800415
67071,2,28020,0.6072350144386292,0.6180955866008778,0.0002,0.07210168242454529,4647.817610437378,11.12148904800415
67091,2,28040,0.6076488494873047,0.6180904726891445,0.0002,0.10647754371166229,4644.597437837543,11.12148904800415
67111,2,28060,0.5728398561477661,0.6180879130775221,0.0002,0.10476265102624893,4645.6936864530135,11.12148904800415
67131,2,28080,0.6178645491600037,0.6180894502690202,0.0002,0.08820699900388718,4646.725421068778,11.12148904800415
67151,2,28100,0.6259816288948059,0.61808799753241,0.0002,0.10242488235235214,4647.795569558699,11.12148904800415
67171,2,28120,0.6386486887931824,0.6180747095086659,0.0002,0.10806293785572052,4648.868365706595,11.12148904800415
67191,2,28140,0.5960670709609985,0.6180566512809157,0.0002,0.08357725292444229,4649.9397670899825,11.12148904800415
67211,2,28160,0.5999513268470764,0.618038663238338,0.0002,0.10254441201686859,4650.993264070795,11.12148904800415
67231,2,28180,0.578859806060791,0.6180210427796374,0.0002,0.0889541283249855,4652.075989153616,11.12148904800415
67251,2,28200,0.644341766834259,0.6180131890130217,0.0002,0.10917443037033081,4649.347879659029,11.12148904800415
67271,2,28220,0.6544531583786011,0.6180049079444225,0.0002,0.11136914044618607,4650.375677163178,11.12148904800415
67291,2,28240,0.6135048866271973,0.6179959244958184,0.0002,0.12067276984453201,4651.438205314492,11.12148904800415
67311,2,28260,0.6097361445426941,0.6180007675780406,0.0002,0.11839127540588379,4652.50148542259,11.12148904800415
67331,2,28280,0.6384377479553223,0.6179960238966903,0.0002,0.10018697381019592,4653.55924890168,11.12148904800415
67351,2,28300,0.6657183766365051,0.6180007263140617,0.0002,0.10326902568340302,4654.634746918263,11.12148904800415
67371,2,28320,0.5801066160202026,0.6180009804009992,0.0002,0.13919183611869812,4651.501380539034,11.12148904800415
67391,2,28340,0.58143150806427,0.6180008902705906,0.0002,0.12860965728759766,4649.360001084141,11.12148904800415
67411,2,28360,0.6271645426750183,0.6179966638971587,0.0002,0.10843539983034134,4650.428463413508,11.12148904800415
67431,2,28380,0.6587957739830017,0.6180002068543446,0.0002,0.11799287796020508,4651.490899359505,11.12148904800415
67451,2,28400,0.5528233647346497,0.6179976030950273,0.0002,0.09212806075811386,4647.868314038053,11.12148904800415
67471,2,28420,0.6142992377281189,0.6179947125308795,0.0002,0.15658776462078094,4645.1242729204305,11.12148904800415
67491,2,28440,0.662979245185852,0.6179951946042679,0.0002,0.12239785492420197,4641.892416159512,11.12148904800415
67511,2,28460,0.6803993582725525,0.6179831147489675,0.0002,0.1338789314031601,4642.989220017945,11.12148904800415
67531,2,28480,0.6042435169219971,0.617977681110233,0.0002,0.09528376907110214,4643.989845357403,11.12148904800415
67551,2,28500,0.5850421190261841,0.6179652950365995,0.0002,0.092491514980793,4645.067962844442,11.12148904800415
67571,2,28520,0.6146659851074219,0.6179620119851987,0.0002,0.10086569935083389,4646.097252283044,11.12148904800415
67591,2,28540,0.5658794641494751,0.6179577359428637,0.0002,0.104983389377594,4647.154773160658,11.12148904800415
67611,2,28560,0.5423687696456909,0.6179543133980695,0.0002,0.09465326368808746,4648.205213366226,11.12148904800415
67631,2,28580,0.5217512249946594,0.6179362606256523,0.0002,0.07789772003889084,4649.234290828693,11.12148904800415
67651,2,28600,0.5874625444412231,0.617932010822404,0.0002,0.09988325834274292,4650.252223778381,11.12148904800415
67671,2,28620,0.4832850694656372,0.6179173040096295,0.0002,0.08340531587600708,4647.555349358094,11.12148904800415
67691,2,28640,0.5614816546440125,0.6179140344357212,0.0002,0.10005602985620499,4648.588241780502,11.12148904800415
67711,2,28660,0.5246801972389221,0.6179003359338467,0.0002,0.13659651577472687,4649.648973265121,11.12148904800415
67731,2,28680,0.612862229347229,0.6179078253927633,0.0002,0.11700470000505447,4650.687037998725,11.12148904800415
67751,2,28700,0.6063246726989746,0.6178983315948274,0.0002,0.15414944291114807,4651.72282539551,11.12148904800415
67771,2,28720,0.5671424865722656,0.6178881128378467,0.0002,0.1312384009361267,4648.494464686353,11.12148904800415
67791,2,28740,0.5801993608474731,0.6178851156844717,0.0002,0.122458815574646,4649.5212716139395,11.12148904800415
67811,2,28760,0.6902262568473816,0.6178845028902583,0.0002,0.09585048258304596,4650.495397573668,11.12148904800415
67831,2,28780,0.5890176296234131,0.6178891347197497,0.0002,0.13725638389587402,4651.543028109892,11.12148904800415
67851,2,28800,0.5789586901664734,0.6178888296145993,0.0002,0.13637951016426086,4652.564017611206,11.12148904800415
67871,2,28820,0.6280536651611328,0.6178966704308877,0.0002,0.12559708952903748,4649.587146880797,11.12148904800415
67891,2,28840,0.5868058800697327,0.6178993346501801,0.0002,0.11778762191534042,4648.945607397293,11.12148904800415
67911,2,28860,0.5938915014266968,0.6178965706961314,0.0002,0.09766800701618195,4649.99532139421,11.12148904800415
67931,2,28880,0.6695804595947266,0.6178937867600308,0.0002,0.14654091000556946,4647.416099247791,11.12148904800415
67951,2,28900,0.6030640602111816,0.61789377949634,0.0002,0.12547196447849274,4648.477588326866,11.12148904800415
67971,2,28920,0.5751546621322632,0.6178821164534373,0.0002,0.10343721508979797,4649.530802915883,11.12148904800415
67991,2,28940,0.6011421084403992,0.617880697480915,0.0002,0.10183067619800568,4650.596791966641,11.12148904800415
68011,2,28960,0.550268828868866,0.6178856252946605,0.0002,0.14464180171489716,4651.652655056718,11.12148904800415
68031,2,28980,0.6232652068138123,0.6178961637569897,0.0002,0.12685392796993256,4652.704857204064,11.12148904800415
68051,2,29000,0.6163116693496704,0.6178809576991354,0.0002,0.10370008647441864,4653.745639598738,11.12148904800415
68071,2,29020,0.5964677929878235,0.6178741643130973,0.0002,0.08894632756710052,4653.903864032238,11.12148904800415
68091,2,29040,0.5912968516349792,0.617875115247222,0.0002,0.14873869717121124,4651.200838077053,11.12148904800415
68111,2,29060,0.6122673749923706,0.6178829257232786,0.0002,0.11293566226959229,4652.261734598078,11.12148904800415
68131,2,29080,0.6040723323822021,0.6178837358719097,0.0002,0.10534875094890594,4653.279268893189,11.12148904800415
68151,2,29100,0.6112942695617676,0.6178874231980078,0.0002,0.11976778507232666,4654.325132340909,11.12148904800415
68171,2,29120,0.6070076823234558,0.6178851670707733,0.0002,0.1240338534116745,4651.704245573676,11.12148904800415
68191,2,29140,0.6753279566764832,0.6178835394856513,0.0002,0.1337975412607193,4652.4910179037615,11.12148904800415
68211,2,29160,0.6123016476631165,0.6178888473554353,0.0002,0.0953214019536972,4653.538974165191,11.12148904800415
68231,2,29180,0.6324415802955627,0.617892500994626,0.0002,0.10385195165872574,4654.576683492662,11.12148904800415
68251,2,29200,0.6433712244033813,0.6178919932971153,0.0002,0.1076081246137619,4652.042757504484,11.12148904800415
68271,2,29220,0.6516166925430298,0.6178839295250094,0.0002,0.15385524928569794,4649.970886078902,11.12148904800415
68291,2,29240,0.6110485792160034,0.6178788478775884,0.0002,0.08599118143320084,4650.4532439666145,11.12148904800415
68311,2,29260,0.5824052095413208,0.6178723405143809,0.0002,0.10752426087856293,4648.326949247325,11.12148904800415
68331,2,29280,0.6135663390159607,0.6178609068312108,0.0002,0.13370437920093536,4646.361549715812,11.12148904800415
68351,2,29300,0.6134731769561768,0.6178541225727215,0.0002,0.0971079021692276,4647.432047618156,11.12148904800415
68371,2,29320,0.6179494857788086,0.6178470752812709,0.0002,0.11581753194332123,4648.437380218526,11.12148904800415
68391,2,29340,0.582482099533081,0.6178364385584242,0.0002,0.08652529865503311,4649.483942000887,11.12148904800415
68411,2,29360,0.6561729907989502,0.6178317709835641,0.0002,0.139174684882164,4650.510923468947,11.12148904800415
68431,2,29380,0.6270958781242371,0.6178346210580411,0.0002,0.08603768795728683,4651.549500372281,11.12148904800415
68451,2,29400,0.6522108912467957,0.6178277305642252,0.0002,0.17042991518974304,4652.538020445966,11.12148904800415
68471,2,29420,0.6524114608764648,0.6178174676965739,0.0002,0.10491283982992172,4653.5546254807105,11.12148904800415
68491,2,29440,0.585318386554718,0.6178162851363626,0.0002,0.11456558108329773,4650.78695573554,11.12148904800415
68511,2,29460,0.6507260203361511,0.6178144111532059,0.0002,0.12246013432741165,4651.833992130806,11.12148904800415
68531,2,29480,0.5758458375930786,0.6178053503584924,0.0002,0.10667961835861206,4652.817693361098,11.12148904800415
68551,2,29500,0.5772172212600708,0.6177996761622891,0.0002,0.07233545929193497,4653.85855564088,11.12148904800415
68571,2,29520,0.6250787973403931,0.6178003236198638,0.0002,0.08915145695209503,4654.839108234006,11.12148904800415
68591,2,29540,0.5973094701766968,0.6177944436042339,0.0002,0.11162913590669632,4651.483545571178,11.12148904800415
68611,2,29560,0.5929276943206787,0.617782974633494,0.0002,0.09904264658689499,4652.515251363714,11.12148904800415
68631,2,29580,0.6902168989181519,0.617779986996631,0.0002,0.11395125836133957,4653.531646156009,11.12148904800415
68651,2,29600,0.6015657782554626,0.6177678305019195,0.0002,0.11582907289266586,4650.498465838422,11.12148904800415
68671,2,29620,0.5331741571426392,0.6177652065340261,0.0002,0.12950754165649414,4647.744802956667,11.12148904800415
68691,2,29640,0.5997380018234253,0.6177568033636296,0.0002,0.10350748896598816,4645.796043530162,11.12148904800415
68711,2,29660,0.5896239876747131,0.6177555613435749,0.0002,0.09159611165523529,4646.103857943207,11.12148904800415
68731,2,29680,0.6268513798713684,0.617756580088726,0.0002,0.15386563539505005,4647.134799216445,11.12148904800415
68751,2,29700,0.635384738445282,0.6177572509499486,0.0002,0.12693332135677338,4648.153011336585,11.12148904800415
68771,2,29720,0.5973257422447205,0.6177500973389071,0.0002,0.1218007281422615,4649.178882789018,11.12148904800415
68791,2,29740,0.5965797305107117,0.6177537994785096,0.0002,0.11156665533781052,4650.145084747461,11.121652126312256
68811,2,29760,0.63364577293396,0.617756511357343,0.0002,0.1202131137251854,4651.160145864855,11.121652126312256
68831,2,29780,0.5701488852500916,0.6177489443807189,0.0002,0.08345568925142288,4652.156257385131,11.121652126312256
68851,2,29800,0.5906817317008972,0.6177463201715582,0.0002,0.1122032180428505,4653.118576365101,11.121652126312256
68871,2,29820,0.6140632033348083,0.6177391573939895,0.0002,0.12200291454792023,4654.1484096734575,11.121652126312256
68891,2,29840,0.5927700996398926,0.617742445435737,0.0002,0.11942398548126221,4655.130639200615,11.121652126312256
68911,2,29860,0.5425989627838135,0.6177396745791096,0.0002,0.08607275784015656,4652.036139883332,11.121652126312256
68931,2,29880,0.5879707932472229,0.6177353895576562,0.0002,0.09996005892753601,4653.04440566634,11.121652126312256
68951,2,29900,0.6659374833106995,0.6177404029472378,0.0002,0.10717926919460297,4654.077247664485,11.121652126312256
68971,2,29920,0.6315961480140686,0.6177357844044963,0.0002,0.14810368418693542,4655.034816282302,11.121652126312256
68991,2,29940,0.618133008480072,0.617735552987511,0.0002,0.11663063615560532,4652.912239185981,11.121652126312256
69011,2,29960,0.5387437343597412,0.6177218580467464,0.0002,0.11238951236009598,4652.442542022238,11.121652126312256
69031,2,29980,0.6533413529396057,0.6177121867028808,0.0002,0.09847285598516464,4649.578914438135,11.121652126312256
69051,2,30000,0.6297156810760498,0.6177045019434044,0.0002,0.10233134776353836,4650.6150119159765,11.121652126312256
69071,2,30020,0.5840652585029602,0.6177126545188089,0.0002,0.12814730405807495,4648.825749235553,11.121652126312256
69091,2,30040,0.5684871673583984,0.6177104728923893,0.0002,0.14994849264621735,4646.634752583828,11.121652126312256
69111,2,30060,0.5724502205848694,0.6177032226317312,0.0002,0.11255921423435211,4647.670079300586,11.121652126312256
69131,2,30080,0.6083047986030579,0.6177008069830165,0.0002,0.10932368040084839,4644.9485363841495,11.121652126312256
69151,2,30100,0.5757129192352295,0.6176948778482275,0.0002,0.1206897422671318,4645.971146462627,11.121652126312256
69171,2,30120,0.6427465081214905,0.6177028791664122,0.0002,0.11361876875162125,4646.9806849166725,11.121652126312256
69191,2,30140,0.6273903250694275,0.6176931154994222,0.0002,0.10863207280635834,4647.975638733608,11.121652126312256
69211,2,30160,0.5983463525772095,0.6176864977478058,0.0002,0.0922786146402359,4648.952484399442,11.121652126312256
69231,2,30180,0.630975067615509,0.6176796578498287,0.0002,0.18589700758457184,4649.962434183578,11.121652126312256
69251,2,30200,0.5546708106994629,0.617657542211235,0.0002,0.13039569556713104,4650.972393306538,11.121652126312256
69271,2,30220,0.5675014853477478,0.6176591506064533,0.0002,0.09000937640666962,4651.96872016523,11.121652126312256
69291,2,30240,0.6068909168243408,0.6176500372417048,0.0002,0.08006380498409271,4652.945203793249,11.121652126312256
69311,2,30260,0.5554438233375549,0.6176595579102797,0.0002,0.07379315048456192,4652.806523668418,11.121652126312256
69331,2,30280,0.5323128700256348,0.6176580118459128,0.0002,0.09798461943864822,4651.427770890032,11.121652126312256
69351,2,30300,0.6553199887275696,0.6176610488386516,0.0002,0.14628377556800842,4648.465034003841,11.121652126312256
69371,2,30320,0.5730081796646118,0.6176660266826028,0.0002,0.11260790377855301,4649.495992500693,11.121652126312256
69391,2,30340,0.6602485775947571,0.6176633249666977,0.0002,0.12309756875038147,4650.482462066594,11.121652126312256
69411,2,30360,0.5695252418518066,0.6176588664353502,0.0002,0.11342070996761322,4650.354847336346,11.121652126312256
69431,2,30380,0.5947144627571106,0.6176517650467499,0.0002,0.111308753490448,4645.315357612876,11.121652126312256
69451,2,30400,0.6268535256385803,0.6176552229434835,0.0002,0.1194310262799263,4642.389842340874,11.121652126312256
69471,2,30420,0.5846139192581177,0.6176449116400012,0.0002,0.1136326938867569,4643.419888458675,11.121652126312256
69491,2,30440,0.6430132389068604,0.6176539169800401,0.0002,0.10785378515720367,4640.641130447236,11.121652126312256
69511,2,30460,0.6334923505783081,0.6176533705278948,0.0002,0.09376075118780136,4641.652140798545,11.121652126312256
69531,2,30480,0.635233461856842,0.6176528823766902,0.0002,0.11304489523172379,4642.639085955639,11.121652126312256
69551,2,30500,0.6506261825561523,0.6176634238449767,0.0002,0.11418943852186203,4640.279154146604,11.121652126312256
69571,2,30520,0.5466983914375305,0.6176619391987107,0.0002,0.08480808883905411,4641.277905262567,11.121652126312256
69591,2,30540,0.5968968868255615,0.6176616825965757,0.0002,0.1271306723356247,4642.269886241875,11.121652126312256
69611,2,30560,0.6234752535820007,0.617666456179304,0.0002,0.10232723504304886,4643.230036172227,11.121652126312256
69631,2,30580,0.5679524540901184,0.6176694645999138,0.0002,0.15223757922649384,4644.215743876038,11.121652126312256
69651,2,30600,0.6216471195220947,0.6176760727170987,0.0002,0.13709469139575958,4645.21901073607,11.121652126312256
69671,2,30620,0.5857254266738892,0.6176735357289266,0.0002,0.08735551685094833,4646.21279878863,11.121652126312256
69691,2,30640,0.6263558864593506,0.6176830970206828,0.0002,0.10653237998485565,4647.200599403413,11.121652126312256
69711,2,30660,0.7300371527671814,0.6176919608108129,0.0002,0.10620342195034027,4648.165274419951,11.121652126312256
69731,2,30680,0.6013469099998474,0.617694317738808,0.0002,0.150557741522789,4646.364386555696,11.121652126312256
69751,2,30700,0.6681074500083923,0.6177002898589293,0.0002,0.12319479882717133,4647.376561224561,11.121652126312256
69771,2,30720,0.660494327545166,0.6176972815219804,0.0002,0.1444832980632782,4648.342584719014,11.121652126312256
69791,2,30740,0.6889259815216064,0.6177024540827493,0.0002,0.12180956453084946,4645.693062076437,11.121652126312256
69811,2,30760,0.6725658774375916,0.6176991920283328,0.0002,0.13693247735500336,4646.69736768305,11.121652126312256
69831,2,30780,0.6453918218612671,0.6176965581098753,0.0002,0.14887896180152893,4643.957934228471,11.121652126312256
69851,2,30800,0.6510407328605652,0.6177010971634147,0.0002,0.1028473749756813,4644.948283145301,11.121652126312256
69871,2,30820,0.6763561964035034,0.6176899999180201,0.0002,0.13118572533130646,4641.614057985226,11.121652126312256
69891,2,30840,0.6122123003005981,0.6176843430617583,0.0002,0.10631486773490906,4642.612021350842,11.121652126312256
69911,2,30860,0.5781413316726685,0.6176854939935279,0.0002,0.11565949022769928,4640.762998563216,11.121652126312256
69931,2,30880,0.5836562514305115,0.6176744200298189,0.0002,0.08947550505399704,4641.742472242976,11.121652126312256
69951,2,30900,0.6779534220695496,0.6176750912724348,0.0002,0.126284658908844,4639.457289316853,11.121652126312256
69971,2,30920,0.6788515448570251,0.6176729748373021,0.0002,0.09757789224386215,4640.435716549648,11.121652126312256
69991,2,30940,0.5594599843025208,0.6176691922158223,0.0002,0.1101498156785965,4641.394672738378,11.121652126312256
70011,2,30960,0.6303132176399231,0.6176571187423981,0.0002,0.11447111517190933,4642.335048682977,11.121652126312256
70031,2,30980,0.6213980913162231,0.6176550584424233,0.0002,0.11419037729501724,4643.281444149582,11.121652126312256
70051,2,31000,0.6031171083450317,0.6176558860930609,0.0002,0.10668661445379257,4644.231345792452,11.121652126312256
70071,2,31020,0.6309025883674622,0.6176577807439967,0.0002,0.10834147036075592,4644.371015930127,11.121652126312256
70091,2,31040,0.6561979055404663,0.6176485187055002,0.0002,0.12198079377412796,4645.35108858862,11.121652126312256
70111,2,31060,0.6881561279296875,0.6176386615865904,0.0002,0.14982987940311432,4642.8797953401145,11.121652126312256
70131,2,31080,0.5812724828720093,0.617629972690671,0.0002,0.11878695338964462,4643.8499033719645,11.121652126312256
70151,2,31100,0.703959047794342,0.6176360488105838,0.0002,0.11705663800239563,4644.832379997926,11.121652126312256
70171,2,31120,0.7178201079368591,0.6176401411958504,0.0002,0.11186040192842484,4645.779592259629,11.121652126312256
70191,2,31140,0.6987948417663574,0.6176425268567259,0.0002,0.11995367705821991,4642.706253389986,11.121652126312256
70211,2,31160,0.6422123908996582,0.6176430609370076,0.0002,0.10143408179283142,4643.707621826877,11.121652126312256
70231,2,31180,0.6722296476364136,0.6176390294773358,0.0002,0.11656887829303741,4643.242031781871,11.121652126312256
70251,2,31200,0.6883195042610168,0.6176513748738781,0.0002,0.18047331273555756,4641.868154060908,11.121652126312256
70271,2,31220,0.6004300117492676,0.617660985078136,0.0002,0.1153140664100647,4639.291307683902,11.121652126312256
70291,2,31240,0.6679585576057434,0.6176654218382979,0.0002,0.1139465868473053,4637.234929458018,11.121652126312256
70311,2,31260,0.601830244064331,0.6176738284242658,0.0002,0.11431286484003067,4638.2354518685925,11.121652126312256
70331,2,31280,0.6819024682044983,0.6176734948295253,0.0002,0.1271565705537796,4639.193606367179,11.121652126312256
70351,2,31300,0.5756545662879944,0.6176692877020239,0.0002,0.09843624383211136,4636.319801452891,11.121652126312256
70371,2,31320,0.689870297908783,0.6176667340546658,0.0002,0.1280239373445511,4637.301910677536,11.121652126312256
70391,2,31340,0.5756164193153381,0.6176645918947128,0.0002,0.10835915058851242,4638.217864232447,11.121652126312256
70411,2,31360,0.5487536787986755,0.6176605946164285,0.0002,0.12598152458667755,4639.187944283048,11.121652126312256
70431,2,31380,0.5235683917999268,0.6176577706182343,0.0002,0.09487937390804291,4640.14112022104,11.121652126312256
70451,2,31400,0.579943060874939,0.6176456836894986,0.0002,0.10427552461624146,4641.11157169888,11.121652126312256
70471,2,31420,0.5890814065933228,0.6176371902506644,0.0002,0.10942540317773819,4642.078026953561,11.121652126312256
70491,2,31440,0.6082096695899963,0.6176420468005606,0.0002,0.12594299018383026,4643.043608071506,11.121652126312256
70511,2,31460,0.7374197244644165,0.6176442835530842,0.0002,0.09481696039438248,4643.961903995637,11.121652126312256
70531,2,31480,0.5289355516433716,0.6176351961095672,0.0002,0.10292410850524902,4641.14098344841,11.121652126312256
70551,2,31500,0.5665770173072815,0.6176327179865145,0.0002,0.08502331376075745,4642.102080765909,11.121652126312256
70571,2,31520,0.5767320990562439,0.617630473531958,0.0002,0.09255602210760117,4643.0595742537835,11.121652126312256
70591,2,31540,0.6008170247077942,0.61761940322523,0.0002,0.09530916064977646,4644.033901152513,11.121652126312256
70611,2,31560,0.601862907409668,0.6176122597374242,0.0002,0.13772480189800262,4641.987293164586,11.121652126312256
70631,2,31580,0.5697736144065857,0.6176082894292414,0.0002,0.10928952693939209,4642.962294909531,11.121652126312256
70651,2,31600,0.596210777759552,0.6176039235941391,0.0002,0.11809612065553665,4640.162665112791,11.121652126312256
70671,2,31620,0.6836732029914856,0.6176157935622135,0.0002,0.10509280860424042,4637.54230423019,11.121652126312256
70691,2,31640,0.623481035232544,0.617619472022414,0.0002,0.11300759017467499,4635.054056017562,11.121652126312256
70711,2,31660,0.6200781464576721,0.6176194428759667,0.0002,0.1203143522143364,4636.017614095961,11.121652126312256
70731,2,31680,0.6600924134254456,0.6176211225589042,0.0002,0.13930171728134155,4636.978444139842,11.121652126312256
70751,2,31700,0.5833139419555664,0.6176271115207406,0.0002,0.11064164340496063,4637.935570619312,11.121652126312256
70771,2,31720,0.5570919513702393,0.6176186528755184,0.0002,0.10681543499231339,4635.5690970893465,11.121652126312256
70791,2,31740,0.6054057478904724,0.6176166486343503,0.0002,0.12617240846157074,4636.4738051251625,11.121652126312256
70811,2,31760,0.6076096296310425,0.6176148098245818,0.0002,0.13035812973976135,4637.423835192372,11.121652126312256
70831,2,31780,0.5686901211738586,0.6176157526773243,0.0002,0.1375860869884491,4638.3651383356955,11.121652126312256
70851,2,31800,0.5831646919250488,0.6176158109851421,0.0002,0.10998369753360748,4639.315639974038,11.121652126312256
70871,2,31820,0.5698565244674683,0.6176157048300095,0.0002,0.14065474271774292,4640.26046140875,11.121652126312256
70891,2,31840,0.6681168079376221,0.6176169565574143,0.0002,0.12460222095251083,4641.213107245435,11.121652126312256
70911,2,31860,0.5998796820640564,0.6176164044718913,0.0002,0.1025259792804718,4642.096059691299,11.121652126312256
70931,2,31880,0.6865852475166321,0.6176192358685221,0.0002,0.09611021727323532,4639.608009239539,11.121652126312256
70951,2,31900,0.5978014469146729,0.6176192517717126,0.0002,0.11870966851711273,4640.5631252982885,11.121652126312256
70971,2,31920,0.582450270652771,0.617620866317246,0.0002,0.14754493534564972,4641.501114671337,11.121652126312256
70991,2,31940,0.6529356241226196,0.617627216766405,0.0002,0.1413801610469818,4638.914588549946,11.121652126312256
71011,2,31960,0.599355936050415,0.6176357098835212,0.0002,0.08854527026414871,4639.870547460904,11.121652126312256
71031,2,31980,0.5978887677192688,0.6176409304345066,0.0002,0.08530718833208084,4640.825823720145,11.121652126312256
71051,2,32000,0.7087581753730774,0.6176498504835334,0.0002,0.12963025271892548,4641.268469250157,11.121652126312256
71071,2,32020,0.567547619342804,0.6176672868224351,0.0002,0.07622848451137543,4636.221048090476,11.121652126312256
71091,2,32040,0.5935328602790833,0.617667593607566,0.0002,0.11255152523517609,4632.524942861508,11.121652126312256
71111,2,32060,0.6644769906997681,0.617666578468011,0.0002,0.1272028386592865,4633.4914439026315,11.121652126312256
71131,2,32080,0.6172114014625549,0.6176773812423171,0.0002,0.10025442391633987,4634.41376799283,11.121652126312256
71151,2,32100,0.6222687363624573,0.6176765152557706,0.0002,0.11292335391044617,4635.343105196365,11.121652126312256
71171,2,32120,0.6073686480522156,0.617674895587,0.0002,0.11743596941232681,4636.294643228867,11.121652126312256
71191,2,32140,0.5948547720909119,0.617681238852549,0.0002,0.1290283501148224,4633.714890042769,11.121652126312256
71211,2,32160,0.6490147113800049,0.617692500374132,0.0002,0.10396303236484528,4634.668109356483,11.121652126312256
71231,2,32180,0.6531760096549988,0.617689031247133,0.0002,0.12831901013851166,4635.6195157051825,11.121652126312256
71251,2,32200,0.6006374955177307,0.6176939517897388,0.0002,0.0891987532377243,4636.560720654266,11.121652126312256
71271,2,32220,0.5792492032051086,0.6176918076603266,0.0002,0.10462161898612976,4637.511656095923,11.121652126312256
71291,2,32240,0.5490291714668274,0.6176938870715567,0.0002,0.08683046698570251,4638.416790572172,11.121652126312256
71311,2,32260,0.6243271231651306,0.6177069481583402,0.0002,0.14941293001174927,4639.320328528711,11.121652126312256
71331,2,32280,0.5624100565910339,0.6176991953829819,0.0002,0.11389563977718353,4639.236612915511,11.121652126312256
71351,2,32300,0.5706669688224792,0.6176975168825785,0.0002,0.12307761609554291,4637.903073254297,11.121652126312256
71371,2,32320,0.6327512860298157,0.6176964838082819,0.0002,0.12761753797531128,4638.845221374734,11.121652126312256
71391,2,32340,0.6290012001991272,0.6176946021987726,0.0002,0.10697758942842484,4639.79804495754,11.121652126312256
71411,2,32360,0.6035089492797852,0.6176934220912739,0.0002,0.1130107119679451,4637.23692280921,11.121652126312256
71431,2,32380,0.5772820115089417,0.617696264050318,0.0002,0.11640559136867523,4638.168537566143,11.121652126312256
71451,2,32400,0.6014688611030579,0.6177064256801863,0.0002,0.12857042253017426,4639.110591295209,11.121652126312256
71471,2,32420,0.5794515609741211,0.6177021699811764,0.0002,0.08751760423183441,4636.168319447563,11.121652126312256
71491,2,32440,0.7013151049613953,0.6177048892267443,0.0002,0.10506433993577957,4632.8499525136995,11.121652126312256
71511,2,32460,0.6218830943107605,0.6177018440653177,0.0002,0.09705302864313126,4630.686319587074,11.121652126312256
71531,2,32480,0.6252390742301941,0.617693730189553,0.0002,0.12252131849527359,4631.631447256787,11.121652126312256
71551,2,32500,0.6245257258415222,0.6177001281715787,0.0002,0.10264527052640915,4632.521238441481,11.121652126312256
71571,2,32520,0.5989584922790527,0.6177014623217751,0.0002,0.10596095025539398,4633.448135645747,11.121652126312256
71591,2,32540,0.6939977407455444,0.6177107895137458,0.0002,0.11134106665849686,4631.163482021043,11.121652126312256
71611,2,32560,0.599830687046051,0.6177138243850763,0.0002,0.14729851484298706,4632.13587494879,11.121652126312256
71631,2,32580,0.5875626802444458,0.6177049833023314,0.0002,0.11476396769285202,4633.072109894974,11.121652126312256
71651,2,32600,0.6424441933631897,0.6177147886367365,0.0002,0.11080925166606903,4634.0023504696655,11.121652126312256
71671,2,32620,0.6314266324043274,0.6177151374229682,0.0002,0.10469861328601837,4634.922929719542,11.121652126312256
71691,2,32640,0.6013188362121582,0.6177124146344961,0.0002,0.11188720911741257,4635.8209901229375,11.121652126312256
71711,2,32660,0.6332650184631348,0.617713432725434,0.0002,0.08482535183429718,4636.756882592962,11.121652126312256
71731,2,32680,0.68071448802948,0.6177118455124925,0.0002,0.16997772455215454,4637.694903912755,11.121652126312256
71751,2,32700,0.6222276091575623,0.6177130167937925,0.0002,0.11516856402158737,4636.0058306642995,11.121652126312256
71771,2,32720,0.6660671830177307,0.6177137178307188,0.0002,0.13414929807186127,4636.937738020198,11.121652126312256
71791,2,32740,0.7077344059944153,0.6177241893364755,0.0002,0.1369655877351761,4637.875305891876,11.121652126312256
71811,2,32760,0.6313039660453796,0.6177265427520519,0.0002,0.10928414762020111,4638.775740391173,11.121652126312256
71831,2,32780,0.6112572550773621,0.6177318470577393,0.0002,0.10413093864917755,4636.068218303124,11.121652126312256
71851,2,32800,0.627499520778656,0.6177201398011607,0.0002,0.11118722707033157,4637.0173040942345,11.121652126312256
71871,2,32820,0.720014214515686,0.6177272175385914,0.0002,0.0920708179473877,4636.842736032911,11.121652126312256
71891,2,32840,0.5884885191917419,0.6177214604071,0.0002,0.10624179989099503,4635.383265251,11.121652126312256
71911,2,32860,0.5873060822486877,0.6177225537834186,0.0002,0.10327145457267761,4632.9845044049725,11.121652126312256
71931,2,32880,0.592690110206604,0.6177175882902964,0.0002,0.08528754115104675,4630.123289230924,11.121652126312256
71951,2,32900,0.7068521976470947,0.6177163724595274,0.0002,0.10918808728456497,4631.023021342312,11.121652126312256
71971,2,32920,0.5826357007026672,0.6177158607539048,0.0002,0.11149940639734268,4631.9434333463905,11.121652126312256
71991,2,32940,0.6361690163612366,0.6177115689318556,0.0002,0.11017245054244995,4632.867309314716,11.121652126312256
72011,2,32960,0.6573424339294434,0.6177024827473401,0.0002,0.1302836388349533,4630.703054239554,11.121652126312256
72031,2,32980,0.6782703995704651,0.6177014241778557,0.0002,0.10175202041864395,4631.6227070503155,11.121652126312256
72051,2,33000,0.5881657004356384,0.6176974530766645,0.0002,0.12888620793819427,4632.551080860634,11.121652126312256
72071,2,33020,0.5854426026344299,0.61769665347318,0.0002,0.09297593683004379,4632.8703854967,11.121652126312256
72091,2,33040,0.5530875325202942,0.6176919940987428,0.0002,0.092181496322155,4633.792550227058,11.121652126312256
72111,2,33060,0.54883873462677,0.6176854663004084,0.0002,0.12400392442941666,4634.703483935042,11.121652126312256
72131,2,33080,0.5849077105522156,0.6176819743887951,0.0002,0.08476205915212631,4632.6874728424245,11.121652126312256
72151,2,33100,0.6495869755744934,0.6176821754131859,0.0002,0.08490227907896042,4633.585258994274,11.121652126312256
72171,2,33120,0.5761080384254456,0.6176808434816098,0.0002,0.10133432596921921,4634.467433685652,11.121652126312256
72191,2,33140,0.7242094278335571,0.617679507413291,0.0002,0.13228987157344818,4635.355008903583,11.121652126312256
72211,2,33160,0.6320098042488098,0.6176745644287429,0.0002,0.16084958612918854,4636.280494223003,11.121652126312256
72231,2,33180,0.553082287311554,0.6176795028784182,0.0002,0.08465629816055298,4637.187315081359,11.121652126312256
72251,2,33200,0.6229593753814697,0.617669679933858,0.0002,0.10062851011753082,4634.736268036307,11.121652126312256
72271,2,33220,0.6229459643363953,0.6176748593123143,0.0002,0.14339682459831238,4635.63801782911,11.121652126312256
72291,2,33240,0.6604096293449402,0.6176769004959787,0.0002,0.14857004582881927,4633.463862684434,11.121652126312256
72311,2,33260,0.6151154637336731,0.6176759359274093,0.0002,0.11841000616550446,4633.682311065604,11.121652126312256
72331,2,33280,0.6353521347045898,0.6176724821459341,0.0002,0.09644161909818649,4631.301715739261,11.121652126312256
72351,2,33300,0.6422998309135437,0.6176668943435532,0.0002,0.11313783377408981,4628.8806810052265,11.121652126312256
72371,2,33320,0.6171583533287048,0.6176612410930058,0.0002,0.08863319456577301,4629.793856044141,11.121652126312256
72391,2,33340,0.6347554326057434,0.6176538322292879,0.0002,0.20127981901168823,4630.723526216288,11.121652126312256
72411,2,33360,0.7068362236022949,0.6176581433925507,0.0002,0.1724328249692917,4627.762447329317,11.121652126312256
72431,2,33380,0.6339399218559265,0.617660267979503,0.0002,0.10379698127508163,4628.678110662546,11.121652126312256
72451,2,33400,0.6472525000572205,0.6176605150221688,0.0002,0.10218754410743713,4629.536523458273,11.121652126312256
72471,2,33420,0.6398791074752808,0.6176608433615969,0.0002,0.09093061834573746,4630.452926498597,11.121652126312256
72491,2,33440,0.5743334293365479,0.617651651991051,0.0002,0.10897041857242584,4631.355555964204,11.121652126312256
72511,2,33460,0.7140231728553772,0.6176532361220433,0.0002,0.10088637471199036,4632.242584456198,11.121652126312256
72531,2,33480,0.612577497959137,0.6176493206906175,0.0002,0.10575998574495316,4630.1737210834735,11.121652126312256
72551,2,33500,0.6075795292854309,0.6176435203125943,0.0002,0.15263645350933075,4631.110820295087,11.121652126312256
72571,2,33520,0.5885576009750366,0.6176377366900194,0.0002,0.1036333218216896,4632.01830502758,11.121652126312256
72591,2,33540,0.721708357334137,0.6176401049936993,0.0002,0.10309664160013199,4632.865979133407,11.121652126312256
72611,2,33560,0.5459518432617188,0.6176465583810251,0.0002,0.11105471104383469,4633.757095361111,11.121652126312256
72631,2,33580,0.5929841995239258,0.6176415453700848,0.0002,0.10888028144836426,4634.655818951208,11.121652126312256
72651,2,33600,0.5702903866767883,0.6176338747346853,0.0002,0.11330752819776535,4632.217410239846,11.121652126312256
72671,2,33620,0.6588699817657471,0.6176265278776888,0.0002,0.11390890181064606,4629.359767591984,11.121652126312256
72691,2,33640,0.6070579290390015,0.6176258722155469,0.0002,0.10139000415802002,4630.27947547524,11.121652126312256
72711,2,33660,0.6043540835380554,0.6176287689120836,0.0002,0.09409543126821518,4628.208911758184,11.121652126312256
72731,2,33680,0.6157376766204834,0.6176322093835762,0.0002,0.13249962031841278,4622.425294153886,11.121652126312256
72751,2,33700,0.6581628918647766,0.6176405988488048,0.0002,0.1090201884508133,4619.600846193889,11.121652126312256
72771,2,33720,0.5867636203765869,0.6176356358786544,0.0002,0.09544052928686142,4620.507282358527,11.121652126312256
72791,2,33740,0.5513368248939514,0.6176232204636255,0.0002,0.097812719643116,4621.405903011531,11.121652126312256
72811,2,33760,0.616081953048706,0.6176235234617572,0.0002,0.1126374825835228,4622.297160858619,11.121652126312256
72831,2,33780,0.612375795841217,0.6176254785519599,0.0002,0.11035142838954926,4619.884404701213,11.121652126312256
72851,2,33800,0.6062695384025574,0.6176194835050495,0.0002,0.13127729296684265,4620.733588473589,11.121652126312256
72871,2,33820,0.6152899265289307,0.6176190107619375,0.0002,0.11642813682556152,4621.643002764307,11.121652126312256
72891,2,33840,0.6725807785987854,0.6176213405766786,0.0002,0.10548319667577744,4622.553659411441,11.121652126312256
72911,2,33860,0.5785787105560303,0.6176154657939918,0.0002,0.10824128240346909,4623.44574703635,11.121652126312256
72931,2,33880,0.6070477366447449,0.6176130756122156,0.0002,0.0935577005147934,4621.141370430858,11.121652126312256
72951,2,33900,0.5884891748428345,0.6176255811120114,0.0002,0.09412585943937302,4622.070571307716,11.121652126312256
72971,2,33920,0.6157374978065491,0.6176316006633983,0.0002,0.11703161150217056,4622.966632017323,11.121652126312256
72991,2,33940,0.5638231635093689,0.617621354870386,0.0002,0.09080163389444351,4623.824427576306,11.121652126312256
73011,2,33960,0.6960813403129578,0.6176243590465947,0.0002,0.11400643736124039,4624.706045004873,11.121652126312256
73031,2,33980,0.626908004283905,0.6176280684983473,0.0002,0.12078546732664108,4625.60601138638,11.121652126312256
73051,2,34000,0.6192333698272705,0.6176310126456541,0.0002,0.09891533851623535,4626.475459967599,11.121652126312256
73071,2,34020,0.6136571764945984,0.6176395211829371,0.0002,0.12173082679510117,4623.532459751976,11.121652126312256
73091,2,34040,0.674745500087738,0.6176391382334638,0.0002,0.11207354068756104,4624.174032528643,11.121652126312256
73111,2,34060,0.639904797077179,0.6176598525181538,0.0002,0.10595856606960297,4621.862850467351,11.121652126312256
73131,2,34080,0.585115373134613,0.6176692407165261,0.0002,0.10568581521511078,4619.551710187687,11.121652126312256
73151,2,34100,0.6317455172538757,0.6176688245186421,0.0002,0.09381560236215591,4620.465274059037,11.121652126312256
73171,2,34120,0.572624146938324,0.6176686149569132,0.0002,0.11594904959201813,4618.156909934355,11.121652126312256
73191,2,34140,0.5823607444763184,0.6176793702660851,0.0002,0.09456668049097061,4619.05773183874,11.121652126312256
73211,2,34160,0.5728311538696289,0.6176691030301178,0.0002,0.11457445472478867,4619.895893523087,11.121652126312256
73231,2,34180,0.6194596290588379,0.6176722407288432,0.0002,0.09128031879663467,4617.852269921861,11.121652126312256
73251,2,34200,0.5757625699043274,0.6176688894993031,0.0002,0.08683547377586365,4618.750641302091,11.121652126312256
73271,2,34220,0.6091548800468445,0.6176667537762341,0.0002,0.11367984116077423,4619.638721991261,11.121652126312256
73291,2,34240,0.5583802461624146,0.6176693426966271,0.0002,0.12070481479167938,4620.5291043416855,11.121652126312256
73311,2,34260,0.5734063982963562,0.6176724022919016,0.0002,0.09368111193180084,4621.409857230208,11.121652126312256
73331,2,34280,0.5701943635940552,0.6176766980352605,0.0002,0.09401321411132812,4622.310701364729,11.121652126312256
73351,2,34300,0.5965617895126343,0.6176760574713211,0.0002,0.15544359385967255,4620.116121880955,11.121652126312256
73371,2,34320,0.5389038324356079,0.6176707703456124,0.0002,0.15301786363124847,4621.027559986967,11.121652126312256
73391,2,34340,0.6823204159736633,0.6176712904830248,0.0002,0.11246743053197861,4621.932471143321,11.121652126312256
73411,2,34360,0.5600367784500122,0.617670084048545,0.0002,0.09394435584545135,4622.824730030692,11.121652126312256
73431,2,34380,0.5797237157821655,0.6176745245197398,0.0002,0.10527725517749786,4623.697658328476,11.121652126312256
73451,2,34400,0.5525525808334351,0.6176759319665233,0.0002,0.09796647727489471,4624.578354897073,11.121652126312256
73471,2,34420,0.5987789630889893,0.6176752198695518,0.0002,0.10121448338031769,4622.868164109691,11.121652126312256
73491,2,34440,0.5916014313697815,0.6176744912525529,0.0002,0.11825255304574966,4623.788460717796,11.121652126312256
73511,2,34460,0.588595986366272,0.617669994217531,0.0002,0.11066039651632309,4621.961607972509,11.121652126312256
73531,2,34480,0.5836681127548218,0.6176686413784022,0.0002,0.09399600327014923,4619.308186849686,11.121652126312256
73551,2,34500,0.5908360481262207,0.6176721454724112,0.0002,0.12262105196714401,4619.564743238476,11.121652126312256
73571,2,34520,0.6144673228263855,0.6176625758201054,0.0002,0.10330984741449356,4620.436494817165,11.121652126312256
73591,2,34540,0.6305134296417236,0.6176580080845404,0.0002,0.1498909443616867,4621.314138363509,11.121652126312256
73611,2,34560,0.5782095193862915,0.6176462892723836,0.0002,0.1432444155216217,4622.151113754201,11.121652126312256
73631,2,34580,0.5730515122413635,0.617639435795794,0.0002,0.12480887025594711,4623.034327554715,11.121652126312256
73651,2,34600,0.6609233617782593,0.6176416223015755,0.0002,0.1209692731499672,4620.379283575783,11.121652126312256
73671,2,34620,0.5931380987167358,0.6176299650144227,0.0002,0.1126655861735344,4621.23201092687,11.121652126312256
73691,2,34640,0.6003152132034302,0.6176246769942398,0.0002,0.0937652736902237,4622.10914117384,11.121652126312256
73711,2,34660,0.5894854068756104,0.6176218745497414,0.0002,0.14329029619693756,4622.97967231341,11.121652126312256
73731,2,34680,0.6305404305458069,0.6176132618233602,0.0002,0.09373985975980759,4623.852447574577,11.121652126312256
73751,2,34700,0.6199749112129211,0.6176056813214319,0.0002,0.10432542115449905,4621.744717956559,11.121652126312256
73771,2,34720,0.6613235473632812,0.6176046752360069,0.0002,0.1286071538925171,4622.635676922215,11.121652126312256
73791,2,34740,0.6145713925361633,0.6176081128386517,0.0002,0.09603146463632584,4623.517984756279,11.121652126312256
73811,2,34760,0.6388898491859436,0.6176137425684866,0.0002,0.10857747495174408,4624.3980328890075,11.121652126312256
73831,2,34780,0.5950809121131897,0.6176063122783408,0.0002,0.10961702466011047,4625.278736468436,11.121652126312256
73851,2,34800,0.5930964946746826,0.6175969021515475,0.0002,0.10211597383022308,4622.688777696735,11.121652126312256
73871,2,34820,0.5660778284072876,0.617596349714088,0.0002,0.09943722188472748,4620.490316024027,11.121652126312256
73891,2,34840,0.5953642129898071,0.6175994503291503,0.0002,0.10096418112516403,4621.391022828794,11.121652126312256
73911,2,34860,0.6199037432670593,0.6175989617668612,0.0002,0.09063694626092911,4622.237787846282,11.121652126312256
73931,2,34880,0.5476015210151672,0.6175972005824986,0.0002,0.1488628089427948,4620.267392415268,11.121652126312256
73951,2,34900,0.6016075015068054,0.6175918032498311,0.0002,0.09893611818552017,4620.648330766521,11.121652126312256
73971,2,34920,0.6455711126327515,0.6175884637371255,0.0002,0.10827254503965378,4621.4956139518945,11.121652126312256
73991,2,34940,0.6343364715576172,0.6175914773369031,0.0002,0.11730070412158966,4622.374365241211,11.121652126312256
74011,2,34960,0.5817626714706421,0.6175952802369151,0.0002,0.12010136991739273,4623.196214957619,11.121652126312256
74031,2,34980,0.6464624404907227,0.6175978194085009,0.0002,0.08725278824567795,4624.068511251394,11.121652126312256
74051,2,35000,0.5672925114631653,0.6175945539092499,0.0002,0.10789154469966888,4624.935631012455,11.121652126312256
74071,2,35020,0.5952587723731995,0.6175927278933444,0.0002,0.07825882732868195,4623.133923434126,11.121652126312256
74091,2,35040,0.5940321683883667,0.6175853273460892,0.0002,0.10278309136629105,4624.003414348219,11.121652126312256
74111,2,35060,0.6095501184463501,0.6175744036298919,0.0002,0.08362143486738205,4624.868913848757,11.121652126312256
74131,2,35080,0.6019957661628723,0.617576126486368,0.0002,0.0950084701180458,4625.692904067315,11.121652126312256
74151,2,35100,0.66066575050354,0.6175707514272089,0.0002,0.11595197767019272,4626.562528027449,11.121652126312256
74171,2,35120,0.5886049866676331,0.6175644367084574,0.0002,0.09808880090713501,4623.888838957296,11.121652126312256
74191,2,35140,0.6060879230499268,0.617560869142556,0.0002,0.09388051182031631,4624.769253622711,11.121652126312256
74211,2,35160,0.7135891914367676,0.6175600488835482,0.0002,0.14079402387142181,4625.635574561407,11.121652126312256
74231,2,35180,0.5905987024307251,0.6175614958186969,0.0002,0.09975376725196838,4626.500024598252,11.121652126312256
74251,2,35200,0.6230980157852173,0.6175605764677322,0.0002,0.10239565372467041,4627.326085957999,11.121652126312256
74271,2,35220,0.569526731967926,0.6175540523887372,0.0002,0.09710950404405594,4624.873579537245,11.121652126312256
74291,2,35240,0.6290579438209534,0.6175505128947,0.0002,0.10976236313581467,4625.751895788375,11.121652126312256
74311,2,35260,0.6122998595237732,0.6175547862124334,0.0002,0.09042999148368835,4623.435806212584,11.121652126312256
74331,2,35280,0.6461967825889587,0.6175540012663203,0.0002,0.09975409507751465,4618.0310515536985,11.121652126312256
74351,2,35300,0.6226365566253662,0.6175495723514387,0.0002,0.09936092048883438,4618.8874305317395,11.121652126312256
74371,2,35320,0.6362085938453674,0.6175429304261674,0.0002,0.0983641967177391,4616.439706149263,11.121652126312256
74391,2,35340,0.6027852296829224,0.6175393211838343,0.0002,0.09647396951913834,4617.19806457185,11.121652126312256
74411,2,35360,0.5971892476081848,0.6175374883358096,0.0002,0.09666842222213745,4618.054703516158,11.121652126312256
74431,2,35380,0.6388500928878784,0.6175246374725374,0.0002,0.1182899922132492,4615.396700572684,11.121652126312256
74451,2,35400,0.6190122961997986,0.6175278137381224,0.0002,0.09560619294643402,4616.281923342977,11.121652126312256
74471,2,35420,0.5642686486244202,0.6175263469156687,0.0002,0.11845352500677109,4617.086892243769,11.121652126312256
74491,2,35440,0.6858339905738831,0.6175283063242101,0.0002,0.1436687707901001,4617.933461757243,11.121652126312256
74511,2,35460,0.6791016459465027,0.6175270355854136,0.0002,0.145258828997612,4618.791168589402,11.121652126312256
74531,2,35480,0.6662750840187073,0.617526915904301,0.0002,0.10509005188941956,4619.609740529537,11.121652126312256
74551,2,35500,0.6220437288284302,0.6175270637815325,0.0002,0.15353891253471375,4620.424348699545,11.121652126312256
74571,2,35520,0.6603197455406189,0.6175318080371662,0.0002,0.12434356659650803,4618.2447354031,11.121652126312256
74591,2,35540,0.5637266635894775,0.6175402724115027,0.0002,0.11014486104249954,4619.114878797411,11.121652126312256
74611,2,35560,0.6464870572090149,0.6175467542217663,0.0002,0.12250184267759323,4619.944467428181,11.121652126312256
74631,2,35580,0.6600078344345093,0.6175524167084501,0.0002,0.08400926738977432,4620.763179518622,11.121652126312256
74651,2,35600,0.5689312219619751,0.6175519247456985,0.0002,0.13503049314022064,4621.568895916302,11.121652126312256
74671,2,35620,0.5776880383491516,0.6175605692621108,0.0002,0.1129937395453453,4622.416710475261,11.121652126312256
74691,2,35640,0.5973964333534241,0.6175660195751389,0.0002,0.15249110758304596,4620.24590085911,11.121652126312256
74711,2,35660,0.6303284168243408,0.6175644158924855,0.0002,0.11692209541797638,4618.098153165287,11.121652126312256
74731,2,35680,0.6512659788131714,0.6175719077960441,0.0002,0.11809376627206802,4618.977401407653,11.121652126312256
74751,2,35700,0.6391191482543945,0.6175714395348323,0.0002,0.15722034871578217,4616.303068305956,11.121652126312256
74771,2,35720,0.6897353529930115,0.6175748712659833,0.0002,0.11769408732652664,4614.285963419755,11.121652126312256
74791,2,35740,0.5386237502098083,0.6175708131039022,0.0002,0.11501731723546982,4615.124173223942,11.121652126312256
74811,2,35760,0.6018113493919373,0.6175644877986306,0.0002,0.09941549599170685,4615.98422573466,11.121652126312256
74831,2,35780,0.596575140953064,0.6175667165477954,0.0002,0.09162267297506332,4616.835435683787,11.121652126312256
74851,2,35800,0.645275890827179,0.6175701882922995,0.0002,0.1039368212223053,4617.686107765815,11.121652126312256
74871,2,35820,0.6086466312408447,0.6175739989679623,0.0002,0.11632981896400452,4615.879221773595,11.121652126312256
74891,2,35840,0.6310707926750183,0.6175744729789837,0.0002,0.09906716644763947,4616.733794837064,11.121652126312256
74911,2,35860,0.5476914048194885,0.6175742674235075,0.0002,0.09665057063102722,4617.576552934397,11.121652126312256
74931,2,35880,0.5462067127227783,0.6175781718007485,0.0002,0.09090012311935425,4618.392025499979,11.121652126312256
74951,2,35900,0.6397697329521179,0.6175724768381375,0.0002,0.11593325436115265,4619.235450639345,11.121652126312256
74971,2,35920,0.5502355694770813,0.6175728447488136,0.0002,0.13965953886508942,4620.081318842818,11.121652126312256
74991,2,35940,0.6341475248336792,0.6175690965333037,0.0002,0.11930961906909943,4617.8222030266825,11.121652126312256
75011,2,35960,0.6142306923866272,0.6175668393887593,0.0002,0.1025698333978653,4618.665986200121,11.121652126312256
75031,2,35980,0.6189614534378052,0.6175659346954454,0.0002,0.0899018868803978,4619.523751536456,11.121652126312256
75051,2,36000,0.6995310187339783,0.617578301906873,0.0002,0.10465176403522491,4620.337003861585,11.121652126312256
75071,2,36020,0.5798964500427246,0.6175781291732374,0.0002,0.09535537660121918,4620.513099986702,11.121652126312256
75091,2,36040,0.6521358489990234,0.617582301445812,0.0002,0.11260858923196793,4621.360871704842,11.121652126312256
75111,2,36060,0.5845952033996582,0.617582893586059,0.0002,0.09521026909351349,4619.902628846409,11.121652126312256
75131,2,36080,0.6512518525123596,0.6175849592731362,0.0002,0.13307565450668335,4619.157691145189,11.121652126312256
75151,2,36100,0.5494282841682434,0.6175871241853043,0.0002,0.1263045072555542,4616.508766115562,11.121652126312256
75171,2,36120,0.6497637033462524,0.6175814431975202,0.0002,0.1192931979894638,4617.352125212882,11.121652126312256
75191,2,36140,0.5769820809364319,0.6175841883010208,0.0002,0.09220397472381592,4615.348647328832,11.121652126312256
75211,2,36160,0.669064462184906,0.6175808524033302,0.0002,0.12824681401252747,4616.199306512908,11.121652126312256
75231,2,36180,0.5877845287322998,0.6175839695490045,0.0002,0.10636823624372482,4617.040000693528,11.121652126312256
75251,2,36200,0.5912395119667053,0.6175823467613918,0.0002,0.09628423303365707,4617.8921120889745,11.121652126312256
75271,2,36220,0.552567183971405,0.6175819753402982,0.0002,0.10493084788322449,4615.888718209556,11.121652126312256
75291,2,36240,0.6320915818214417,0.6175890709948929,0.0002,0.09593279659748077,4616.698676467476,11.121652126312256
75311,2,36260,0.6395109295845032,0.6175919256807112,0.0002,0.09974396973848343,4617.536282136364,11.121652126312256
75331,2,36280,0.6122265458106995,0.6176009691146803,0.0002,0.09319570660591125,4618.392045975556,11.121652126312256
75351,2,36300,0.598663866519928,0.617599361972973,0.0002,0.10652021318674088,4619.248894239298,11.121652126312256
75371,2,36320,0.6144549250602722,0.6176003446855627,0.0002,0.08769486844539642,4620.0931347595115,11.121652126312256
75391,2,36340,0.6277144551277161,0.6176072592923444,0.0002,0.10378032922744751,4620.933605705686,11.121652126312256
75411,2,36360,0.5607889294624329,0.6176099691950885,0.0002,0.10121971368789673,4618.7671815243975,11.121652126312256
75431,2,36380,0.6171760559082031,0.6176058722385648,0.0002,0.09951088577508926,4619.609742969386,11.121652126312256
75451,2,36400,0.6142833232879639,0.6176087166831321,0.0002,0.13366670906543732,4620.451943967944,11.121652126312256
75471,2,36420,0.5927823781967163,0.6176149976274296,0.0002,0.09049969911575317,4621.288417267389,11.121652126312256
75491,2,36440,0.636665940284729,0.617620752259007,0.0002,0.13932950794696808,4618.837227143115,11.121652126312256
75511,2,36460,0.6604018211364746,0.6176186661708865,0.0002,0.10234379023313522,4619.672373378372,11.121652126312256
75531,2,36480,0.6778311729431152,0.617634266151036,0.0002,0.11840228736400604,4620.522444533836,11.121652126312256
75551,2,36500,0.5584022402763367,0.6176335580937492,0.0002,0.10890766978263855,4618.302296001322,11.121652126312256
75571,2,36520,0.6691122055053711,0.6176355101597554,0.0002,0.1289016753435135,4615.730226472978,11.121652126312256
75591,2,36540,0.626636803150177,0.6176452806481949,0.0002,0.12360905855894089,4613.806067669805,11.121652126312256
75611,2,36560,0.6179682612419128,0.6176476395408192,0.0002,0.12336626648902893,4614.645330781308,11.121652126312256
75631,2,36580,0.5910904407501221,0.6176477992611534,0.0002,0.10244692116975784,4615.481803770418,11.121652126312256
75651,2,36600,0.5795100331306458,0.6176505276845524,0.0002,0.13476000726222992,4616.330090007067,11.121652126312256
75671,2,36620,0.628826916217804,0.6176520898233464,0.0002,0.1185482069849968,4614.271061558922,11.121652126312256
75691,2,36640,0.6260259747505188,0.6176487876643275,0.0002,0.10170364379882812,4615.134429635201,11.121652126312256
75711,2,36660,0.631830096244812,0.6176470873382351,0.0002,0.11028491705656052,4615.983903667358,11.121652126312256
75731,2,36680,0.590859591960907,0.6176491188828119,0.0002,0.11253270506858826,4616.8351916755455,11.121652126312256
75751,2,36700,0.605556070804596,0.6176567707484859,0.0002,0.10126607865095139,4617.662612432582,11.121652126312256
75771,2,36720,0.5907179117202759,0.6176621636376373,0.0002,0.10455740988254547,4618.498491119996,11.121652126312256
75791,2,36740,0.6274990439414978,0.6176601374633367,0.0002,0.10560501366853714,4619.3421572425705,11.121652126312256
75811,2,36760,0.604335606098175,0.617665507961265,0.0002,0.082698754966259,4620.187224030967,11.121652126312256
75831,2,36780,0.6902612447738647,0.617668218108041,0.0002,0.09509623795747757,4617.937247710938,11.121652126312256
75851,2,36800,0.6061341166496277,0.617665832147188,0.0002,0.08711959421634674,4618.775738380747,11.121652126312256
75871,2,36820,0.5517479777336121,0.6176610287994305,0.0002,0.13464833796024323,4619.6225421808285,11.121652126312256
75891,2,36840,0.6074113249778748,0.61766960097519,0.0002,0.11537563055753708,4620.450387552324,11.121652126312256
75911,2,36860,0.5674711465835571,0.6176681455996978,0.0002,0.08267652988433838,4618.854739336779,11.121652126312256
75931,2,36880,0.6232890486717224,0.6176784672659243,0.0002,0.12258999794721603,4619.696377196789,11.121652126312256
75951,2,36900,0.5946815609931946,0.6176669903685663,0.0002,0.12668542563915253,4617.766602173603,11.121652126312256
75971,2,36920,0.6205936074256897,0.6176602070487663,0.0002,0.10925942659378052,4615.323076048417,11.121652126312256
75991,2,36940,0.543047308921814,0.6176543549324096,0.0002,0.09329741448163986,4616.1000530537285,11.121652126312256
76011,2,36960,0.573988676071167,0.6176543019144594,0.0002,0.10583405941724777,4614.091015312291,11.121652126312256
76031,2,36980,0.5363563895225525,0.6176440197913567,0.0002,0.10462185740470886,4614.919717079463,11.121652126312256
76051,2,37000,0.6863367557525635,0.6176466190607733,0.0002,0.11364567279815674,4615.757416922785,11.121652126312256
76071,2,37020,0.6238040924072266,0.6176388750936783,0.0002,0.127450630068779,4615.152507540396,11.121652126312256
76091,2,37040,0.6555978655815125,0.6176433892126146,0.0002,0.09831587225198746,4614.450174502543,11.121652126312256
76111,2,37060,0.5391379594802856,0.6176350028538062,0.0002,0.1202361211180687,4615.266479003982,11.121652126312256
76131,2,37080,0.5705723762512207,0.6176292993101987,0.0002,0.0829940140247345,4616.101797637518,11.121652126312256
76151,2,37100,0.5558384656906128,0.6176260080258698,0.0002,0.11743739992380142,4616.929617691027,11.121652126312256
76171,2,37120,0.56699538230896,0.6176225533263022,0.0002,0.10315878689289093,4617.763900963871,11.121652126312256
76191,2,37140,0.5912566184997559,0.6176121005831328,0.0002,0.11329685151576996,4618.583989337892,11.121652126312256
76211,2,37160,0.5913369059562683,0.6176064286381844,0.0002,0.10210169851779938,4619.380707812761,11.121652126312256
76231,2,37180,0.5976821780204773,0.6176027364011246,0.0002,0.0962139368057251,4620.2060884718285,11.121652126312256
76251,2,37200,0.5908832550048828,0.6175938689124382,0.0002,0.09582805633544922,4618.023552597408,11.121652126312256
76271,2,37220,0.755092978477478,0.6175926680270538,0.0002,0.11289388686418533,4615.754971258764,11.121652126312256
76291,2,37240,0.645236611366272,0.6175875515502425,0.0002,0.1279129683971405,4616.595081948362,11.121652126312256
76311,2,37260,0.5867360234260559,0.6175806524418024,0.0002,0.11727873980998993,4617.422872177733,11.121652126312256
76331,2,37280,0.5979347825050354,0.6175805604559427,0.0002,0.12353352457284927,4614.679278401128,11.121652126312256
76351,2,37300,0.6006713509559631,0.6175783074807112,0.0002,0.09601755440235138,4615.49344566495,11.121652126312256
76371,2,37320,0.6360875964164734,0.617575423133951,0.0002,0.09790494292974472,4613.415867351303,11.121652126312256
76391,2,37340,0.7069982886314392,0.6175822822484467,0.0002,0.09116072952747345,4610.942690184882,11.121652126312256
76411,2,37360,0.5702512264251709,0.6175772805309448,0.0002,0.10757710784673691,4611.757153061484,11.121652126312256
76431,2,37380,0.615638017654419,0.617575403491423,0.0002,0.1463131308555603,4609.901838868405,11.121652126312256
76451,2,37400,0.5946683883666992,0.6175803689910028,0.0002,0.10820372402667999,4610.724768865715,11.121652126312256
76471,2,37420,0.5913881659507751,0.6175880466784355,0.0002,0.0893324464559555,4608.518861318825,11.121652126312256
76491,2,37440,0.5706941485404968,0.6175856423028139,0.0002,0.08566363155841827,4609.3358963526625,11.121652126312256
76511,2,37460,0.5807236433029175,0.6175870151318447,0.0002,0.10512039810419083,4610.161741847975,11.121652126312256
76531,2,37480,0.6121937036514282,0.6175839761971931,0.0002,0.11715742200613022,4610.988815202582,11.121652126312256
76551,2,37500,0.6244744658470154,0.6175794873786367,0.0002,0.08688046038150787,4611.789054598083,11.121652126312256
76571,2,37520,0.6813668012619019,0.6175861909568194,0.0002,0.09660450369119644,4612.601966728321,11.121652126312256
76591,2,37540,0.6054254770278931,0.6175880498077108,0.0002,0.11451194435358047,4613.418475980545,11.121652126312256
76611,2,37560,0.5435575246810913,0.6175777306778651,0.0002,0.07967168092727661,4614.19740410149,11.121652126312256
76631,2,37580,0.6331046223640442,0.6175834247905853,0.0002,0.105475515127182,4615.014565561818,11.121652126312256
76651,2,37600,0.7392162680625916,0.617587127124859,0.0002,0.0911346822977066,4615.823131189431,11.121652126312256
76671,2,37620,0.5464490652084351,0.6175806394873921,0.0002,0.1549527496099472,4613.5872285646465,11.121652126312256
76691,2,37640,0.6142520308494568,0.6175836706921294,0.0002,0.12888656556606293,4614.0418482339865,11.121652126312256
76711,2,37660,0.645226001739502,0.6175865299024299,0.0002,0.14886312186717987,4612.532713310158,11.121652126312256
76731,2,37680,0.5803968906402588,0.61759238974395,0.0002,0.12300507724285126,4613.36388991455,11.121652126312256
76751,2,37700,0.6582983732223511,0.6175951601884757,0.0002,0.11647068709135056,4611.053962010294,11.121652126312256
76771,2,37720,0.5884630084037781,0.6175989784443418,0.0002,0.08458482474088669,4609.115404716984,11.121652126312256
76791,2,37740,0.6206398010253906,0.6176080099071571,0.0002,0.12954045832157135,4609.963255139578,11.121652126312256
76811,2,37760,0.6304969787597656,0.6176032322165131,0.0002,0.12306921929121017,4608.032746978069,11.121652126312256
76831,2,37780,0.5847008228302002,0.6175965931207019,0.0002,0.09074568748474121,4606.034799172398,11.121652126312256
76851,2,37800,0.6583255529403687,0.6175891943583763,0.0002,0.1621372550725937,4606.87275113329,11.121652126312256
76871,2,37820,0.5793367624282837,0.617589911726167,0.0002,0.11912824958562851,4604.643092164351,11.121652126312256
76891,2,37840,0.6291794180870056,0.6175842317967127,0.0002,0.09600749611854553,4605.4827511374615,11.121652126312256
76911,2,37860,0.6774768233299255,0.6175856609463213,0.0002,0.12279823422431946,4606.306379959687,11.121652126312256
76931,2,37880,0.7146045565605164,0.6175895729419857,0.0002,0.09946682304143906,4607.124437100714,11.121652126312256
76951,2,37900,0.7658342719078064,0.6175882080204205,0.0002,0.12987877428531647,4607.942335932137,11.121652126312256
76971,2,37920,0.636930525302887,0.6175876219620259,0.0002,0.09723269194364548,4608.747321280673,11.121652126312256
76991,2,37940,0.5786958336830139,0.6175813824863091,0.0002,0.12163900583982468,4609.561572522073,11.121652126312256
77011,2,37960,0.6095069646835327,0.6175792493736572,0.0002,0.09432379901409149,4610.376694454018,11.121652126312256
77031,2,37980,0.6018756628036499,0.6175767883946266,0.0002,0.09245896339416504,4611.164271494441,11.121652126312256
77051,2,38000,0.6614739894866943,0.6175791241549506,0.0002,0.10767903178930283,4611.987826982487,11.121652126312256
77071,2,38020,0.6272043585777283,0.6175749926093521,0.0002,0.09948460012674332,4612.173111029401,11.121652126312256
77091,2,38040,0.6037793755531311,0.6175693300532628,0.0002,0.1488487720489502,4610.167552700537,11.121652126312256
77111,2,38060,0.6931678652763367,0.6175753441932219,0.0002,0.13349315524101257,4608.38591656447,11.121652126312256
77131,2,38080,0.5500311851501465,0.6175748796029548,0.0002,0.12146293371915817,4609.205984170946,11.121652126312256
77151,2,38100,0.6071639060974121,0.6175696752829135,0.0002,0.10181621462106705,4606.385840168682,11.121652126312256
77171,2,38120,0.5352416634559631,0.6175705647283845,0.0002,0.09036100655794144,4604.044904809411,11.121652126312256
77191,2,38140,0.6353680491447449,0.6175741651972066,0.0002,0.09102120995521545,4604.8784825912835,11.121652126312256
77211,2,38160,0.6138044595718384,0.6175791569745566,0.0002,0.10884058475494385,4602.870434386293,11.121652126312256
77231,2,38180,0.6291705369949341,0.6175818075996427,0.0002,0.12108644098043442,4600.753714675946,11.121652126312256
77251,2,38200,0.6514223217964172,0.6175789083123593,0.0002,0.09306486696004868,4601.592509550602,11.121652126312256
77271,2,38220,0.6073213815689087,0.6175765406206859,0.0002,0.14544743299484253,4602.345880601156,11.121652126312256
77291,2,38240,0.5863831639289856,0.6175787122405615,0.0002,0.09283823519945145,4599.747400038146,11.121652126312256
77311,2,38260,0.5519933700561523,0.617576135158017,0.0002,0.12453581392765045,4600.56770949215,11.121652126312256
77331,2,38280,0.7112352252006531,0.6175802423732568,0.0002,0.14430437982082367,4601.382973585074,11.121652126312256
77351,2,38300,0.6295477151870728,0.6175867410280721,0.0002,0.11899122595787048,4602.186026597813,11.121652126312256
77371,2,38320,0.645912230014801,0.6175966154275301,0.0002,0.095234714448452,4602.991115183192,11.121652126312256
77391,2,38340,0.6181145310401917,0.6175995691736441,0.0002,0.1060895249247551,4603.786101574716,11.121652126312256
77411,2,38360,0.6096870303153992,0.6176069397227062,0.0002,0.101130910217762,4604.557795334022,11.121652126312256
77431,2,38380,0.5774759650230408,0.6176115570583592,0.0002,0.09719192236661911,4605.3669186160005,11.121652126312256
77451,2,38400,0.6061018705368042,0.6176098843893058,0.0002,0.10316191613674164,4606.179885515319,11.121652126312256
77471,2,38420,0.6663520932197571,0.6176106640895669,0.0002,0.10449088364839554,4606.987223696065,11.121652126312256
77491,2,38440,0.6493759155273438,0.6176258205523715,0.0002,0.09746744483709335,4604.391684143677,11.121652126312256
77511,2,38460,0.6620128750801086,0.6176350794961846,0.0002,0.12216226756572723,4602.555541964149,11.121652126312256
77531,2,38480,0.6883542537689209,0.6176406767580885,0.0002,0.10402039438486099,4603.332689837391,11.121652126312256
77551,2,38500,0.6066606044769287,0.6176400560011843,0.0002,0.10573865473270416,4604.120798043491,11.121652126312256
77571,2,38520,0.6430630683898926,0.6176424205467317,0.0002,0.08894988894462585,4601.935422870462,11.121652126312256
77591,2,38540,0.5882153511047363,0.6176360964810924,0.0002,0.11233394593000412,4602.490333550185,11.121652126312256
77611,2,38560,0.6639871597290039,0.6176364944103733,0.0002,0.1224767342209816,4603.289308031171,11.121652126312256
77631,2,38580,0.6261011362075806,0.6176298538386953,0.0002,0.116878442466259,4601.113838190461,11.121652126312256
77651,2,38600,0.6514110565185547,0.6176228562169926,0.0002,0.10689007490873337,4599.309520671062,11.121652126312256
77671,2,38620,0.6271811723709106,0.617629633348793,0.0002,0.12745478749275208,4600.090494298482,11.121652126312256
77691,2,38640,0.606330394744873,0.6176247752690655,0.0002,0.107803113758564,4600.901682287618,11.121652126312256
77711,2,38660,0.6051980257034302,0.6176262691235562,0.0002,0.09814958274364471,4598.828520863268,11.121652126312256
77731,2,38680,0.62462317943573,0.6176266196146336,0.0002,0.09751538932323456,4599.634564829464,11.121652126312256
77751,2,38700,0.5660203695297241,0.6176323613137019,0.0002,0.08747967332601547,4600.433876592534,11.121652126312256
77771,2,38720,0.5744954347610474,0.6176308519680322,0.0002,0.09559089690446854,4601.235941756203,11.121652126312256
77791,2,38740,0.6084883809089661,0.6176336659327121,0.0002,0.0903250202536583,4602.032375636446,11.121652126312256
77811,2,38760,0.6236725449562073,0.6176400990245483,0.0002,0.16515450179576874,4602.807816202241,11.121652126312256
77831,2,38780,0.6433397531509399,0.6176407416668185,0.0002,0.09978390485048294,4603.606266166901,11.121652126312256
77851,2,38800,0.5974453091621399,0.6176387884480877,0.0002,0.1199779063463211,4604.412082529679,11.121652126312256
77871,2,38820,0.5815337300300598,0.6176363399139171,0.0002,0.12351477146148682,4605.196847974805,11.121652126312256
77891,2,38840,0.6523708701133728,0.6176445037287204,0.0002,0.1619512140750885,4605.994926788129,11.121652126312256
77911,2,38860,0.6162363290786743,0.6176445028221053,0.0002,0.08079113811254501,4605.505579111301,11.121652126312256
77931,2,38880,0.5927814841270447,0.617644910637284,0.0002,0.12418463081121445,4604.558697730522,11.121652126312256
77951,2,38900,0.5691364407539368,0.6176496777149352,0.0002,0.09723635762929916,4605.352166036795,11.121652126312256
77971,2,38920,0.5755712389945984,0.6176494714644108,0.0002,0.10801197588443756,4606.140337129227,11.121652126312256
77991,2,38940,0.662100076675415,0.6176462826017924,0.0002,0.09748528152704239,4606.827161425713,11.121652126312256
78011,2,38960,0.6108294725418091,0.6176380097027134,0.0002,0.10691238939762115,4607.587882261477,11.121652126312256
78031,2,38980,0.6297715902328491,0.6176398784031956,0.0002,0.09179791063070297,4608.320324952447,11.121652126312256
78051,2,39000,0.6049013733863831,0.6176341794342778,0.0002,0.15617823600769043,4608.926624648139,11.121652126312256
78071,2,39020,0.6453036665916443,0.6176240099326907,0.0002,0.10672036558389664,4608.899352797096,11.121652126312256
78091,2,39040,0.6002359986305237,0.6176102669821208,0.0002,0.09802144765853882,4609.261045870156,11.121652126312256
